en	lin
Where were these photos taken?	Bakangaki bilili oyo wapi ?
Take one four times a day, after meals.	Kamataka yango moko mbala minei na mokolo, nsima ya koliya
I need someone to talk to.	Nasengeli na moto moko nasolola naye.
He broke the law.	Abuki mobeko.
Was the door closed?	Ekuke ekangamaki ?
I enjoy chess.	Nandimaka makweyi.
I asked him his name.	Natunaki ye nkombo na ye.
Give someone else a chance.	Pesa libaku lilamu epai ya moto mususu.
The book I bought is on the table.	Buku nasombaki ezali likolo ya mesa.
My computer stopped working a few days ago.	Ordinateur na ngai ezali kosala lisusu te eleki mwa mikolo.
Tom doesn't know where he was born.	Tom ayebi esika abotama te.
We all need to learn to deal with this situation.	Tosengeli biso banso koyekola kolonga likambo oyo.
Are there any plants you're allergic to?	Ezali na boko milona miboyaka nzoto na yo ?
How can I choose a fresh fish?	Motindo kani nakoki kopona mbisi ya mai ?
Bring me his head.	Memela ngai moto na ye.
You can do whatever you like.	Bokoki kosala oyo nyonso bolingi.
Take your pills!	Kamata kisi na yo !
He's a tennis player.	Azali mobeti ya lisano ya tennis.
His father works at the bank.	Tata na ye asalaka na banke.
He is truly heartless.	Ye mpenza azanga mawa.
I have no complaints.	Naza na mitungisi te.
I must apologize to Mabiala.	Nasengeli kosenga Mabiala bolimbisi.
I'm seriously thinking about moving to Boston.	Naza kokanisa kokende na Boston.
Your friendship matters.	Boninga na yo ezali ya motuya.
I still think we should have invited Tom to come with us.	Nabanzi ete esengelaki tobengisa Tom  aya elongo na biso.
He isn't worthy of you.	Elongobani na yo te.
I dreamed of becoming a model.	Mposa na ngai ezalaka ete nakoma maneke (momekiseli ya bilamba).
She's only a few years older than me.	Aleki ngai bobele na ndambo ya mibu.
Understanding people is the most powerful weapon you can hold.	Boyokani ya bato yango nde mondoki ya makasi oyo bokoki kosimba.
I have nothing better to do.	Nazali na eloko mosusu ya malamu koleka te mpo nakosala.
Don't scream, or you're dead.	Koganga te, soki te okokufa.
Mabiala only did it once.	Mabiala asalaki yango kaka mbala moko.
We've known each other for a long time.	Toyebanaki uta kala.
In my family, no one is able to do it.	Na libota lya gai, moto moko te akoki kosala yango.
We traveled across the whole country.	Tosalaki mobembo na mboka mobimba.
I was given the choice between tea and coffee.	Batunaki ngai namela tii to kafe.
Thomas has a photo of his family on his desk.	Thomas azali na elili ya libota na ye na bilo na ye.
You get used to anything.	Tomisalisaka na nyonso.
I don't think anyone really understands me.	Nabanzi ete moto moko te asosoli ngai malamu mpenza.
I'm starting to understand.	Nabandi kososola.
You heard a noise behind you.	Oyokaki makelele moko na sima na yo.
You made that mistake on purpose, didn't you?	Osalaki libunga wana na nkoo, boye te?
Why did you cry?	Olelaki mpo na nini?
We had our reasons.	Tozalaki na ntina na biso.
You must call Mabiala immediately.	Osengeli kobenga Mabiala sikawa.
It's already summer.	Tosili kokota na elanga.
This isn't a sham.	Eza soni te.
Mabiala didn't pay me as much as he promised.	Mabiala afutaki ngai te lokola alakaki.
They can't see me.	Bakoki komona ngai te.
Enjoy the evening at the ball.	Zwa litomba na limpati ya nteke.
Ancient coins were found inside the mysterious tomb.	Misolo ya kalakala emonanaki na kati ya nkunda ya kokamwa.
My father took me to the movies last night.	Tata amemaki ngai na sinema lobi loleki na mpokwa.
You can choose the book you like.	Okoki kopona buku oyo olingi.
You are a good student.	Ozali moyekoli malamu.
How many did you get?	Ozwaki yango boni?
Please stay on the line.	Tikala na nzela ya nsinga, tosengi na yo.
We're leaving now.	Tozali kokende sikawa.
We haven't planned our vacation yet.	Tobongisi naino te bopemi na biso.
Sunshine makes all the difference.	  Moyi esalaka bokeseni na nyoso.
How do we do this?	Tosala yango ndenge nini?
You must turn in the reports on Monday.	Osengeli kozongisa ndimbola mokolo ya mosala moko.
I know you care about Tom.	Nayebi ete ozali komitungisa mpo na Tom.
I would do the same.	Nakosala nse bongo.
He soon grew tired.	Ewumelaki te alembaki.
You have to try this.	Osengeli komeka oyo.
I lowered myself to his level.	Namikitisaki tii na nivo na ye.
He likes games of chance.	Alingaka masano ya konzo.
She lied to me.	Akosaki ngai.
We elected him mayor.	Toponaki ye moyangeli ya engumba.
We're almost done for today.	Tokomi kosilisa mpo na lelo.
I became friends with Tom.	Nakomi moninga ya Tom.
You've never been to Paris?	Naino okenda na  Paris te?
When is the party?	Ntango nini nteke esalamaki ?
I have to have lunch with him.	Nasengeli koliya na ye elongo na ntongo.
I prefer English.	Naponi monoko ya angele.
He's worried about the exam results.	Azali komitungisa mpo na biyano ya ekizame.
She is proud of being beautiful.	Azali na lolendo ya kozala kitoko.
Father often read detective novels in his free time.	Tata azalaki na momesano ya kotanga buku polisi  mpo na kolekisa ntango.
Pour yourself a drink!	Mitiyela masanga !
It arrived this morning for you.	Ekomaki na ntongo oyo mpo na bino.
The towel wasn't useful at all.	Lisume ezalaki mpenza na ntina te.
It's better than the movie.	Eleki film na kitoko.
They'll help you warm up.	Bakosunga bino mpo na kozwa molunge.
That could have serious consequences.	Yango ekoki kozala na mbano ya makasi mingi.
I'd really rather not know.	Nakosepela mpenza te koyeba yango.
Who's in charge here?	Nani mokambi awa?
You have a phone at home.	Ozali na telefone epai na yo.
I guess not.	Nabanzi te.
He sometimes gets angry for no reason.	Asilikaka ntango mosusu mpamba.
This hasn't been done before.	Naino esalema liboso te.
Marie was defending herself.	Marie azalaki komilongisa.
You were hurrying.	Ozalaki kowelisa.
Let's eat out tonight.	Na mpokwa ya lelo, tokende koliya libanda.
Dan was deeply troubled by Linda's death.	Dan atungisamaki mingi na liwa ya Linda.
Did you want to talk to me about freedom?	Olingaki koloba na ngai mpo na bonsomi ?
We are busy men.	Tozali mibali ya misala mingi.
You fell for him, didn't you?	Olangwe ye, boye te?
Do you miss your wife?	Ozali na mposa ya mwasi na yo?
It's a Spanish book.	Ezali buka ya ba esipanyole.
It's wrong to tell a lie.	Kobuka lokuta ezali mabe.
When did you start learning English?	Uta ntango nini obandaki koyekola lokoto ya angele ?
Tom bought a camera like yours.	Tom asombi esaleli ya foto lokola oyo ya yo.
Our city still doesn't have running water.	Engumba na biso ezwi naino mayi ya malamu te.
Don't bite your nails.	Koliyaliya manzaka na yo te.
She arrived running, her eyes shining.	Ayaki na lombangu mpenza, miso mazalaki kongenga.
Tom will be happy to see you again.	Tom akosepela  komona yo lisusu.
I'll give you everything you want.	Nakopesa yo nyonso oyo olingi.
I missed my train.	Nazangaki engbunduka.
I bought these flowers for you.	Nasombeli yo ba fololo oyo.
She's as old as the devil's grandmother.	Asili kokoma mobange lokola koko ya zabulu.
I agree with you.	Nandimi makanisi na yo.
Me neither.	Ngai mpe te.
Have you ever kissed another girl?	Osila koyamba elenge mwasi mosusu ?
The man was too fat to move by himself.	Moto yango azalaki monene mingi mpo na kotambola ye moko.
My sister is a genius!	Ndeko na ngai ya mwasi azali na mayele mingi !
We grew closer every day.	Tozalaka kopusana mokolo na mokolo.
He took a pen in his hand.	Akamataki ekomeli na loboko na ye.
He who says A must also say B.	Moto oyo alobi A asengeli mpe aloba B.
Does this bus go to the station?	Motuka oyo ezali kokende na gare ?
Didn't you know that?	Boyebaki yango te?
God created him.	Nzambe akela ye.
Revenge is a dish best served cold.	Kobukanisa ezali bileyi oyo eliyamaka ntango ekomi malili.
You're bothering me.	Bozali kotungisa ngai.
He left.	Akei.
Fish, please.	Yaka na mbisi, soki osepeli.
They were born a month apart in 1970.	Bakeseni na sanza moko ya mbotama na bango na mobu 1970.
We're not lost.	Tobungi te.
I can't tell him apart from his brother.	Nayebi kokesanisa ye na ndeko na ye ya mobali te.
I'm out of here.	Nakeyi.
Too much has been said about this marriage.	Tosololi mingi na ntina ya libala oyo.
I'll ask him tomorrow.	Nakosenga ye lobi.
Father went fishing.	Tata akei koloba mbisi.
Are you sure of that?	Ozali na elikya na yango ?
I tied my dog to a tree in the garden.	Nakangisa mbwa na ngai na nzete moko na kati ya elanga.
I thought I was dying.	Nakanisaki ete nazalaki kokufa.
There are no limits to the universe.	Ndelo ezalaka na molongo mobimba te.
I'd better go too.	Nakosala malamu ngai mpe nakende.
This office is different from the one I ordered.	Bilo oyo ekesini na oyo ngai nasengaki.
He is abroad.	Azali na mboka ya bapaya.
Education is important.	Koyekola ezali na motuya.
Tom was very reliable.	Tom azali moto okoki kotiyela motema.
What does that mean?	Yango elingi koloba nini?
It seems the question was too easy for you. Next time, I'll have to make one a bit harder.	Ezalaki komonana lokola motuna ezalaki mpete mingi mpo na yo. Mbala ya nsima, nakosengela kosala moko oyo ezali mwa makasi.
She'll be back in less than ten minutes.	Akozonga yambo ba minuti zomi ekoka.
Is there a museum in this city?	Mize moko ezali na engumba oyo?
You're lucky no one saw you do that.	Ozali moto ya libaku malamu ndenge moto moko te amoni yo.
Tom helped his son get dressed.	Tom asungaki mwana na ye mpo alata bilamba.
I thought my head was going to explode.	Nakanisaki ete moto mwa ngai  ekopasuka.
It's a big day.	Ezali mokolo monene.
Don't take yourself so seriously!	Komizwa na eyongi mingi te!
They got married and had many children.	Babalanaki mpe babotaki bana mingi.
I shouldn't have gone to see Tom.	Nasengelaki kokende kotala Tom te.
They went on a trip.	Bakendaki mobembo.
She said she'd call you later.	Alobi ete akobengayo nsima.
I know you're not afraid.	Nayebi ete ozali kobanga te.
She's very afraid of dogs.	Abangaka mbwa makasi.
I'll wait here until he comes back.	Nakozela awa kino akozonga.
I'm sure I've seen him somewhere before.	Nandimi ete nasila komona ye esika moko.
May I borrow your pen?	Nakoki kodefa ekomeli na yo?
I drank the coffee.	Namelaki café.
It's not good to keep making the same old products, year after year.	Ezali malamu te kosalaka kaka biloko moko ya kala mbula na mbula.
I study very diligently.	Nazali kotanga na molende mingi.
Tom has a house with a pool.	Ndako ya Tom ezali na liziba.
We are aware of the risks.	Toyebi malamu ete makama mazali.
It's supposed to rain tomorrow.	Mbula esengelaki konoka lobi.
Close your eyes for a moment and look for the answer.	Kanga miso mwa moke mpe luka eyano.
I'm aware of it.	Nayebi.
He was carrying a big box in his arms.	Amemaki sanduku moko ya monene na maboko na ye.
He left his team because he didn't get along with the coach.	Alongwaki ekipi na ye mpo azalaki koyokana na molakisi te.
Goodbye!	Olele!
Tom wears glasses.	Tom alati maneti.
I know it's not true.	Nayebi ete ezali solo te.
You shouldn't argue with a woman when she's tired.	Koswanaka na mwasi te ntango alembi.
What is your decision?	Mokano na yo ezali nini?
It's something my mother made.	Ezali eloko moko oyo mama na ngai asalaki.
Remember to mail the letter on your way to school.	Okanisaka kotinda monkanda ntango okozala na nzela ya kelasi.
What's the best plan, in your opinion?	Mwango ya malamu koleka ezali nini, na ndenge omoni?
Tom ran as fast as he could.	Tom apotaki mbangu ndenge akokaki.
Do you like to chat?	Bolingaka kosolola?
We're not doing anything.	Tozali kosala eloko te.
I may be old, but I'm not crazy.	Nazali ntango mosusu mokolo, kasi liboma te.
He asked me if I knew his father.	Azali kotuna ngai soki nayebaki tata na ye.
When does it start?	Ekobanda ntango nini ?
I started learning Chinese last week.	Nabandaki koyekola lokota ya chinois uta mposo eleki.
Are you sure you're okay?	Ozali mpenza malamu?
Lunch is served.	Biloko ebelemi mpo na koliya.
I see Tom.	Namoni Tom.
I'll fix that.	Nakobongisa yango.
She asked if I needed a taxi.	Atunaki ngai soki nazali na bosenga ya taxi.
He can do it much better than me.	Akoki kosala yango malamu koleka ngai.
Just follow my example.	Bolanda kaka ndakisa na ngai.
I gave Tom many opportunities to do it.	Napesaki Tom libaku mingi mpo nakosala yango.
A small gain is better than a big loss.	Mwa mbano moke eleki kobungisa mingi na motuya.
The British forces were ordered to seize the weapons.	Bapesaki mitindo na mapinga ya ba britanniques ete babotola mandoki.
I want to see what happens.	Nalingi namona oyo ezali  kosalema.
I did my job.	Nasalaki mosala na ngai.
She's looking for the wallet she lost.	Azoluka mwa libenga na ye abungisaki.
All my children go to school in Boston.	Bana na ngai nyonso bakendaka kelasi na Boston.
My parents adore you.	 Baboti na ngai balingi yo mingi.
This box is heavy.	Sanduku oyo ezali kilo.
He composed the story.	Akomaki lisolo.
City life didn't appeal to Tom.	Bomoyi na engumba esepelisaki Tom te.
Linda is going to make coffee.	Linda akolamba kafe.
It's not about money.	Ezali mpo na mbongo te.
Sharks eat fish.	Mbisi ya minene baliyaka mbisi.
I want to make sure there's enough.	Nalingi nazala na etingiya ete ezali ebele.
We played on the beach.	Tosakanaka na libongo.
I have an important task for all of you.	Nazali na mosala moko ya motuya mpo na bino nyonso.
This rule doesn't apply to the case.	Mobeko oyo basalelaka yango na mombongo te.
You're behaving like a child.	Ozali na bizaleli lokola mwana.
The restaurant was quiet.	Restaurant ezalaki kimya.
I can't come right now.	Nakoki koya sikawa te.
Is it likely that he'll come?	Ekoki kosalema ete aya?
Everyone aboard!	Moto nyoso akota!
I know almost nothing about that.	Nayebi eloko te mpo na yango.
Tom can help.	Tom akoki kosunga.
I have a bike.	Nazali na nkinga moko.
I'm afraid that might be the truth.	Nazali kobanga ete ezala bosolo.
I'll take your side, just this once.	Nakokamata ngambo na yo kaka mpo na mbala oyo.
I would do anything for you.	Nakosala manso mpo na yo.
I missed you so much!	Nazalaki na mposa na yo makasi!
Tom understood me.	Tom azalaki kososola ngai.
We help each other.	Tozali kosungana.
Ken kissed Tom's fiancée.	Ken ayambaki makango ya Tom.
He's got money.	Azali na mbongo.
When the cat's away, the mice will play.	Ntango nyawu azali te, ba mpuku babinaka.
In many places in the world, there isn't enough food to meet everyone's needs.	Na bisika mingi na mokili, bileyi bizali mingi te mpo na kokokisa bosenga ya moto nyoso.
Fashion is a vicious circle.	Elateli ezali zolongano.
We need a little more time.	Tosengeli na mwa ntango lisusu.
I'm ashamed to admit that the work isn't finished.	Nazali na nsoni ya koloba ete mosala esili te.
I have a lot of things to do today.	Nazali na makambo mingi ya kosala lelo.
I know I could have done it, but I didn't.	Nayebi ete nasengelaki kosala yango kasi nasalaki yango te.
I'll join in.	Nakosangana na yango.
I knew Tom didn't want to do it, but I still wanted him to do it.	Nayebaki ete Tom alingaki kosala yango te, kasi ata bongo nalingaki ete asala yango.
Tom turned the page when he met Marie.	Tom abongolaki makanisi ntango akutanaki na Marie.
Tom was listening to the sound of the ocean.	Tom azalaki koyoka makelele ya mbu.
Did you see him at the station this morning?	Omonaki ye na gare na ntongo ya lelo?
I had a headache so I couldn't do that.	Nakoyoki moto mpasi nde nakokaki kosala yango te.
You can't use his.	Okoki kosalela oyo ya ye te.
We won the match.	Tolongaki lisano ya motopi.
He hid behind the tree.	Abombanaki na nsima ya nzete.
The woman got up from the chair. And she glanced at the door.	Mwasi atelemaki na kiti. Mpe atalaki na ngambo ya ekuke.
I'll make peanut butter.	Nakosala mwamba ya nguba.
Tom said he wasn't hungry.	Tom alobaki ete azalaki na nzala te.
We will fix this.	Tokobongisa oyo.
You can't be in two places at the same time.	Okoki kozwama bisilka mibale mbala moko te.
She was about to call him when he came through the door.	Abelemaki kobengisa ye ntango akotaki na ekuke.
What is your natural hair color?	Nsuki na yo ya kobotama ezalaka langi nini?
I wonder if Tom knows what Mary did.	Nazali komituna soki Tom ayebi oyo Mari asali.
I'm not interested at all.	Etali ngai ata moke te.
He keeps a diary in English.	Asimbi zunale moko ya angele
About a dozen trees were soon planted.	Nzete mpene mpene na zomi na mibale ekolonama kala te.
Everyone was doing it.	Bato nyonso basalaki yango.
I'm not disappointed.	Nayokisami mawa te.
Stop kidding yourself! You couldn't afford a house like that.	Kolobela na ntina na yango te! Okozala na makoki ya kosomba ndako lokola oyo te.
I don't think children should drink beer.	Nabanzi ete bana basengelaki komela masanga te.
What do you intend to do?	Ozali kokana kosala nini?
Was it worth it?	Ezalaki mpenza na ntina?
I'm at a friend's place.	Nazali epai ya moninga moko ya mwasi.
One day, you'll regret it.	Mokolo moko, okolela na ntina na yango.
You're very shy.	Olobaka mingi te.
We're not proud of it.	Tozali na lolendo na ntina na yango te.
Won't you lose your mind?	Okobungisa elonga te?
I can't do that.	Nakoki kosala yango te.
I need that.	Nazali na mposa na yango.
It might snow tonight.	Ntango mosusu matanga ekonoka na mpokwa ya lelo.
How much time do you have for lunch?	Osalaka ngonga boni mpo na koliya na ntongo ?
That's all we can do for now.	Wana nde nyonso tokoki kosala sikawa.
Have you ever found an answer to that question?	Naino ozwa eyano na motuna wana te ?
My friends invited me to dinner.	Baninga na ngai babengisaki ngai mpo na koliya na midi.
Stay calm!	Vanda kimya!
Let's catch our breath a bit!	Tobatela mwa kimya!
I think Tom believes everything Marie tells him.	Nabanzi ete Tom azali ndima nyonso oyo Marie azali kolobela ye.
I left you a note.	Natikelaki yo mwa monkanda.
Is your gun loaded?	Bonduki na yo ezali na masasi ?
She stood close to him.	Atelemaki mpembeni na ye.
I thought you'd be interested in that.	Nakanisaki ete okosepela na yango.
We kissed.	Toyambanaka.
Tell me, tell me!	Lobela ngai, lobela ngai !
Where in Canada are you from?	Bowuti wapi, na Canada ?
With you, it's summer all year round.	Na yo elongo, ezali eleko ya moyi mbula mobimba.
I want to change the world.	Nalingi nabongola mokili.
He's trying to get rid of the ants.	Azali komeka komilongola ba fumba.
The poison spread throughout the whole body.	Mbondo epanzani na nzoto mobimba.
I may have hurt his feelings.	Ntango mosusu nazokisi makanisi na ye.
I don't understand why you don't want to do that.	Nayebi te mpo na nini olingi kosala yango te.
I'm afraid I have no experience.	Nazali kobanga lokola nazali na zebi te.
Just do what I say!	Sala kaka maye nalobi !
Tom must be punished for what he did.	Tom asengeli kozua etumbu mpo na maye asali.
I don't believe Tom did his homework by himself.	Nandimi te ete Tom asalaki ba devoirs na ye ye moko.
Tom showed Marie the picture.	Tom alakisaki Marie bilili.
Tom would do anything to get Marie's attention.	Tom akoki kosala nyonso mpo na kobenda bokebi ya Marie.
No one cares about me.	Moto moko te azali kotala ngai.
Animals are not toys!	Nyama bazali biloko ya kosakana na yango te !
My father recently quit smoking.	Tata na ngai atiki kobenda likaya kala te.
I just want people to love me.	Nalingi bobele ete bato balinga ngai.
The girl was trying hard to hold back her tears.	Mwana mwasi akangaki motema mpo na kosopa pizoli.
Let me check the manual.	Tika ngai natala mokanda.
This forest fire has a natural cause.	Moto oyo etumbi zamba ezali ya mokili.
Tom will do it on time.	Tom akosala yango na ngonga.
Tom asked Maria for advice.	Tom atunaki toli epai ya Maria.
I know Tom is half asleep.	Nayebi ete Tom alali ndambo.
I don't think this is the best time to talk to Tom.	Nabanzi ete oyo nde ngonga malamu mpo na kosolola na Tom.
If she had been alive, my mother would have helped me at that time.	Soki azalaki na bomoyi, mama na ngai alingaki asunga ngai na ntango wana.
The police are investigating the causes of the accident.	Pulusu esali na bolukiluki mpo na koyeba ntina ya likama.
This boy has a strong and healthy body.	Mwana mobali oyo azali na nzoto makasi mpe kolongono.
The studio is very small, with no place to hide.	Ndako oyo ezali moke makasi, epai ya kobatama ezali te.
I thought you might want to know.	Nakanisaki ete olingaki ntango mosusu koyeba.
Let me see you!	Tika ete namona yo !
Tom took out a pencil.	Tom abimisaki ekomeli.
Elderly people need to live for someone.	Mikolo bazali na bonsenga ya kobika mpo na moto mususu.
What is the meaning of this?	Ntina na yango ezali nini?
The weather is really bad.	Ntango ezali mabe makasi.
I'm very interested to hear what you have to say.	Nazali na mposa makasi ya koyoka maye olingi koloba.
Do you really believe it's necessary to do that?	Okanisi ete ezali na motuya ya kosala yango?
They feed mainly on milk.	Bileyi na bango mpenza ezali miliki.
I'm just a boy who makes mistakes.	Nazali kaka mwana mobali oyo asalaka mabunga mingi.
He changed his mind.	Abongolaki makanisi.
Can you point me in the right direction?	Okoki kolakisa ngai nzela ya malamu ?
Tom fell into the water.	Tom akwei na mayi.
You know Tom likes beer.	Oyebi ete Tom alingi masanga.
We are serious.	Tozali na kimya.
I'm drinking.	Nameli.
I don't want to be your secret.	Nalingi kozala sekele na bino te.
We have good news.	Tozali na sango malamu.
He'll come soon.	Akoya sikawa.
More research is needed.	Bolukiluki mingi ezali na motuya.
I heard that.	Nayokaki yango.
There was nothing I could do about it.	Nakokaki kosala eloko te.
Why don't we sneak back inside?	Mpo na nini tozali komikotisa lisusu na kati te?
Tom is going to a lot of trouble.	Tom azali komimonisa mpasi mingi.
She speaks English.	Alobaka Ngelesa.
Seen from a plane, the small hills look flat.	Na kati ya mpepo soki otali libanda, ngomba ya mike, imonanaka nsemba.
We are trying to cut expenses.	Tozali komeka kokitisa bobimisi mbongo.
You said it was urgent.	Olobaki ete likambo ya lombango ezalaki.
Is that really possible?	Ekoki kosalama solo?
Tom was surprised by what he saw.	Tom akamwaki na oyo amonaki.
Would you pass me the salt, please?	Okoki kopesa ngai mungwa, soki olingi ?
As he grew up, he learned to put things in perspective.	Ndenge azali kokola, ayekoli kobongisa makambo.
You clearly don't have time.	Na bosolo ozali na ntango te.
The opera begins at seven o'clock.	Opera ekobanda na ngonga ya sambo liboso ya nzanga.
We can't keep deceiving ourselves.	Tokoki kokoba kosakanaka bongo na basusu te.
It's a risk you simply have to take.	Ezali likama oyo osengeli kaka koleka na yango.
It's strange to say, but he didn't know the news.	Ezali kokamwisa koloba yango kasi, ayebaki sango te.
Tom was promoted to manager.	Tom amatisami bokonzi akomi moyangeli.
Reading books is one of my habits.	Kotanga buku ezali moko ya mimesano na ngai.
Tom cut the apple in half.	Tom akaboli mbuma biteni mibale.
The fact is they're too young.	Likambo ezali ete bazali bilenge penza.
He had to go.	Asengelaki kokenda.
Who's knocking at the door?	Nani azali kobeta ekuke?
Tom doesn't have enough money to buy a car.	Tom azali na mbongo mingi te mpo nakosomba motuka.
I wonder if I can do that.	Nazo mituna soki nakoki kosala yango.
Tom asked me how to get to the post office.	Tom atunaki ngayi ndenge nini akende na poste.
We hoped something interesting would happen.	Tozalaki kolikya ete eloko moko ya malamu ekoya.
It's not easy to master English.	koloba anglais malamu ejali pete te.
Would you carry this up to the first floor for me?	Okoki komemela ngayi oyo na etage ya liboso?
The books were so valuable that they were taken great care of.	Motuya ya buku ezalaki na lolenge ete bazalaki kobatela yango makasi.
Only five hundred and fourteen people have ever been to space.	Bazali bobele bato kama mitano na zomi na mineyi baye bakenda na mipepe.
How long does it take to get from here to the station?	Ensengeli tango boni pona ko longwa awa kino na gare?
He had said he would write to me, but nothing came of it.	Alobaki ete ako komela ngayi, kasi asalaki eloko te.
Tom and Marie weren't particularly nice to me.	Tom na Marie bazalaki penza na boboto epayi na ngayi te.
Although he's young, he's very careful.	Atako azali elenge, azali na angele mingi.
Would you like the tires checked?	Olingi kotala liyika?
You don't like Tom's dog.	Olingaka mbwa ya Tom te.
I'm not at all afraid of dogs.	Ngayi na banga ba mbwa ata muke te.
I had to meet someone on business.	Esengelaki na kutana na moto moko mpona mombongo.
How old is this book?	Buku oyo esali mbula boni?
Most people like watching TV.	Bato mingi balingaka kotala television.
We are poor, but happy.	Tozali babola, kasi na esengo.
I speak English, and you, what language do you speak?	Nasololaka Anglais, bongo yo, osololaka kota nini?
What kind of game is this?	Oyo lisano ya ndenge nini?
My father works in a factory.	Tata nangayi asalaka na Usine moko.
He likes reading books.	Alingaka kotanga ba buku.
Life isn't static.	Bomoyi esuki te.
He put the book down on the table.	Akitisaki buku likolo ya mesa.
Even though he was just a child, he was very brave.	Atako azalaki kaka mwana moke, azalaki na piko makasi.
Look at those dark clouds.	Tala mapata muhindo oyo.
Why are men never happy? Because they always want the impossible.	Pona nini batu bazalaka na esengo te? Po ete balingaka tango nyonso makambo maye makoki kosalama te.
We're here, at the tourist office. You see?	Tozali awa, na esika ya bayangeli ya tourisme. Bomoni?
He came back from Canada.	Awuti Canada.
They are in the teachers' lounge.	bazali na ndako ya balakisi.
We're going there alone.	Tozokende biso moko.
My forehead was burning with fever.	Moto nangayi ekomaki moto na fièvre.
Dan was last seen wearing blue jeans and a black leather jacket.	Dan amonanaki mbala ya liboso na bilamba ya bule mpe kazaka ya mposo ya nyama ya langi ya mohindo.
She lived right next door to us.	Azalaki ko vanda na ndako oyo ezali pembeni na biso.
His mother knocked on the door.	Mama naye abetaki na ekuke.
I can't abandon him.	Nakoki kotika ye te.
We have no reason to be ashamed.	Tozali na tina moko te ya koyoka soni.
At seven o'clock I'll be there again.	Na konga ya sambo na tongo nakozala lisusu wana.
She's no longer alone now.	Ajali lisusu yemoko te sikaawa.
We kept our word.	Tokokisaka maloba nabiso.
What's going on here?	Nini azali koleka awa?
Did you do it yourself?	Osalaki yango yomoko?
That's life.	Ezali bomoyi.
Oh! That's so cute!	Oh! Ezali kitoko mingi!
I don't feel like going home!	Nazali na posa ya kozonga ndaku te!
I didn't know Tom was sleeping.	Nayebaki te ete Tom azalaki kolala.
What are you afraid of?	Ozo banga nini?
In that place, I felt like a fish out of water.	Nakati ya nganda wana, nazalaki komiyoka lokola mbisi libanda ya ebale.
I think Tom is hurt.	Namoni lokola Tom azokisami.
Life is hard for everyone.	Bomoyi ezali makasi pona moto nyonso.
I'm afraid of bears.	Na bangaka ba ngombolo.
She won first prize in the race.	Alongi motuya ya liboso ya lisano.
I'm swamped with work.	Nazali na misala maleki ngayi moto.
Don't you have a meeting?	Ozali na liyangani te?
Turn up the music!	Matisa mongongo ya musiki!
You'll miss the train if you don't hurry.	Okozanga engbunduka soki osali mbangu te.
No, I don't like it that much.	Te, ezali kosepelisa ngayi te koleka owana.
Maybe he missed the train.	Tango mosusu azangaki engbunduka.
May I know where you work?	Nakoki koyeba esika bosalaka?
Human progress knows no limits.	Bokeyi liboso ya moto ezali na ndelo te.
I beg your pardon. I don't think this is your seat.	Nasengi yo bolimbisi. Na ndimi te ete oyo wana ezala kiti nayo.
Tom should have eaten more.	Tom asengelaki koliya mwa mingi.
It's Tom's fault.	Tom nde azali na libunga.
We ate fresh fruit after lunch.	Toliyaka mbuma ya sika sima na biso koliya biloko na tongo.
He's nothing but a child.	ajali naye mobele mwana.
Put some water in your wine.	Tiya mayi na vino mwayo.
Was that just for a laugh?	Ezalaki kaka pona toseka?
I want to start a family.	Nalingi kobandisa libota.
What's your favorite fast food restaurant?	Osepelaka na restaurant nini?
Would you like some coffee?	Café, oko linga?
I just found out that my favorite hotel went bankrupt.	Nawuti koyoka ete hotel nalingaka mingi ekweyi.
One day you'll understand.	Mokolo moko oko sosola.
I remember meeting her somewhere.	Nazali kokanisa, namona ye esika moko.
Stay out of my sight!	Zala libanda ya bomoyi na ngayi!
How many kinds are there?	Ezalina motindo boni?
I danced.	Na binaki.
If he got ten out of ten on the exam, it's because he cheated.	Soki alongaki zomi likolo ya zomi na examen, ezali po ayibaki.
Tom kept his hat on.	Tom abatelaki ekoti naye na moto.
I've never told that to anyone before.	Nayino na lobela yango epayi moto te.
The worst friend and enemy is none other than death.	Moninga mpe monguna ezali eloko mosusu te kasi liwa.
Woman at the wheel, death at the bend.	Mwasi azali ko kumba motuka, liwa wzali pembeni.
"I dreamed about you yesterday." "Really? And what was I doing?"	« Na lotaki yo, lobi. » « Yasolo ? Bongo nazalaki kosala nini? »
Shut the hatch.	Kanga motambo.
You would like that.	Okolinga yango.
I can't believe we finally finished the project.	Nazo ndima te ete tokomi nako silisa mwango.
The campaign was a success and he won the election.	Campagne ezalaki elonga mpe alongi na maponami.
I need to take care of something.	Na sengeli kotala eloko moko.
I think his proposal deserves consideration.	Na banzi ete oyo ye alobi elongobani ete tokanisa na tina nayango.
I'm going to fix this.	Nako bongisa oyo.
We live near the big library.	Tovandaka zongazonga na ebombelo monene ya ba buku.
I'll show you a few of them.	Nako lakisa bino moko kati na bango.
We need to update our teaching method.	Tosengeli kozongisa sika lolenge nabiso ya kotangisa.
Prices are high these days.	Talo emati mikolo oyo.
When did you buy this phone?	Osombaki telephone oyo tango nini?
Sometimes I wish I were a little bird.	Tango mosusu na tombela ete nazala mwa ndeke moke.
This is so embarrassing.	Yango ezali penza na mitungisi.
A man with a full stomach thinks no one is hungry.	Moto oyo atondi akanisaka lokola motu mususu aza na nzala te.
I'd like to give you a piece of advice.	Na kolinga kopesa yo mwa toli.
I didn't really miss Tom.	Nakanisaki penza Tom te.
We saved you a seat right there.	To bombelaki yo esika kaka wana.
It's not something I know how to do.	Ezali eloko oyo nayebi kosala te.
They think too much.	Ba banzaka mingi.
In this library, there are many books.	Na ebombelo yaba buku oyo, mikanda mizali mingi.
I don't even have a boyfriend.	Nazali ata na moniunga ya mobali te.
You love yourself.	Omilingi.
The teenage round-the-world pilot has died.	Elenge mokumbi mpepo ya mokili akufi.
Is there something new on the menu?	Eloko ya sika ezali na menu?
It won't be easy.	Ekozala pete te.
Could you wake me up tomorrow morning at a quarter to seven, please?	Okoki kolamusa ngayi lobi na tongo na ngonga ya motoba ba minuti tuku mineyi na mitano, na sengi nayo ?
A journey of a thousand miles begins with a single step.	Mobembo yaba kilometres koto na koto ebandaka mobele na lokolo moko.
At the sound of the whistle, the boat began to pull away from the port.	Soki piololo ebeti, masuwa ebandi ko tangwa mosika na libongo.
If you find yourself trapped by a bear in the forest, your best option is to get on the ground and play dead.	Soki ozwami na motambo ya ngombolo na zamba, likambo ya malamu yako sala ejali komibwaka na mabele mpe kosala lokola okufi.
My uncle Bob fixed my clock, and now it keeps the correct time.	Noko nangayi Bob abongisi saa mpe sikaawa ezali kopesa tango malamu.
The soul that wants God to give himself entirely to it must give itself entirely to him, holding nothing back for itself.	Moloko moye ejali na posa ete Nzambe amipesa mobimba naye, esengeli emipesa mobimba naye kozanga kobombela ye eloko moko.
Come on, Joe. Don't be a homebody. Come to the party with us! When you told Nancy she was so fat, you really hit a nerve.	Kenda, Joe. Kolinga komisala goyi goyi te. Yaka elongo nabiso na lipati! Tango olobelaki Nancy ete azali na zemi, osimbaki benza esika esalaka pasi.
Logic and common sense suggest that Russia, the European Union, and the United States must act together.	Bosembo mpe bomoto malamu esengi ete Russie, Lisanga ya bikolo ya Eropa mpe Lisanga ya Bikolo ya America basala elongo.
You have our permission to include our software, provided you give us a copy of the final product.	Bozwi ndikisa yako tiya logiciel na biso kaka soki boko pesa piso eteni ya mbuma ya mosala tango eko sila.
George Bush is the 41st president of the United States.	George Bush azali tata mokambi ya tuku minayi na moko ya ekolo America.
As for me, I don't travel to get somewhere. I travel for the sake of traveling. What matters is moving.	Na ngambo nangayi, nazali kosala mobembo te mpona kokende esika moko. Nazo sala mobembo kaka pona sala. Ya motuya ezali koningana.
A respectable name — a currency of truly substantial value that trades admirably well for anyone who knows how to present it.	Mbongo oyo ezali lisusu na motuya te elekaka malamu epayi ya oyo nani ayebi lolenge yako talisa yango.
Dan sold drugs to a dangerous drug dealer.	Dan atekisi likaya epayi ya mosali mombongo ya makaya ya mabe.
It is humanity that ruined man. To think that fool could have been the happiest of animals, if only he had known how to stay still. But no... he invented civilization.	Molongo mobimba nde ebungisi moto. Koloba ete zoba wana alingaki kozala nyama ya esngo koleka basusu, soki ayebaki komivandisa kimya. Kasi te... abandisaki lolenge ya kobika.
My credit card was rejected by the ATM.	Carte na ngayi ya banque eboyamaki na distributeur ya bongo.
It's not like we have to sell stuff, you know?	Ezali te lokola nde tosengeli kotekisa biloko, omoni?
A perfect match between theory and practice is a rare thing.	Boyakani mobongibe katikati ya maloba pamba mpe mosala ezali eloko moko emonanaka penza te.
Counting sheep helps you fall asleep.	Kotanga ba meme esungaka mpona kolala.
My therapist told me to go to a bar and strike up a conversation with a total stranger.	Monganga na ngai alobi na ngai ete nakende na nganda ya masanga mpe nasolola na moto azali mopaya epai na ngai.
You must kneel at my feet, kiss my hand, and swear that I am an angel.	Osengeli kofukama na makolo na ngai, opepwa ngai na maboko mpe okata ndayi ete nazali anzelu.
I will never forget to keep a fond thought in my heart for my dear teacher.	Nakobomba na motema na ngai libanzo ya malamu mpo na molakisi na ngai ya mwasi.
A man who can drive carefully while kissing a pretty lady simply isn't giving the kiss the attention it deserves.	Mobali oyo akoki kokumba na bokebi nyonso na ntango azali kopepwa mwasi ya bonzenga azali kopesa soki moke te lokumu oyo lipwepwe esengeli na yango.
She took out the bottle of champagne she had been saving for a special occasion.	Abimisi molangi ya champagne oyo abombaka mpo na likambo moko songolo.
What is permitted to Jupiter is not permitted to the ox.	Oyo epesami na mokonzi epesami na mongamba te.
I wish passersby would stop throwing their empty cans and other trash on the mountain trail.	Nalingi ete baleki nzela batika kobwaka milangi ya mpamba mpe bosoto misusu na nzela ya ngomba.
In the American judicial system, there are twelve people on a jury.	Na lolenge ya mibeko na america, ezalaka na bato zomi na mibale na lisanga ya bazuzi mpo na esambiselo.
To assume that justice does this is to destroy the very principle of its existence, which is the thing itself.	Kanisa ete mibeko nde esali bongo, ezali kobebisa mobeko ya bozalisi mambi ma mibeko maye mazali eloko ya motuya.
Thank you for your generous invitation, but we don't want to impose on your hospitality.	Botondi mpo na bobengisi na bino kasi tolingi kolekisa ndelo te na boyambi bolamu bopesi biso.
The company's health insurance covers all medical expenses.	Lisanga ya kompani ekofuta mbongo nyonso ya lopitalo.
In India, the cow is a sacred animal.	Na India, ngombe ezali nyama ya ekila.
The number of people on Facebook is greater than the population of the United States of America.	Motuya ya bato na Facebook eleki motuya ya bato banso ya mboka America.
In my daily life, I take care of my body in various ways so as not to damage my health.	Na bomoi na ngai ya mokolo na mokolo, nabatelaka nzoto na ngai lolenge ebele mpo ete nabebisa bokolongono bwa nzoto na ngai te.
The court's attitude toward young offenders differs from its attitude toward adult offenders.	Lolenge ya kosalela ya bazuzi liboso ya babuki mibeko ya bilenge ekeseni na oyo ya babuki mibeko ya mikolo.
The set of real numbers is a typical example of a field.	Lisanga ya mituya ya solo ezali ndakisa ya nzoto.
Don't look a gift horse in the mouth.	Eloko ya kokabela, bayimaka te.
A captain is responsible for this ship and its crew.	Mokumbi masuwa azali na bokonzi likolo ya masuwa mpe ya basali o kati ya masuwa.
Eventually, in 1314, these games became so violent and dangerous that King Edward II created a law about it.	Na nsuka, na mobu nkoto yoko na nkama isato ya zomi na minei (1314), masano myango makomaki makasi mingi mpe mabe ete mokonzi Edouard wa babale (II) akelaki mobeko na ntina na yango.
It's only when I can't sleep at night that the ticking of the clock becomes loud enough to bother me.	Kaka na ngonga nazangi mpongi na butu nde tiki-taki (tic tac) ya montele monene ekomaka makelele mpo na kotungisa ngai.
We can never be too careful when operating a nuclear power plant.	Tokozala ata mokolo moko te na ekenge mingi mpo na kosalisa ndako  bakelaka bombi (centrale nucléaire).
He sent me a letter to inform me that his chicken farm would go bankrupt sooner or later.	Atindelaki ngai monkanda mpo na koyebisa ngai ete etonga ya basoso na ye ekokangama atandele.
We tend to think that our time belongs to us only on Sundays and during vacations.	Tokanisaka ete ntango na biso ezalaka kaka mokolo ya lomingo mpe na ntango ya bopemi.
Children begin by loving their parents; after a time they judge them; rarely, if ever, do they forgive them.	Bana babandaka liboso kolinga baboti na bango; na nsima bakosambisa bango; ntango mosusu,  okebi te mpo na libela balimbisaka bango te.
Looking at the flowers, I suddenly thought that human beings also had a good side. It is they who discovered the beauty of flowers, and it is also humans who can appreciate it.	Na botali ba fololo, nabanzi na mpwasa ete bato na mokili mpe bazalaka mpe na bolamu. Ezali bango nde bamonaki liboso bonzenga ya ba fololo mpe ezali lisusu bato nde bakoki kolula yango.
I don't know whether he has special powers or not, but he is undoubtedly stronger than a normal human.	Nayabi te soki azali na nguya mosusu ya lolenge mosusu to te, kasi azali solo na makasi koleka oyo moto esengeli azala na yango.
These green leaves turn red or yellow in the fall.	Nkasa iye ya langi ya mpondu ikomaka motane to mpe na langi ya mosaka na automne.
This passage is the most technical part of this piano piece. It took me a long time before I learned how to play it.	Esika oyo ezali makasi koleka eteni ya kobeta piano oyo. Ezwaki ngai tango mingi yambo nayeba kobeta yango.
I put my fingers in my ears to avoid those terrible noises.	Natie misapi na matoyi na ngai pona koboya koyoka makele oyo ya mabe.
A sharp tongue is more dangerous than a sharp knife.	Monoko mabe ezali mabe mingi koleka mbeli ya mino makasi.
The owner of this bar never sells alcohol on credit.	Mokolo ya nganda oyo adefisaka masanga ata mokolo moko te.
Finding a solution that worked was a process of trial and error.	Kozwa eyano oyo esengelaki ezalaki lolenge ya komeka.
Jane must stop giving in to her craving for chocolate.	Jane esengeli atika kolandaka mposa na ye ya sokola (chocolat).
The first time you meet someone, you should pay attention to how close you stand to them.	Mbala ya liboso okutani na moto, esengeli ozala keba na lolenge ya komipesa na ye.
Eating ice cream always puts me in a good mood.	Kolia alaska etiyaka ngai ntango nyonso na nsai.
The crime would have been perfect if the thief hadn't forgotten to wipe off his fingerprints.	Mbeba ekokaki koleka malamu mingi soki moyibi abosanaki te kopangusa bilembo ya misapi mya ye ya mboko.
The Statue of Liberty is a symbol of America.	Ekeko ya bonsomi ezali elembo ya mboka America.
Mr. Johnson suddenly changed his mind and signed the contract.	M. Johnson abongoli makanisi na mpwasa mpe atie mokoloto na contrat.
A sudden clap of thunder woke him up.	Nkake elamusaki ya na mpwasa.
We currently have more security guards for the rich in the United States than police services for the poor.	Tozali na ngonga oyo okati ya America na ba sinzili oyo babatelaka ba mvuama ebele koleka ba pulusu pona babola.
The state shouldn't strip away civil rights, it should protect them!	Mbula matari esengelaki te alongola bosengeli mya bayi mboka, esengelaki nde abatela myango !
Mario, stop calling me gay! I'm straight!	Mario, tika kozwa ngai lokola pede! Nazali mobali !
Are you aware of the link between cigarette smoke and lung cancer?	Ozali na bososoli na ya maye mazali kati ya milinga ya likaya mpe bokono ya cancer ya poumon?
The data to be discussed below was collected in the following way.	Ba nsango tokolobela na nse awa mazwamaki na lolenge loye.
Many people never understand it and end up with a government job. How they manage that will forever remain a mystery.	Bato mingi basosolaka yango ata mokolo moko te mpe basilaka na kozwa mosala okati ya misala mya mbulamatari. Ndenge nini basalaka yango etikalaka kaka libombeli.
Mr. Brun is jealous of his colleague's success.	M. Brun azali na likunya ya moninga na ye ya mosala.
A warehouse full of fireworks exploded and destroyed an entire block of houses.	Magazin moko etondisamaki na mikali-kali ebetaki canon mpe ebebisi molongo mobimba ya ba ndako.
The parade was led by a military band.	Milulu mya ba mampinga elengelamaki bongo na lisanga mya mindule ya ba soda.
Bob told Jane not to meddle in his affairs.	Bob alobi na Jane akota makambo na ye te.
A huge cheer of encouragement rose from the crowd.	Milolo mya makasi pona kokumisa ewutaki okati ya lisanga ya bato.
Upon discovering that the others had succeeded, she turned green with envy.	na koma ete basusu ba longaki, atondisamaki na zuwa.
Birds, for example, have a particular system of protection.	Ndakisa ya ba ndeke, bazali na lolenge ekeseni ya komibatela.
Under torture, he confessed to crimes he hadn't committed.	Na nse ya monyokoli andimaki ba mbeba oyo ye asalaki te.
The king of the East had a beautiful garden, and in that garden stood a tree that bore golden apples.	Mokonzi monyele bisika moi ewutaka azalaki na elanga moko ya kitoko, mpe okati ya elanga wana, ezalaki na nzete moko ezalaki na ba mbuma ya wolo.
Sir, this CD is only available by special order.	Ndeko mobali, disque oyo epesami bobele soki osali commande.
Ladies and gentlemen, we have now landed at Tokyo International Airport.	ba ndeko basi mpe mibali, tosili kokita na libanda lya ndako ya pepo ya Tokyo (aéroport international de Tokyo).
The plane landed following the control tower's instructions.	Pepo ekiti na bolandi mitindo nyonso ya tour de contrôle.
One of the most important differences between Americans and Japanese is that the Japanese tend to choose a life free of danger, while Americans explore life and defy it.	Moko ya ba bokeseni ya motuya koleka mazali kati ya ba Américains na ba Japonais ezali ete ba Japonais basalaka ndeti ba pona bomoi ezanga mutungisi, kasi ba Américains bakotaka na mozingo ya bomoi mpe batiaka ntembe na bomoi.
The inspector held the wine glass up to the light to check for fingerprints.	Inspecteur atiyaki kopo ya vino na pole ya mwinda pona koyeba bilembo ya misapi mya maboko.
Tom got into the elevator and pressed the button for the third floor.	Tom akoti na ascenseur mpe afini buton ya etage ya misato.
I acted this way to protect myself from a similar fate.	Nasali bongo mpo na mibatela na likama ya boye na bomoi oyo etikali.
There is a curious crowd on both sides of the avenue.	Ezali na liboke ya bato oyo balingaka koyeba nyonso na ngambo mibale ya bala bala.
For dessert, Marie had made her chocolate cake and a fruit salad.	Pona kosukola monoko, Maria asalaki gato ya chocolat mpe salade ya ba mbuma ya sukali.
He has a reputation for being honest. He would never be involved in corruption.	Ayebani lokola moto ya sembo. Akoki soki moke te kokota na makambu ya moyibi.
My wife's hands are slightly smaller than the shop assistant's.	Maboko ya mwasi na ngai ezali mwa mike bokokanisi na maboko ya mosali ya magasin.
Post-election violence left 5 dead.	Mobulu sima mya maponami ebomaki bato mitano.
According to legend, those woods were haunted, so people avoided going into them.	Lisapo eloba ete, zamba wana ezalaki na milimo mabe, mpe bato bazalaki kokima kokota yango.
Individual charity is but a drop of water in the ocean.	Motema malamu oyo ezali kowuta kaka na moto moko ezali lokolo litango ya mayi okati ya ebala.
She takes pleasure in watching horror movies.	Asepelaka kotala mingi-mingi ba film ya kobangisa.
A couple stumbled upon a treasure of 1,400 gold pieces in California.	Mwasi na mobali moko bakutanaki na nkoto moko na nkama minei ya biteni ya wolo na mpwasa na mboka Californie.
I think you wanted to add a translation to this sentence, but instead you just added a comment; to translate a sentence, you just need to click this button.	Nakanisi ete bolingaki bobakisa elimboli moko na ndelo oyo, kasi na esika ya kosala yango bowuti nde kobakisa maloba ; pona kolimbola ndelo moko ya maloba esengeli na bino ko fina mbuma oyo.
His technique was unique and absolutely incredible.	Lolenge na ye yakosala ezalaki lolenge moko naino tomona te mpe ezalaki ya kokamwisa mingi.
This life is a hospital where every patient is possessed by the desire to change beds.	Bomoi oyo ezali lokola lopitalo bisika mokoni moko na moko atondisami na mposa ya kozwa mbeto mususu.
Ah, thank you, my dear.	Boye, natondi yo, ndeko na ngayi
The pirates buried their treasure underground.	Ba miyibi ya nzela mayi bakundi bomengo na bango na nse ya mabele.
If you can't beat them, join them.	Soko olingi kobundisa bango te, sangana na bango.
May I help you, madam?	Nakoki kosalisa yo ndeko mwasi?
I had to put down my horse because it was suffering a great deal.	Na sengelaki koboma mpunda na ngai po azalaki kobela bela mingi.
The African elephant has bigger ears than the Asian elephant.	Nzoku ya Africa azali na matoyi minene koleka nzoku ya Asia.
Dad likes to tell jokes.	Tata alingaka kosala ba maseki.
He's laughing because the movie is funny.	Azali koseka film mpo ezo sekisa.
Even though I walk through the darkest valley, I will fear no evil, for you are with me; your rod and your staff, they comfort me.	Ata soki nakeyi na nzela ya liwa, nakobanga mabe ata moke te, mpo ete ozali na ngayi; Nzete mpe mfimbu na yo ezali kolendisa ngayi.
I'm not making fun of you. Some people really believe the world is only six thousand years old.	Nazali koseka bino te. Bato misusu bandimaka penza ete mokili mozali kaka na mibu nkóto motoba (6000).
Science has discovered that there are five types of human beings.	Bato na mayele bakundoli ete ezalaka na lolenge mitano ya bato.
Michael Jackson was the most famous singer in the United States.	Michael Jackson azalaki moyembi oyo ayebanaki koleka na America.
Mr. David looks tired.	Monsieur David azali lokola ya kolemba.
The local gangster used to drive around town, stopping now and then to chat with the children.	Moto ya makasi ya mboka azalaki na bizaleli ya ko kumba na kati ya mboka, kotelema tangu misusu pona kosolola na bana mikie.
When I breathe in deeply, a pain shoots along the right side of my back.	Soki na bimisi pema makasi, pasi ezali kosala ngai na mupanzi ya loboko ya mobali ya mukongo na ngai.
How many countries start with the letter Y?	Ba mboka boni nkombo nango ebandaka na elembo Y ?
Put one foot in front of the other to move forward.	Tiya lokolo liboso ya mosusu, mpo okende liboso.
Mom cried.	Mama aleli.
Ma'am, may I take your measurements?	Mwasi, nakoki kozwa ba makila ya sanza na yo?
In winter, the island is covered in ice and snow.	Na hiver, esanga etondaka na glace mpe ba neige.
I am not the Christ, but the one who was sent before him.	Nazali kristu te, kasi moto oyo atindami liboso na ye.
Dear ladies and gentlemen, welcome aboard.	Bandeko basi mpe mibali, boyeyi malamu na kati ya mobembo.
Anne accepted Henri's marriage proposal.	Ana andimi andimi kobalana na Henri.
Hi, how's it going?	Losako, Ozali malamu?
The ultimate reward is a kiss from the princess.	Lifuti oyo eleki nyonso ezali lipwepwe ya muana ya mokonzi ya muasi.
The teacher I had lunch with is named Peter.	Molakisi oyo na lyaki na ye na tongo nkombo na ye Peter.
Her voice still rings in my ears.	Mongongo na ye ezali lisusu koyokana na matoyi na ngai.
How dare you treat me like a criminal!	Ndenge nini ozali kozwa ngai lokola mobomi !
It is only when our health leaves us that we realize its worth.	Ezali kaka na ntangu to bungisaka bokolongonu bwa nzoto na biso nde toyaka koyeba motuya na yango.
In London, the police are always afraid of finding a bomb on the train or the subway.	Na Londres, pulusu abangaka ngonga nyonso ko kuta bombe na kati ya engunduka to pe metro.
Steve received a letter from Jane.	Steve ayambi mokanda ya Jane.
Richard said his mother was sick, which is a lie.	Richard alobi ete mama na ye azalaki kobela, ezali lokuta.
You're really incapable of keeping a secret.	Ozali penza na makasi te ya ko bomba sekele.
Billy often bangs his head against the window.	Billy atutanaka mutu mingingi na lininisa.
I wonder what will happen if I press this button.	Nazali komituna, eloko nini ekosalema soki nafini mbuma oyo.
Rise and shine, Johnny! It's time to go to school.	Telema mpe ngenga, Jeannot ! Ekomi ngonga ya kokende kelassi.
That's Mrs. Lee, Susan's mother, in London.	Ezali ndeko mwasi Lee, mama ya Suzana, na Londres.
My grandmother hurt her leg when she fell.	Nkoko na ngayi ya mwasi azoki na lokolo tango akweyaki.
There are four cardinal points: east, south, west, and north.	Ezali na ngambo minei pona kolakisa bisika  : monyele, sudi, westi mpe eloli.
The students walked in single file.	Bana ya kelassi batambolaki na molongo.
There's a world of difference between "making yourself understood" and "speaking correct English."	"Ezali na mokili ekaboli ""kososolama"" na ""koloba anglais ya malamu. »"
I have no objection to paying special fees if that's necessary.	Na koboya kofuta ba mbongo ya koleka soki esengeli bongo.
If you shout from the top of a cliff, you hear the echo of your voice.	Soki ongangi likolo ya lubwaku, okoyoka mongongo na yo  kozongela yo.
After a while, he began talking nonsense.	Na sima ya mwa ngonga, abandi koloba bilobela.
Blessed are the poor in spirit, for theirs is the kingdom of heaven.	Esengo na babola ya molimo, pamba te bokonzi ya likolo ezali ya bango.
Their way of raising their children is extremely unusual.	Lolenge na bango ya kokolisa bana na bango ezali penza lolenge ya momesano te.
My dad said no.	Tata na ngai alobi te.
Students are forbidden to smoke on school grounds.	Epekisami na bayekoli komela makaya na etando ya eteyelo.
It is up to the judge to decide whether a complaint warrants a police investigation.	Ezali zuzi nde azwaka mokano soki mafundi ezo senga ete pulusu akenda kosala ba enqueti.
Knowledge without common sense leads nowhere.	Boyebi soki ezangi bosembo, ezali na motuya te.
I sincerely believe it's better to fail at something you love than to succeed at something you hate.	Na banzi na bosembo nyonso ete ezali malamu ozanga kolonga kati na eloko oyo olingaka na esika ya kolonga na eloko oyo oyina.
Amy worked in the yard last Saturday.	Amy asalaki mosala na etando o liboso ya ndako mokolo ya poso oyo elekaki.
I'm eating with my brother.	Na nazo lia na ndeko na ngai.
Ah, sir! Please, eat my cat!	Ah, Ndeko Mobali - ! Bolia nyawu na ngai, nabondeli bino !
Prince Charles will be the next British king.	Muana mokonzi ya mobali Charles akozala mokonzi ya lobi ya engumba ya Angleterre.
She screams the moment someone touches her ulnar nerve.	Angangi makasi kaka ntangu basimbi ye misisa ya maboko.
I don't like eating ice cream during winter.	Nalingaka mingi koliya alaska na hiver.
Next week, my friend who lives in England will come to Brazil for five months, hoping to find a good job there.	Na poso ezali koya, moniga na ngai avandaka na Angleterre akoya na Brésil mpona sanza mitano, azali kolikya ete akozwa mosala ya malamu.
Wait for the green light before you start crossing.	Zela mwinda ya langi ya mayi ya pondu epela liboso ya kokatisa.
Give me six lines written by the hand of the most honest man, and I will find something in them to hang him.	Bapesa ngai ba ndelo motoba ya makomi oyo okomami na maboko ya moto oyo aleki sembo, nakomi diembika.
It's a fort built to protect the city from invasions.	Ezali efelo ya mabanga makasi oyo etongami pona kobatela mboka na banguna.
Tom is a famous chef.	Tom azali mokonzi oyo ayebani.
Jeff thinks he'll never fall in love.	Jeff akanisi ete akokweyisama ata mokolo moko te na bolingo.
Thank you for sending me such a lovely letter.	Matondo pona ndenge otindelaki ngai mokanda kitoko.
That building with the brown roof is a church.	Ndako oyo na matolo ya motane ngwa ezali ecclieza.
Did Jerry really win the lottery?	 Ezali ya solo Jerry alongi na masano ya loto.
Thomas signed up on a dating site.	Thomas amikomisi na site ya internet ya bokutani ya ba minzemba.
Shark soup or whale steak? The choice is yours.	Supu ya mbenga to mosuni ya baleine ? Epesameli bino kopona.
Scott received a very strict upbringing.	Scott akolisami na lolenge ya makasi mingi.
Benjamin killed a bear with a rifle.	Benjamin abomi ours na munduki.
Suicide is a personal act of revenge, and personally, I don't feel guilty about it.	Komiboma ezali komizongisela mabe, ngayi mpeza, nalingi yango te.
Trade between the United States and China has increased a great deal.	Mombongo kati ya America na China a emati mingi makasi.
Deep down, you are absolutely right.	Na bozindo, ozali na elonga.
I don't want to be like many people, who first ruin their health to make money, then ruin themselves financially to get their health back.	Nalingi kosala lokola bato ebele te, oyo ba bandaka nanu na kobebisa bokolongo bwa nzoto na bango kati ya koluka mbongo, sima ba silisa mbongo pona kozongela bokolongo bwa nzoto na bango.
We're going home.	Tozonga epayi na biso.
Speaking of Professor Smith, his assistant is hard of hearing.	Awa tozolobela molakisi Smith, mosalisi na ye azali matoyi mangongi.
The murderer will soon confess to his crime.	Mobomi akotubela kala te mbeba naye.
Playing country music on guitar is very easy for a professional musician.	Kobeta miziki country na lindanda ezali pete mingi pona mobeti miziki ya solo.
Tom did everything he could to save the children trapped in the burning building.	Tom asalaki nyonso akokaki kosala pona kobikisa bana mikie oyo ba kangamaki na motambo na ndako ezalaki kozika.
The DNA test cleared him of all charges.	Examen ya ADN ebikisi ye mafundi nyonso.
This voice sounds familiar.	Mongongo moye lokola nayebi yango malamu.
The best defense is offense.	Lolenga malamu ya komibatela, ezali kobanda bitumba.
The wolf will change its shape, but it will keep on eating chickens.	Mbwa ya zamba ako bongwana, kasi ako tika te koyiba ba sosso.
As for me, I don't travel to go somewhere. I travel to travel. What matters is moving.	Na oyo etali nagayi, nazali kosala mobembo te pona elengi ya kokende bisika songolo. Nazali kosala mobembo kaka tika nasala. Motuya ezali kotambola.
Chris was hired to paint houses, and he was able to save some money.	Chris azwaki mosala ya kopakola langi na bandako, mpe akokaki kosangisa mosolo.
A statement was read regarding cuts to social programs.	Mokano moko etangamaki likolo ya kokitisa mosolo epesamaka na makambo ya kosalisa bato.
If you drop your letter at the post office before 7 p.m., it will be delivered the next day.	Soki otiki mokanda na yo na poste liboso ya ngonga ya zomi na libwa, ekotindama na mokolo molandi.
The royal palace was built on a hill.	Ndako ya mokonzi etongamaki likolo ya ngomba.
We have just been informed that the enemy is lying in ambush two miles further down the road.	Tozwi nsango ete monguna azali kozela biso na kobatama kilometri mibale musika na nzela.
A rat crossed the road.	Mpuku moko akatisi na nzela.
Tom is doing everything he can to improve the quality of life of his patients.	Tom azali kosala nyonso akoki pona kobongisa lolenge ya kobika ya babeli naye.
The actor hastily left the filming location.	Mosali film alongwe na esika ya mosala na lombango.
Suddenly, the door slammed shut.	Na mpwasa, ekuke ekangami na mabalakata.
Laura's surprise party isn't tonight, but tomorrow night.	Nteke ya kosutikisa Laura ezali pona mpokwa ya lelo te, kasi na mpokwa ya lobi.
I got hurt during PE class.	Nazokaki mpota na na ngonga ya bosali education physique.
Fires are less frightening today than they used to be, because more and more houses are built of concrete, and concrete houses don't burn as easily as wooden houses.	Makama mazali kobangisa mingi te mikolo ya lelo lokola mazalaka na kala, pamba te ba ndako ekomi kotongama na béton mpe ba ndako ya béton mazikaka na pete te lokola ba ndako ya mabaya.
We named the dog Tim.	Topesaki mbwa nkombo ya Tim.
I met an ear, nose, and throat specialist at a party on Sunday.	Nakutanaki na monganga moko oyo asalisaka ba bokono bwa matoyi, zolo mpe kingodingodi, bisika ya nteke moko na mokolo ya lomingo.
Ted has a computer for a brain.	Ted azali  na ordinateur na bongo.
Luke has short hair.	Luke azali na suki ya mikuse.
Wooden houses burn more easily than stone houses.	Ba ndako ya mabaya ezikaka na pete mingi koleka ba ndako ya mabanga.
The lord had absolute power over his subjects.	Mokolo bilanga azalaki na nguya likolo ya basali na ye.
An old oak creaks in the storm.	Nzete ya ekoli makasi ebangaka mopepe ya makasi.
Drinking alcohol in the streets or in parks is illegal in most of the United States.	Komele masanga na ba balabala to mpe na bisika bazwaka mopepe ezali mbeba na bisika ebele ya engumba ya America.
The fog began to clear around 10 o'clock.	Londende ebandaki kosila na nzinga-nzinga ya ngonga zomi.
As trees grow, they deprive the grass of light.	Na tango banzete bazali kokola, bazali kopimela matiti moyi.
Her beauty charmed him.	Bonzenga na ye ekweyisi ye.
I couldn't see well enough to tell whether the black spot on the ceiling was a spider or a fly.	Nazalaki komona malamu te mpona koloba soki bosoto ya moke ya moindo moye mozali na matolo soki ezalaki Limpúlututú to nzinzi.
They filmed it in a real desert.	Basalaki film na bisika bi kawuka ya solo.
Fred started to fall in love with Jane, and they began seeing each other.	Fred akomaki kolinga Jane, mpe babandaki kokutana.
A map is provided upon request.	Carte moko epesamaki sima ya bosengi.
I saw a horse pulling a cart.	Mamoni mpunda komema pusu-pusu.
It was yesterday morning that I saw Mr. Carter.	Ezalaki lobi na tongo nde namonaki M. Carter.
The tip of the knife blade is sharp.	Songe ya mbeli ezali yako sebisama.
Lack of sleep affected the singer's performance.	Bozangi kolala ebandi kobebisa lolenge ya koyemba ya molangi nzembo.
Peter and Emma are just friends. There's nothing between them.	Peter na Emma bazali kaka ba ninga. Likambo moko te ezali na kati na bango.
The previous president of the United States is the only American who knows the president of every country.	Mokonzi ya America oyo aleki azali americain moko kaka oyo ayebi bakonzi ya ba mboka nyonso.
Peace is not the absence of violence, but the presence of justice.	Kimya ezali bozangi ya mobulu te, kasi bozali ya mibeko.
When we sleep, our body temperature drops by a few degrees.	Tango tolalaka, moto ya nzoto ekitaka na ba degré moke.
The United States already accounts for a quarter of the world's prison population.	America basi bazali na eteni moko ya minei ya motuya ya bato ya mokili mobimba ya boloko.
If you act like an idiot, you must be treated like one.	Soki ozali kosala makambo lokola zoba, esengeli bazwa yo lokola zoba.
The price celebrities have to pay for their fame is a lack of privacy.	Motuya ya mosolo oyo bato bakenda nsango basengelaka kofuta pona boyebani na bango ezali kozanga bonsomi.
The other girls are jealous of Lillie because she's very pretty.	Bana ya basi misusu bazali na likunia ya Lillie mpona azali kitoko mingi.
With the passing of Joan Rivers, the world lost a woman full of humor.	Na liwa ya Joyani Rivers, mokili esili kobungisa mwasi mosekisi bato monene.
Translate, instead of rambling!	Limbola, kasi ko balola balola monoko te !
Julie received a Christmas card from her brother in Italy.	Julia azwi mokanda ya Noel ewuti epayi ya ndeko na ye ya mobali azalaka na mboka Italie.
We know the legend of Robin Hood.	Toyebi lisolo ya Robin des bois.
That was the only way we could defend ourselves against all that terrible gunfire.	Ezali kaka lolenge loye nde tokomibatela na masasi nyonso tozali kozwa.
I have absolutely no idea.	Nayebi soki mukie te.
Barring exceptions, everyone is allowed to enter the building.	Loba mobeko mususu ekweya, bato nyonso bazali na ndingisa ya kokota na immeuble.
Nothing could excuse his rude behavior.	Eloko moko te ekoki kondimisa bizaleli naye ya mabe.
Hi.	Losako.
I literally ate about ten eggs on Easter Sunday.	Naliaki lokola maki zomi na lomingo ya pasika.
Don't swear, or I'll wash your mouth out with soap.	Bo bimisa maloba mate te moki te nako sukola munoko na bino na sabuni.
A valid ID card is required.	Mokanda ya d'identité ezali mobeko oyo esengeli.
Julie gives her daughter a kiss.	Julie apesi munoko na muana naye ya muasi.
This man is a police officer from the homicide squad, not a criminal.	Moto oyo azali pulusu ya oyo bakanga babomi batu, kasi azali mobomi te.
A farewell ceremony was held in honor of Mr. Jones yesterday.	Nteke ya bokabwani ya libela esalemaki na tina ya ndeko mobali Jones lobi.
Hitler took power in 1933.	Hitler azwaki bokonzi na mbula nkoto lyoko na nkama libwa ntuku misato na misato.
I'm out of here.	Nakeyi.
Rape is always a violent crime.	Viol ezali mbeba ya makasi.
Mom and dad are very on edge.	Mama na papa bazali na nkanda makasi.
In the hotel bathroom there was a line for hanging wet clothes.	Na bisika ya kosukola na hotel ezalaki na singa pona kotanda bilamba ya mayi.
Our ultimate goal is to establish peace in the world.	Mposa na biso ya suka ezali kokotisa kimia okati ya mokili.
They used the profits from drugs to acquire many properties.	Milekeli ya mombongo ya drogue, bazalaki kosalela yango pona kosomba ba ndako ebele.
She was put in charge of the project, even though she had no leadership skills at all.	Batiaki ye lokola mokambi ya misala wana, ata soki azalaki na mayele ata moko te ya kokonza.
The deaf woman was wearing an orange construction worker's safety vest.	Muana mwasi oyo akufa matoyi azalaki kolata elamba ya langi ya mosaka oyo basali na bisika batonga ba ndako balataka.
That's a girl thing.	Eza likambo ya basi.
I wonder whether Prince William lets anyone call him Bill.	Nazo mituna soki muana mokonzi ya mobali Guillaume azali kotika mutu songolo abenga ye Bill
A ship of dreams docked a nightmare.	Masuwa ya ndoto ememi ndoto ya mabe.
They felt both physical and emotional pain.	Bayokaki pasi ya nzoto mpe ya molimo.
Work instead of chatting!	Sala mosala na esika ya koloba loba.
We lack wings, but we still have enough strength to fall.	Mapapu ezangi biso, kasi tozali kaka na makasi oyo esengeli pona kokweya.
She wore a pink belt that was as expensive as it was ugly.	Azalaki kolata mokaba ya rose ya talo kasi mabe.
The wind is blowing at an incredible speed.	Mopepe ezali kopepa na mbango oyo okondima te.
The ice on the lake is too thin to support your weight.	Glace likolo ya mayi ezali mukie makasi pona kosimba kilo na yo.
Well, what an amazing coincidence! Tom has the same fingerprints as me.	Tala, oyo bokutani ya lolenge nini ! Tom azali na bilembo moko ya maboko na ngai.
It's when we become able to move that we truly feel the value of health.	Ntango tokomaka ko ninganga nde ntina ya solo ya bokolongono bwa nzoto emonisamaka.
I wonder if he could lend me his guitar during the holidays.	Nazo mituna soki akoki kodefisa ngai lindanda na ye na ntango ya congés.
He had only one wish: to make himself very small and live among the lights and shadows.	Azalaki kaka na mposa moko: komikomisa mukie mpe kosala bomoi naye bisika na mwinda mpe molili.
I heard her sobbing in her room.	Nayokaki ye kolela okati ya elálelo na ye.
The hunter shot a bear.	Moto ya bokila abomaki ours moko.
The tour guide stole my identity.	Molakisi nzela na ba paya ayibaki mukanda ya identite na ngai.
He enlisted in the US Navy.	Amikotisaka na mampinga ya America.
The world is a great masked ball where everyone wears a mask.	Mokili ezali etando inene ya masano bisika batu nyonso balati ba masques.
She took a trip to America, stopping in six major cities.	Asalaki mombembo na America, atelemaki na ba mboka motoba ya minene.
Tom's father was named Jean.	Papa ya Tom kombo naye ezalaki Jean.
In summer, in Italy, it doesn't get dark before 9 p.m.	Na ntangu ya été, omboka Italie, butu eyingelakai te liboso ya ngonga ntúkú míbalé na moko.
The Queen's crown was made of gold.	Kata ya muasi ya mokonzi ezalaki ya wolo.
Such travail it must have cost, this long labor to birth Roman greatness!	Esengelaki kaka ezali pasi / kobota oyo ozwi ngongo molayi lolenge moko na monene ya ba romains !
Betty has a charming voice.	Betty azali na mungongo ya kitoko.
He's convinced they're going to vote for Mr. Jones.	Azali kobanza penza makasi ete bakopono M.Jones na maponami.
My former English teacher must surely be turning in her grave right about now.	Molakisi na ngai ya muasi ya kala ya Anglais na ngonga oyo nazali kobanza ete azali kobaluka okati ya lilita naye.
Mr. Jordan woke up suddenly.	M. Jordan alamuki na mbalakata.
It is sweet and honorable to die for one's country.	Ezali likambu ya malamu mpe lokumu kokufa pona ekolo.
That's when we learned that the central post office was on fire and that they had kidnapped our president.	Nde toye koyeba ete bisika na biso ya mosala esilaki kozwa moto mpe ba kangi mokonzi na biso.
Make sure you've engaged your brain before you set your mouth in motion!	Zala nakoyeba ete bongo nayo ekanisi malamu yambo monoko nayo efungwama.
So, p is true if and only if q is true.	Na yango, p ezali ya solo kaka soki q ezali ya solo.
The old woman sent a servant for the collection box.	Mobange ya muasi atindaki mosali moko pona mabonza.
After ten years as business partners, they decided to part ways.	Sima ya kosala mbula zomi lokola baninga ya mosala, bazwaki mokano ya kokabwana.
According to this magazine, my favorite actress will marry a jazz musician next spring.	Lolenge magazine oyo elobi, mutu na ngai nalingaka mingi akobala mobeti muziki na printemps oyo ezali koya.
The plane lost part of its wing.	Mpepo ebungisaki eteni ya lipapu nango.
Soldiers on boats would make easy targets.	Ba soda okati ya masuwa bazali pete pona koboma.
The sound of your voice is like a mermaid's song.	Mongongo nayo ezali lokola loyembo ya mamiwata.
Venus is only slightly smaller than Earth, and Mars is bigger than half of Earth.	Vénus ezali mua muke lokola Mabele mpe Mars ezali monene koleka katikati ya Mabele.
What's the difference between a samurai and a ninja?	Bokeseni nini ezali kati ya samouraï na ninja ?
In American football, the defense has a specific job.	Na lisano ya ndembo (football) ya ba américain bayi défense bazali na mosala ya motuya yakosala.
Melt the chocolate, add the butter, and stir well.	Komisa sokola mayimayi, bakisa manteka mpe sangisa yango malamu.
Carol and Jane must have forgotten it at the office.	Carol na Jane babosani yango na esika ya mosala na banzi.
Most Americans agreed with President Wilson.	Ebele ya ba americains bazalaki liloba lyoko na mokonzi ya mboka Wilson.
My stomach started growling during the date. It was embarrassing.	Mitshiopo na ngai ekomaki koningana na ngonga ya bokutani. Ezali mutungisi.
Carlos is smart and creative.	Carlos azali mayele mpe akelaka.
Between us, he has a mistress.	kati na biso, azali na likangu.
He sent us such a touching poem.	Atindeli biso poème moko ezali nakasi mingi.
If idiots held a contest, you'd come in second, you're way too much of an idiot to come in first.	Soki bazoba basali momekano, okozala moto ya mibale, ozali zoba makasi yango okoki te kozala moto ya yambo.
No two people have the same fingerprints.	Bato mibale bakoki te kozala na bilembo moko ya misapi maboko ekokana.
What would you say to ice cream with chocolate sauce for dessert?	Bokanisi ete crème glacée na mua soupou ya sokola pona kolembisa munoko ezali likanisi malamu?
The children act as if they're brushing their teeth.	Bana bazali kosala lokola bazali kosukola minu.
They set up a network that covered the entire building.	Batongi réseau moko etandami na ndako mobimba.
She intends to enter a beauty pageant.	Azalaki na makanisi ya kokende na lisano ya momekano ya bonzenga.
The lion is the king of the jungle.	Ntambwe azali mokonzi ya zamba.
It is bad manners to spit out of a window onto the street, or into a fire, or anywhere else someone might step on the spit.	Ezali likanisi ya mabe kobwaka nsoyi na lininisa oyo etalisi bongo na nzela, to pe na moto to mpe na bisiki misusu wapi tokoki kotambola likolo ya nsoyi wana.
Please, Dad, be kind to him. I couldn't tell you how much his friendship means to me.	Na bondeli yo, papa zala malamu naye. Nayebi te lolenge nini na talisa yo ete nalingi azala moninga na ngai.
My cousin is addicted to heroin.	Ndeko na ngai akoangama na minyololo ya drogue.
In my city, the temperature is one degree above zero.	Na engumba, ntanngu ezali degré moko likolo ya libungutulu.
She wants to get as much as possible for her money.	Alingi azwa mingi oyo esengeli na mbongo naye.
A flush is a poker hand in which all five cards are the same suit.	Langi ezali loboko moko ya lisano ya poker esika wapi ba cartes nyonso mitano mazali na langi lyoko.
The center will remain closed for two months during the summer.	Centre ekozala bongo ya kokangama pona sanza mibale na ntangu ya été.
Hours lost on the ground cancel out the benefit of cruising speed.	Bolekisi ntangu na mokili esilisaka ntina ya mbangu oyo masuwa ezali na yango.
So we see an old truth confirmed: war is always useless.	nde sika oyo tomndime solo moko oyo esi elobama kala : Bitumba ezalaka kaka na ntina te.
The difference between the right word and the almost right word is the difference between lightning and the lightning bug.	"Bokeseni kati ya liloba ""bongo"" na ""mukie bongo"" ezali lokola bokeseni kati ya nkake (la foudre) na nkake (le foudre)."
Regular exercise is great for your health.	Kosalisa nzoto mua phisiki ntangu inso ezala malamu pona bokolongonu bwa nzoto.
Medical science has made spectacular progress.	Mayele ya mundele pona maye matali bokolongo bwa nzoto ezali kosala makamwisi ya minene.
The fields stretch out, covered in thick snow.	Bilanga ezali kokoma munene, ezipami na neinge na makasi.
Your shipment should be delivered within twenty-four hours.	Biloko na biso esengeli akomela biso na ba ngonga  ntúkú míbalé na minei.
In the eyes of many people, poverty is far worse than a vice: it is a weakness.	Na misu ya batu ebele, bobola ezali mabe koleka ezaleleli mabe : ezali bolembu.
Your lovely voice was very pleasant to the ear.	Mongongo nayo ya kitoko ezalaki malamu mingi na matoyi.
Is there somewhere we could talk in private?	Ezali na bisika oyo tokoki kosolola na nkunku ?
Linda identified Dan as the man who raped her.	Linda alakisi Dan lokola mobali oyo alalaki ye na makasi.
The colors of the pattern are very ordinary.	Langi ya bilamba bati ezali ya momeseno mpenza.
Sophie, who was hungry, ate everything she could get her hands on.	Sophie, oyo azalaki na nzala, aliyaki nyonso oyo akokaki kozwa.
The world's largest zoo is located in Berlin, Germany.	Lobala ya ba nyama ya zamba ya monene koleka na mokili mobimba ezali na Berlin, na Allemagne.
Ouch, my foot!	Ayiii, lokolo na ngai !
Science without conscience is but the ruin of the soul.	Koyeba kati na kozanga bomoto ezali koboma molimo.
Our headquarters is located in another part of the city.	Kalatyé zenelale na biso ezali na kalatyé mosusu na engumba.
Don't count on him to lend you money.	Kotiela ye motema te mpo adefisa yo mosolo.
People only become heroes when they have no other choice.	Bato bakomaka bilombe ntango bazalaka lisusu na lolenge mosusu ya kosala te.
My uncle drives terribly!	Noko na ngai ayebi kokumba te !
In our misfortune, we got lucky: we had made a full backup the day before.	Na mpasi na biso, tozwaki bongo libaku : tosalaki ebateli mobimba na mokolo oyo elekaki.
The government was closely monitoring the activities of the radical groups opposing it.	Leta azalaki kokengela na bokebi misala ya mangomba oyo bazalaki kotelemela ye.
She put the dirty laundry in the washing machine.	Atie elamba ya mbindo na kati ya masini ya kosukola bilamba.
Could you wrap it up?	Okoki kokanga yango liboke ?
I hadn't been able to sleep the night before, so I kept nodding off during the meeting.	Nakokaki kolala na butu te, na yango nazalaki konimba na ntango ya likita.
Don't dig a hole to trap someone else, or you might fall into it yourself.	Kotimola libulu te mpo na kokweyisa moto mosusu, mpamba te okokweya kuna yo moko.
The child became a ward of the nation.	Mwana etike akomaki ya motuya na ekolo.
God sent his angels to protect you wherever you go.	Nzambe atindaki bangelu naye mpo babatela yo bisika nyonso okokende.
My cousin has a large collection of figurines.	Mwana ya noko na ngai azali na liboke ya ekeko ya esaneli.
A more thorough examination is required.	Momekani ya motuya esengami.
From the height of happiness, she sank into the depths of misery.	Kowuta na bozwi ya kafu kafu, asuki na bozang oyo ya nsuka.
A farewell party was held for Mr. Smith.	Komela ya nsuka esalamaki mpo na Tata Smith.
I received this electric knife as a gift.	Nazwaki mbeli oyo ya lotilíki lokola libonza.
I think Anne loves Jacques.	Nakanisi ete Anne alingaki Jacques.
Everyone in the village called her Little Green Riding Hood.	Bato nyonso na mboka bazalaki kobenga ye Le petit Chaperon Vert.
I let my emotions cloud my judgment.	Natikaki  makasini na ngai ezangisa ngai bososoli.
Do something about the blood gushing from the wound.	Sala eloko moko mpo na makila oyo ezali kotanga na mpota.
Yesterday, I wrote to Helen.	Lobi, nakomelaki Helene.
Lovers who truly love don't put their happiness into words.	Bato oyo balingaka ya solo babetaka ntangwa te.
Since it's now legal to marry someone of the same sex, I'm this close to marrying myself.	Lokola mibeko endimi bato ya lolenge moko babalana, nakomi mpembeni ya komibala ngai moko.
Jimmy is my adopted child.	Jimmy azali mwana nabokolaka kasi nabota ye te.
I've been a member of this organization for five years. Oh wait! No, six.	Nazali moko ya lingomba oyo kobanda mbula mitano. Oh Zela ! Te, motoba.
He wasted his time betting on horse races.	Alekisi ntango na ye na kobetaka masano ya mpunda.
Liz has been dead for eight years.	Liz akufa uta mbula mwambe.
The scientist tried to discover the laws of Nature.	Moto ya mayele amekaki kokukola mibeko ya mokili.
Why must it be that the greatest crime and the greatest glory alike consist of shedding a man's blood?	Mpo na nini esengeli kaka ete mabe ya makasi to mpe kolonga  ya makasi ezalaka kaka kotangisa makila ya moto ?
Parents should supervise what their children are doing.	Baboti basengeli balandela oyo bana na bango bazali kosala.
He's gone deaf from ringing the bells.	Akomi matoyi mangongi mpo na kobeta ngonga.
This church dates back to the 12th century.	Ecclezia oyo ezali wuta sekúlo ya zomi na mibale.
Don't worry, I've covered every angle.	Komitungisama te, nazipiki bikuke nyonso.
The wind tore the roof off our building.	Mopepe epindoli eteni ya likolo ya ndako na biso.
The city is located at the northernmost point of Japan.	Engumba ezali bongo na nzela kokende likolo ya Japon.
Sales have dropped in all the big stores.	Koteka ekiti na magazini nyonso ya minene.
Tom said he wanted to visit Santa Claus at the North Pole.	Tom alobaki ete alingaki kokende kotala Père Noël na Pôle Nord.
Marie is a professional pole dancer.	Marie azali mobini na bisika oyo batiaka libende etelema.
There are wheels within wheels.	Pine izali na kati ya pine.
This meal was simply divine.	Biloko oyo ya kolia ezali kitoko makasi.
I wish I had the willpower to stop eating junk food.	Nalingi nazala na makasi ya kobanda koboya kolia bilei oyo ezali malamu te mpo na nzoto.
He came kicking and screaming.	Ayaki na mikakatano mpe na konganga.
I cannot approve, my daughter, of you fixing your admiration this way on a stranger you will most likely never see again.	Mwana na ngai ya mwasi, nakoki kondimela yo te, okende kolula moto oyo oyebi te, oyo okomonaka lisusu te.
The widow was suffering from stomach cancer.	Mwasi oyo akufela mobali azalaki kobela kansele ya likundu.
Good artists copy, great artists steal.	Bai-ntóki ya malamu bamekolaka basusu, baí-ntóki  ya lokumo bayibaka.
Soap helps remove dirt.	Sabuni esungaka mpo na kolongola bosoto.
Dad, I'm pregnant, here's the list of suspects...	Papa, nazali na zemi, tala molongo ya bato oyo nazali kokanisela...
I want a map of Texas at a scale of 1:250,000.	Nalingi kalati ya Texas na echelle 1/250000e.
Writing is a sleep deeper than death.	Kokoma ezali pongi ya mozindo koleka liwa.
The judge asked the defendant if he knew the difference between telling the truth and telling a lie.	Zuzi asengi na moto bafundaki soki ayebi bokeseni oyo ezali kati ya koloba bosolo na koloba lokuta.
One day a man asked Buddha: I want happiness! Buddha answered him: First, remove "I", that is ego. Then remove "want", that is desire. And now, all that's left for you: "happiness".	"Mokolo moko moto moko atunaki na Boudha : Nalingi esengo ! Boudha ayanoli ye boye : Liboso, longola ""Na"", ezali bongai. Mpe longola ""lingi"", ezali mposa. Mpe sikoyo, nyonso otikali na yango : ""esengo""."
We must leave the hotel before 10, otherwise we'll miss the train to Miami.	Esengeli tolongwa na lotele liboso ya ngonga ya 10, soki te tokozanga engunduka mpo na kokoma Miami.
The path to evil can bring great power, but not loyalty.	Nzela ezali kokumba na mabe ekoki komema bokonzi ya monene, kasi bosembo te.
She went on a diet for the last two months because she'd gained too much weight over the winter.	Asalaki regime ya sanza mibale ewuti koleka mpamba te akomaki monene makasi na hiver.
Latin American football teams do rather well, especially compared to Asian teams.	Masanga ya babeti ndembo ya Amerique latine balongaka malamu koleka, bango moko masanga ya Asia.
Tom is clearly not interested in joining our group.	Tom azali mpenza na mposa soki moke te ya kokota na lisanga na biso.
In case of shipment delay, we have special delay insurance.	Soki biloko ekomi na nsima ya ntango , tozali na asalasi mpo na kokoma na nsima ya ntango.
In the southern regions, sales rose by 47 percent.	Na mboka oyo ezali mpembeni ya mayi, mipepa emataki na 47 likolo ya 100.
Magic and monsters are products of the imagination.	Soloka na bilima bazali mbuma ya makanisi.
Having lost his way, he chose his route at random.	Awa abungi nzela na ye, aponi kaka nzela bongo bongo.
The floor was painted green, but the walls were yellow.	Nse ya ndako ezalaki na langi ya mayi ya pondu, kasi bifelo bizalaki na langi ya mosaka.
They bet a bottle of whiskey.	Babetanaki mondenge ya molangi ya whisky.
The fire, driven by an east wind, destroyed downtown.	Moto, ekumbamaki na mopepe ya Est, epanzi centre-ville.
Do you know who that tall blonde girl dressed in green is?	Oyebi engambe ya mwana mwasi oyo ya mpembe alati bilamba ya langi ya mayi ya pondu soki azali nani ?
When it comes to drugs, the line between use and abuse is thin.	Na makambo matali mono, ndelo ezali mukie kati ya kosalela na kosalela mabe.
He takes the view that resistance is a waste of energy.	Azwi bongo mokano ete koyika mpiko ezali kosilisa makasi.
These identical twins were separated at birth and raised in different families.	Bana mapasa bakabolaki bango na mbotama mpe bakolisamaki na mabota ekeseni.
A card was attached to the gift.	Kalati ekangamaki na libonza.
I always thought a heart attack was nature's way of telling you it's time to die.	Nakanisaki ete kosala crise ya motema ezali lolenge mpo na mokili ya koyebisa yo ete ngonga ya kokufa ekoki.
A wooden house catches fire more easily than a stone house.	Ndako etongami na mabaya epelaka moto na mpete koleka ndako oyo etongami na mabanga.
The scientist is known not only in Japan, but abroad as well.	Moto ya mayele ayebani kaka na Japon te, kasi lisusu na mboka mopaya.
The true soldier does not fight because he hates what is in front of him, but because he loves what is behind him.	Soda ya solo solo abundaka te mpo ayini moto oyo atelemi liboso na ye, kasi mpo alingi oyo ezali nsima na ye.
He tried to be brave while he was held hostage.	Amekaki koyika mpiko kasi azalaki na maboko ya baye bakangaki ye.
Monica didn't study much.	Monica atangaki kelasi ya mingi te.
Nicole speaks Japanese very well.	Nicole ayebi koloba kijaponais malamu mingi.
Never rub your eyes after cutting a chili pepper.	Kofina miso na misapi te nsima ya kokata pili pili.
After his wife left him, Harold went insane.	Nsima ya mwasi na ye koboya ye, Harold akomaki liboma.
Everyone should discover the joys of sharing for themselves.	Bato nyonso basengeli kokukola na esengo ya kokaba na ndenge na bango moko.
"Superman" comes out in theaters this month.	"""Superman"" ekobima sanza oyo na cinéma."
I just wrote a negative review about this real estate agency.	Nauti kokoma likanisi ya mabe na maye matali agence immobilière oyo.
A fool always finds an even bigger fool to admire him.	Zoba akutanaka kaka na zoba moko ya koleka ye oyo alulaka ye.
The Russians copy French customs, but always fifty years behind.	Ba Russes bamekolaka bizaleli ya ba français, kasi na mbula ntuku mitano ya mosika.
Please put me through to Mr. Smith.	Nabondeli bino bokutisa ngai na Mr Smith.
Crime is definitely on the rise in several of our big cities.	Koboma ezali komata mingi na bingumba na biso ya minene.
Who's the boy playing the role of Peter Pan?	Mwana mobali oyo azali kosala lotomo ya Peter Pan nde nani ?
One dollar equals a hundred cents.	Dollar moko ezali kokokana na centimes nkama.
I don't have enough RAM memory.	Nazali na mayele mingi te ya RAM.
I live in a small village fifty kilometers from the Polish capital.	Navandaka na mboka ya moke ezali na ba kilometele ntuku mitano na mboka mokonzi ya Pologne.
The captain gave the order to abandon ship.	Kapiteni apesi mobeko ya kosundola masuwa.
He was sent into battle.	Atindamaki na bitumba.
The names are in the order the actors entered the stage.	Bakombo elandani bongo na molongo lolenge ba acteurs bakotaki na bisika ya masano.
He got home a little before five o'clock.	Akomaki o ndaku ya ye yambo ya ngonga mintano.
A lie can travel to the ends of the earth while the truth is still lacing up its shoes.	Lokuta eyaka liboso mpe bango kasi bosolo eyaka na sima mpe malembe.
He was elected king of the end-of-year dance.	Aponamaki mokonzi na masano ya suka mbula.
I take these lozenges when my throat is dry.	Na melaka ba mbuma oyo tangu mongongo ekawukaka.
Every male student has the school's emblem on his cap.	Muana kelassi nyonso ya mobali azali na elembo ya Kelassi na ekoti na ye.
I wouldn't use a washing machine whose switch is faulty.	Na ko salela machine ya ko sokola te oyo button na yango ezali ya kobeba.
Gold is the sovereign of sovereigns.	Wolo ezali mokonzi ya ba konzi.
The absence of evidence to the contrary is itself evidence that your theory is probably true.	bozangi ya biloko oyo ezali ko lakisa lolenge mususu nde ezali eloko oyo elakisi ke likanisi na bino ezali ya solo.
If the lion is king of the animals, the eagle is king of the birds.	Soki ntambwe azali mokonzi ya ba nyama, engondó azali mokonzi ya ba ndeke.
This chemical is extremely dangerous.	Produit ya mondele oyo ezali mabe makasi.
He was on the verge of succeeding.	Akomaki pene ya ko longa.
You twist everything I say.	Ozo kima nyonso nazali ko loba.
Look over there!	Tala kuna !
Please say goodbye, madam, to your husband.	Muasi, pesa mbote ya libela, na mobali nayo.
Don't try to cover the whole sky with the palm of your hand.	Bomeka te ko zipa mapata nyonso na makata ya maboko na bino.
The judge sentenced them to five years of hard labor.	Zuzi akateli bango mbango ya mbula ntúkú mítáno ya misala na makasi.
Tom started whistling a tune.	Tom abandaki ko beta piololo na mopepe.
The Irishwoman, who writes in Irish, is a writer.	Irlanadais ya muasi, oyo akomaka na lokota ya bairlandais, azali mokomi.
I know his uncle is going to introduce a woman to him.	nayebi ete noko naye akolakisa ye muasi.
Pierre still believes in Santa Claus. His son, however, no longer believes in him.	Pierre azali naino ko ndimela Père Noël. Kasi, muana naye andimelaka yango lisusu te.
Unfortunately, the hotel you suggested was fully booked.	Mawa pamba te,  l'hôtel oyebisaki biso esi etondaki.
Germans have no sense of humor? That doesn't amuse me at all!	ba Allemands bayebi ndenge ya ko sala maseki te ? Ezo sepelisa ngai lisusu ata moke te !
The fast and effective solution for finding the job of your dreams!	Lolenge ya mbangu mpe makasi pona to zwa misala oyo tokanaka !
We adults are the ones who destroy children's intelligent and creative abilities.	Biso ba mikolo nde to bebisaka mayele mpe maksi ya ko kela ya bana mikie.
A good team is a group of individuals working together to achieve a common goal.	Lisanga ya malamu ezali bongo liboke ya bato oyo basali ko sala na lisanga pona ko kokisa mokano moko.
Winter seems to be lingering much longer this year than usual.	Hiver ezali ko wumela mingi mbula oyo koleka ba mbula misusu.
Every day is a small life: every waking and every rising is a small birth, every fresh morning a small youth, every rest and sleep a small death.	Mikolo nyonso ezali bomoi ya moke : ko lamuka nyonso mpe ko telema nyonso ezali mbotama ya moke, tongo nyonso ezali ki bolenge, bopemi nyonso to kolala nyonso ezali liwa ya moke.
Gentlemen, start your engines.	Messieurs, bo démarrez ba moteurs na bino.
That cruel man whipped his dog.	Moto oyo azanga mawa afiakolaki mbwa naye fimbu.
Cancer can be easily cured if it's detected in its early stages.	Bokono ya cancer ekoki kobikisama na pete soki emonani na tango ezali na embandeli.
A nice ray of sunshine, cold and dry, now that's beautiful winter weather!	Mwa moyi ya kitoko, mwa malili mpe mwa ko kawuka, yango nde climat ya kitoko ya hiver !
In a wide open space left clear between the crowd and the fire, a young girl was dancing.	Na etando ya monene batika polele na kati ya liboke ya bato mpe na moto, elenge muasi azalaki ko bina.
Tom is an idiot.	Tom azali zoba.
It's at the foot of the wall that you recognize the mason.	Na fondation nde bayebaka maçon.
Everyone adopted a hostile attitude toward illegal immigrants.	Bato nyonso bakomaki na bizaleli ya kanda epayi ya ba paya oyo ba yingeli mboka na lolenge ya nkunku.
The heart's function is to pump blood.	Motema ntina na yango ezali ko tindika makila.
In 1860, Lincoln was elected President of the United States of America.	Na 1860, Lincoln aponamaki mokonzi ya mboka America.
We'll need a headhunting agency to find the right man for this executive position.	To kozala na posa ya agence oyo elukaka bato ya mayele pona ko zwa moto oyo asengeli na ebonga oyo ya mokonzi.
I was involved in a trivial dispute.	Na kotisamaki na ko swana oyo eza na tina te.
He was terrified when he saw that huge snake.	Azalaki na ko banga makasi ntango amonaki nioka wana ya monene.
Tom is on his way to Boston.	Tom azali na nzela ko kende Boston.
Our freedom depends on freedom of the press, and that cannot be restricted without being lost.	Kokangolama na biso ezali ko wuta na ko kongolama ya ba panzi nsango mpe yango ekoki ko kakolama te soki te eko bunga nyonso.
"I can now count from one to a hundred in French." "Wow, great! Okay, now can you do it backwards, from a hundred down to one?" "Uh, that, I can't do yet."	« Nakoki sikoyo ko tanga kobanda moko ti na nkámá na  français. » « Waouh, kitoko ! Kasi, sikoyo sala yango lolenge ya sima, ko banda na nkámá ti na moko ? » « Euh, wana, nanu na koki te. »
Los Angeles is the second largest city in the United States.	Los Angeles ezali bongo ville ya miballe ya monene ya engumba ya America.
A blood vessel burst inside his brain.	Mosisa moko ya makila ekatani kati ya bongo nayo.
The newspaper says a lion escaped from the zoo and could now be anywhere in the city.	Lokassa ya ba nsango elobi ete ntambwe moko akimi na ndako ya ba nyama mpe akoki ko zala, sika awa na bisika songolo ya ville.
Losing your passport in a foreign country is worse than losing your luggage or having your wallet stolen.	Ko bungisa passeport na mboka mopaya ezali mabe ko leka ko bungisa bisaka to mpe bayebi yo portemonaie.
The smaller the body, the more likely the person is to suffer the harmful effects of radiation.	Lolenge moko moto azali na nzoto mikie, lolenge moko akonyokwama koleka na misala mabe ya radiations.
Linda has become the full-time nanny for Dan's children.	Linda akomi ko mokengeli ya ntangu nyonso ya bana ya Dan.
My mother yells at me all the time for no reason.	Mama na ngai agangelaka ngai ntangu nyonso na tina te.
She wrapped the gift in tissue paper and put a big red bow on top.	Azingi libonza na kati ya papier ya soie mpe atie noeud ya monene ya motane likolo.
Tom certainly didn't do anything to deserve that kind of punishment.	Tom azali mpenza eloko te oyo esengeli azwa mbano ya lolenge oyo.
The groom's enthusiasm was cooling off a few minutes before the wedding.	Ba esengo ya mobali oyo azalaki ko bala ezalaki ko sila ngonga mukie yambo ya libala.
I see Dana.	Nazo mona Dana.
There are cherry trees on both sides of the road.	Ezali na ba cerisiers na ba ngambo mibale ya nzela.
His absence gave rise to all sorts of rumors.	Koya na te epesaki bongo nzela na ba nungungu ya lolenge nyonso.
Happiness is an ideal of the imagination, not of reason.	Esengo ya solo ezalaka na mabanzo kasi na oyo elobami te.
The third star belonged to a king.	Minzoto ya misato azali ya Mokonzi.
My stomach is already growling.	Estomac na ngai ebandi deja ko loba.
They stole the horses and the oxen.	Bayibaki ba mpunda na ba ngombe.
He denied having taken part in the crime.	Awanga kozala moko ya ba bomi.
"Got a smoke?" "Yeah, but I don't have a lighter."	« Oza na likaya ? » « Eh, kasi nazali na moto te. »
The next day, the shipwreck was discovered on the shore.	Mokolo elandaki, kondinda ya masuwa emonisamaki na libongo.
Thomas threw his clothes into the dirty laundry basket.	Thomas abwakaki bilamba na ye na kitunga ya bilamba ya salite.
A quick nap and, bam, I'm as fresh as a daisy.	Bopemi ya mukie mpe mbala moko, nayoki nzoto makasi lokola moto ya elenge.
Private detectives were hired to look into the strange case.	Bato basalaka mosala ya ko landela makambu ba bengisamaki pona ko landela likambo oyo ya somo.
Hello, is this the personnel department?	Allo, ezali service ya personnel ?
The king was famous for his splendid palace.	Mokonzi zalaki ya koyebana makasi pona ndaku na ye oyo ezalaki kitoko makasi.
Tom was speaking louder than usual.	Tom azalaki ko loba na mongongo makasi koleka bo momesano.
Tracy lost her glasses.	Tracy abungisi manetti naye.
There is an important alliance between these two countries.	Ezali na boyokani moko ya motuya kati na bikolo oyo mibale.
If you had come today, I would have given you a thousand francs.	Soki oyaki lelo, nalingaki na pesa yo francs nkóto moko.
Thank you in advance for your help.	Na tondi yo botondi liboso pona lisungi na yo.
The movie was inspired by the novel of the same name.	Lakanisi ya film yango ewutaki na búku éponyme.
Kent is a born leader.	Kent abotama mokambi.
When a doctor follows a patient's coffin, sometimes it's actually the cause following the effect.	Ntangu Munganga azali kolanda sanduku ya mobeli, ezali ntangu mususu likambu nde ezali kolanda misala.
Don't get cigarette ash on the carpet.	Ko tia putulu ya likaya na tapis te.
Debbie! Can you hear me?	Debbie! Ozo yoka ngai?
We ate cotton candy at the regional fair.	To liaki  barbe-à-papa na foire régionale.
We're having a jam session at the club tomorrow evening.	Tokosala ngombe lobi na pokwa na nganda.
She admitted to having heroin.	Andimi ete azali na héroïne.
Please understand that under such circumstances, we have no choice but to find another buyer.	Bososola malamu na makambu ya boye, tozali na lolenge mususu ya kosala te  soki ko luka mosombi mususu te.
"Darn, my battery's about to die." "You should have charged it while you were sleeping."	« Njambe, batterie ezo sila. » « Esengelaki orecharger yango na ntangu ozalaki kolala. »
I am 1.58 m tall.	Nazali molayi ya 1 m 58.
Cries of joy rang out.	Milolo ya esengo ebetamaki.
It's dangerous to lean out.	Ezali mabe koyekama na libanda.
Samantha has arrived.	Samantha akomi.
It's a huge commitment.	Ezali ngambo munene.
This collection is rich in paintings by Dutch masters.	Collection oyo ezali na motuya ya ba tableaux ya ba maitres hollandais.
Solar energy doesn't threaten the environment.	Nguya ya moi ezali ko bebisa bazingazinga te.
Back in Shanghai, I make myself some good fried rice noodles with crab meat.	Na kowuta Shangai na misaleli spaghetti na loso na musuni ya kosa-kosa.
I want to be a nature photographer.	Na lingi na zala photographe ya nature.
And they will continue to influence the world through the excitement of their literature, their cinema, and their music.	Mpe bako koba na ko kumba mokili na sima ya mbonge ya makomi na bango, cinema na bango mpe mindule na bango.
This tool is completely useless.	Eloko oyo ezali na litomba ata moke te.
They gave an interview to the journalist.	Ba salaki interview na ba panzi nsango.
My wife gave birth to a child when we were very poor. While she slept, I cooked rice and vegetables for several days and surprised her with the variety and taste of my cooking.	Muasi na ngai abotaki muana moko ntangu tozali na bobola ya makasi. Ntangu azalai kolala, nazalaki kolamba loso na ndunda sima mikolo ebele na kamwisaki ye na  kitoko ya makusa na ngai.
Fortunately, we found a way to escape.	Libaku malamu tozwaki yako mona nzela ya kokima.
This church was destroyed by shellfire.	Ecclezia oyo epanzanaki na obus.
He spotted five mistakes in as many lines.	Amoni ba mbemba mitano na makomi moke kaka.
The glass fell to the ground.	Kopo ekweyi na nse.
Tom joined the Church of Satan.	Tom akoti na Ecclezia ya Satana.
Soon, I could only see his neck, floating above the waves.	Kala te, na kokaki komona kaka kingo naye, konana likolo ya ba londende.
I don't know.	Nayebi te.
Japan is located in East Asia.	Japon ezali na Asie Orientale.
I saw Andrea as she was leaving the house.	Namonaki Andrea ntangu azalaki kobima na ndako.
I was nine years old when I asked my mother if Santa Claus really existed.	Nazalaki na mbula libwá ntangu na tunaki mama na ngai soki Père Noël azalaki ya solo.
UN stands for United Nations.	UN elakisi Nations Unies.
Donald was my English teacher's first name.	Donald ezalaki nkombo ya molakissi na ngai ya Anglais.
Marie was the only girl wearing a skirt.	Marie azalaki ye moko muana muasi oyo azalaki kolata jipi.
Since the door remained locked from the inside, he couldn't get into the house.	Ekuke etikalaki ya kokangama na ndenge ya kati, akokaki te koyingela okati ya ndaku.
As you requested, I've attached a recent passport-sized photo.	Ndenge osengaki, na tie photo ya sika na lolenge ya passeport.
My sister works at the US embassy in London.	Ndeko na ngai ya muasi asalaka na ambassade ya États-Unis na Londres.
The United Nations strives to maintain peace in the world.	Ba Nations Unies bazali kosala makasi pona kobatela kimia na mokili.
A new team was formed to take part in the boat race.	Lingomba ya sika esalamaki pona ko kende na masano ya ba masuwa.
I thought I had him cornered, but he then made an unexpected move and completely turned the situation against me.	Nalingaki na kangela ye na pembeni, kasi aninganaki na mbalakata mpe abalusaki likambu na lolenge na ngai te.
This agreement is drawn up in two copies signed by both parties.	Mokanda mya boyokani oyo esalami na nkasa mibale ba ngambo mibale basali kotia mikoloto na bango.
Damn it!	Buzoba !
Blow out all the candles on the birthday cake at once.	Foula likolo ya ba bougies noynso ya fɛti na mbala moko.
The prince was magically transformed into a frog.	Muana mokonzi (prince) asilaki kobongolama ligorodo na kindoki.
A miracle is an event described by those to whom it was told by people who did not witness it.	Likamwisi ezali likambo oyo ebetami na batu oyo bayokaki lisolo epayi batu oyo bamonaki yango te.
Please remain seated until the aircraft reaches the gate.	Botikala ya kovanda kino machini ekoma na ekuke.
This excursion includes each of the five main islands.	Na kati ya mobembo oyo ezali na moko moko ya bisanga ya malonga.
The cargo ship is four hours ahead of schedule.	Mpɛ́pɔ ya biloko ezali na ngonga minei ya avance.
I love Ken the survivor!	Na lingaka mingi Ken oyo abiki na liwa.
Tom acts as if he has psychic powers.	Tom azali kosala lokola azali na ba nguya ya bondoki.
Anne has a weakness for chocolate.	Anne alingi sokolá mingi.
Thank you, sir, for your kindness.	Matondo, mobali, pona bolamu bya yo.
Everyone has duties to the community, since it is only through it that they can fully and freely develop their personality.	Moto nyonso azali na maye asengeli kosala pona mabota, pamba te akoki kolakisa na lolenge nyonso mpe na kimia nyonso bomoto naye okati ya mabota.
Turtles lay their eggs in the sand.	Ba nkoba ba bwakaka maki na bango na zelo.
I felt the tension rising between us.	nayokaki lokola kanda ekomaki koyingela okati na biso.
He was found guilty of attempted murder for attacking his mother with a knife.	Ba katelaki ye mbano ya komeka koboma moto po alanda mama na ye na mbeli.
The deer was sleeping on a bed of leaves.	Mbuli azalaki kolala na mbeto ya matiti.
Do you know how to tell silver apart from tin?	Oyebi kosala bokeseni kati ya palat na etini?
Only the paranoid survive.	Kaka batu ya bongo malamu te nde babikaka.
Please ask the secretary to store the office supplies in the storage room.	Bokoki ko senga na secrétaire abomba biloko ya bureau na esika ya ebombelo.
By signing this contract, I committed to working there for 5 years.	Nakotia mokoloto na contrat oyo, na zwaki mokona ya kosala mosala kuna pona mbula mitano.
The dancers look delicate in their white dresses, but they're actually as strong as horses.	Ba bini bazalaki lolenge ya kitoko na ba nzambala ya pembe, kasi bazali makasi lokola ba mpunda.
I can tell from your fingers that you smoke.	Nazali komona na misapi na bino ete bomelaka makaya.
This must really be hard for you. How do you cope with all of it?	Nabanza ete, esengeli kozala pasi pona bino. Bosalaka lolenge nini liboso ya oyo nyonso?
What do you get out of destroying evidence?! The right thing to do would be to contact the police, wouldn't it?	Nini ozali kozwa na ntangu ozali ko bebisa bilembo!? Eloko esengeli osala ezali ko benga polisi, eza bongo te?
The students snickered when they saw that the teacher had put his sweater on backwards.	Bana kelassi ba bukanaki na koseka ntangu bamonaki ete molakisi alataki elamba naye na sima ya mabe.
This way, please, Miss.	Bisika oyo, na bondeliyo, Elenge muasi.
The trade agreement must provide neutral ground on which to compete.	Boyokani pona lolenge ya mimbongo esengeli epesa bisika na mutu nyonso pona ateka.
When the cat's away, the mice will play.	Ntangu nyawu azali te, ba mpuku babinaka.
His recovery was nothing short of a miracle.	Kobika naye ezalaki eloko musus te kasi likamwisi.
Do you sell formal wear?	Otekaka bilamba oyo eyabana?
The shepherd always tries to convince the sheep that their interests and his are the same.	Mokengeli ba mpate amekaka ko ndimisa ba mpate ete bolamu na bango na ya ye mazali eloko moko.
British scientists have established that if you turn the Japanese flag upside down, you get the Japanese flag.	Batu ya mayele ya Angletere basili koloba boye soki obalusi bendele ya ba japonnais, okozwa kaka bendele ya ba japonnais.
Discipline is the most important part of success.	Disciplini, yango ezali motuya pona kolonga.
My friends usually call me Freddy.	Baninga na ngai ba bengaka ngai mingi mingi Freddy.
Summarize this passage in 200 words.	Koma makomi oyo na bokuse na maloba nkámá míbalé.
I don't know how to use a spinning wheel.	Nayebi kosalela rouet te.
A compliment is worth a kiss.	Liloba malamu ezali ndenge moko na lipwepwe.
The hunter cannot exist without prey.	Mutu ya bokilla akoki te kozala na bomoi soki nyama azali te.
You'd better examine the contract carefully before signing.	Esengeli nayo kotala contrat malamu yambo ya kotia mokoloto.
After six hours of climbing, we finally managed to reach the top of the mountain.	Sima ya ba ngonga sambo ya bomati, tokomaki na suka ya ngomba.
She owns a Turner.	Azali na Turner.
There is a strong bond of affection between them.	Ezali na bolingo makasi kati na bango.
If a porter carries your bags, don't forget to give him a tip.	Soki momemi amemi bisaka nayo, kobosana te kopesa ye mwa mbongo.
He let the sausage fall to the ground.	Atiki boudin naye ekweya na mabele.
It looks like this animal has a genetic problem.	Lokola nyama oyo azali na likmabo moko abotama na yango.
My grandfather was a pirate, a treasure hunter.	nkoko na ngai ya mobali azali Pirate, akendaka kokila ba sanduku.
President Kennedy was killed, but his legend will live forever.	Mokonzi Kennedy ba bomaki ye, kasi nsango naye ekotila seko na seko.
His courage throughout his illness is a source of motivation for all of us.	Nzunzu naye na ntangu ya bokono ezali lokola eloko oyo ezo pesa biso nyonso makasi.
There has been a nonstop stream of complaint calls since last week.	Ezalaki na mulongo mulayi ya kobenga pona kosamba uta mposo elekaki.
He ate chicken with salad and rolls.	Aliaki sosso na ndunda mpe mapa ya mikie.
These computers? That's money thrown out the window.	Ba ordinateurs oyo? Ezali mbongo ebwakami pamba.
You need technical knowledge to understand how this system works.	Esengeli nayo kozala na mayele oyo matali tekiniki pona ososola lolenge eloko oyo esalaka.
We judge ourselves by our intentions while we judge others by their actions.	Tomitalaka na makanisi mya biso kasi totalaka basusu na misala mya bango.
You wouldn't use an aerosol spray to clean your cell phone, would you?	Okozwa machini ya pema te pona kosukala telephone nayo, bongo?
A captain commands his ship and its crew.	Kapita nde akonzaka masuwa na batu oyo bazali na kati.
The path winds along the road.	Nzela ezali nioka nioka bisika nyonso.
My head is spinning and I feel nauseous.	Nazoyako mutu kobaluka mpe naza na posa ya kosanza.
Hooker was extremely delighted.	Hooker azalaki na esengo makasi.
Mary wears a sports bra while exercising.	Mary alati soutien ya masano na natangu ya masano.
Tom has no criminal record.	Tom azali na likambo moko te na bayi mibeko.
He's naked as a jaybird.	Azali penza motakala lokola mutshiopi.
Daylight saving time begins on April third.	Ntangu ya d'été ebandaka mokolo ya misatu ya sanza ya misatu.
Mr. Joel is currently on duty.	M. Joel azali kati ya musala sasaipi.
We were granted the privilege of being able to fish in this bay.	Bapesi biso ndingisa ya koteya okati ya esobe oyo.
Anyone who hears their recorded voice has the feeling of listening to a stranger.	Moto oyo azali koyoka mungongo naye ba registé ako kokanisa lokola azali koyoka mupaya.
A relationship based on absolute honesty is doomed to fail.	Bolingo oyo ezali na bosolo ya makasi esimbaka te.
Jessie spoke French poorly and German even worse.	Jessie azalaki koloba lopoto mabe mpe ki allemand mabe koleka.
Our total debt amounts to ten thousand dollars.	Niongo na biso nyonso ezali ya motuya ya dollars nkóto zomi.
Meg is curious to know everything about Japan.	Meg azali na posa ya koyeba mingi na oyo etali Japon.
It's a shame you're going back to China soon; there won't be anyone left to keep me company.	Eza pasi lolenge ozo zonga chine kala mingi te, mutu akovanda ngai akozala lisusu te.
Georgia is his home country.	Géorgie ezali mboka naye bisika abotama.
You get the right to vote at twenty.	Tozali na ndingisa na maponami na mbula ntúkú míbalé.
I don't think people should make a mountain out of a molehill.	Na banza ete bato basengeli kosala ngomba kobanda na kosangisa zelo.
I must be getting tired. I get sleepy as soon as I finish dinner.	Nazali kolembisa. Nazwaka pongi soki nasilisi kolia.
The room was packed with journalists waiting for the press conference to begin.	Bisika etondisamaki na ba panzi nsango bazalaki kozela ete conference ebanda.
I like to shop at the local farmers' market.	Nasepelaka kosala wenze na ngai na wenze ya ba kengeli mpate oyo ya pembeni.
I reminded him of his meeting with the president.	Nayebisaki ye lisusu bokutnaki naye na mokonzi.
We will publish the final agenda on the morning of Monday, January 20th, so please reply quickly.	Toko panza na mokili ntina ya suka ya lisolo na biso na ntongo ya mokolo ya liboso ya mokolo ya ntúkú míbalé mya sanza ya yambo, na yango boyanola na lombango.
If only I had sold this property during the bubble, I wouldn't have lost so much money.	Soki na tekaki bisika oyo na ntangu ya mbonge, nalingaki na bungisa mbongo ebele boye te.
If you plant an apple seed, it could become a tree.	Soki oloni mbuma ya pomme lobi ekoki kokoma nzete.
The cows are big and their horns are long; the sheep are small and their horns are short.	Ba ngombe bazali minene mpe maseke na bango mazali milayi; ba mpate bazali mikie mpe maseke na bango mazali mikuse.
Time passes and turns the wheel of life, as water does the mill wheel.	ntangu ezali koleka mpe azali kolekisa mikolo lokola mayi ya ebale.
Tom committed crimes, but was never convicted.	Tom abomi, kasi azwi mbano te.
Our club's activities are constantly spoiled by his behavior.	batu ya lingomba na biso basepelaka na ezaleli naye te.
Paul came to Rome to greet me.	Paul ayaki na Roma pona kopesa ngai mbote.
I ran into Naomi on my way home and we talked.	Nakutani na Naomi na ntangu ya bozongi ndaku mpe tosololaki.
Mr. Brooke seems to be an honest man.	Namoni lokola M. Brooke azali mutu ya sembo.
The world follows a golden rule: whoever has the gold makes the rules.	Mokili ezali kolanda mibeko ya wolo: Oyo azali na wolo nde azali kopesa mibeko.
The castle is for sale for 10 million euros.	Ndako mone mpe kitoko oyo ezali ya koteka naba euros millioni zomi.
Jon is much more attractive than Tom.	Jon azali kitoko mingi koleka Tom.
Mr. Adams was foolish to agree to the proposal.	M. Adams azalaki zoba lolenge andimaki likanisi wana.
There are huge snakes on this island.	Ba nyoka minene bazali na esanga oyo.
Any song sung in French puts me in an amorous mood.	Nzembo nyonso eyambaka na lopoto ekomisaka ngai na posa ya ekobo.
He decided to be cautious and withdraw from the tournament because of his injured knee.	Azwaki mokona ya kozala ekenge mpe yako bendana na masano likolo ya libolongo na ye ezokaki mpota.
I buy a lot of stuff at this store.	Na sombi biloko ebele na magasin oyo.
March comes between February and April.	Sanza ya misato ezalaka na kati kati ya sanza ya mibale na ya minei.
Beware of anyone who wants to deny you access to information, because in his heart, he dreams of being your master.	Sala keba na mutu oyo alingi kopimela yo nsango pamba na motema naye, alingi azali mokonzi nayo.
Gin is not my friend.	Gin azali moninga na ngai te.
Nicholas and Maria love each other.	Nicholas na Maria balingani.
In the USA, becoming a doctor takes a minimum of eight years of university study.	Na America, kokoma munganga ezwaka mukie mbula mwambe ya botangi kelassi oyo ya likolo.
According to the stars, we are not compatible.	Na ndenge ya minzoto, tokokani te.
Preventing the disease from spreading rapidly was not an easy thing.	Ko pekisa bokono epanzana na lobango ezalaki eloko ya pete te.
Dan was in his apartment when he heard Matt and Linda arguing in the hallway.	dan azalaki na ndako naye ntangu ayoki matt na Linda kozwana na couloir.
There were three buttons at the bottom of the robot's back.	Ezalaki naba mbuma misato na nse ya mokongo ya robot.
They earn their living by collecting and selling old newspapers.	bazwaka nkwanga na bango na bokongoli mpe boteki ba nkasa (journaux) ya kala.
I find shrimp salad delicious.	Namoni salade na crevettes eza kitoko.
Can you lend me a ten-cent coin?	Okoki kodefisa ngai mpata ya centimi zomi (10 centimes) ?
Soviet troops began withdrawing from Afghanistan.	Ba mampinga ya ba Russie ba bandi kolongwa na Afghanistan.
Cleveland wasn't sure that the boy was his son.	Cleveland azalaki na kondima te ete muana ya mobali azali muana naye.
Instead of going there myself, I sent a messenger.	Na esika na kende ngai moko, na tindaki molobeli.
This chocolate is very smooth and tastes very good.	Sokola oyo ezali pete mpe ezali kitoko.
Elaine is in the hospital.	Elaine azali na lopitalo.
Ice covers the lake during winter.	Glasi ezipiki lac, na ntangu ya hiver.
We headed toward a pond at the foot of the hill.	Tokendeki pembeni ya liziba oyo ezali na nse ya ngomba.
John knows English history from A to Z.	John ayebi lisolo ya ba angalis kobanda ebandeli ti suka.
I slipped and got hurt while clearing snow off the road this morning.	Na sielumukaki mpe nazoki mpota ntangu nazalaki kolongola neige na nzela na tongo ya lelo.
It's just a cheap publicity stunt.	Ezali kaka lolenge ya kosala publicité na mbongo mukie.
Dong is a Korean citizen.	Dong azali mutu ya mboka corée.
Elvis has left the building.	Elvis alongwe na ndaku.
It was a pleasure meeting you, Mr. and Mrs. Thompson. Here's my card.	Ezalaki esengo ya kokutna na bino, M. na Mme. Thompson. Carte na ngai yango oyo.
The ragged boy turned out to be a prince in disguise.	Mwana mobali oyo ya mobola amimonisaki nasima ete ezali muana ya mokonzi amibongolaki mobola.
He's thinking of inviting a lot of people to the closing ceremony.	Azali na likanisi ya kobengisa batu ebele na mayangani ya suka.
Fairy tales usually begin with the phrase "once upon a time..." and end with "...they lived happily ever after and had many children."	"Masapo mabandaka mingi mingi na liloba oyo ""ezalaki mokolo moko..."" mpe ma sukaka na ""...bawumelaki na bomoi mpe babotaki bana ebele""."
Ding is playing on the computer.	Ding azali kosakana na ordinateur.
The emperor prayed for the repose of the dead.	Mokonzi asembelaki pona bopemi na kimia ya ba weyi.
A pizza? That works, yeah.	Pizza moko? Ekoki kosalema, eh.
She studied in the United States.	Asala ba kelassi naye na États-Unis.
"You scoundrel!" I cried, "what are you doing?"	Balado! Na mingangela, ozo sala nini?
Douglas finally agreed to speak with Lincoln.	Douglas asili ko ndima kolobana na Lincon.
You're a funny girl.	Ozali muana muasi moko ndenge.
Sometimes, at nightfall, he would look up curiously at the starry sky.	Ntangu misusu, na ngonga butu esili koyingela, azalaki kotombola misu na likolo etonda minzoto na mposa.
He keeps a diary, and that encouraged me to do the same, but in English.	Asimbi mokanda ya sekele, mpe yango epesaki ngai makasi yako sala lolenge wana, kasi na lokota ya anglais.
Whether or not Shakespeare wrote this poem will probably remain a mystery.	Soki Shakespeare akoma maloba oyo to te ekotikala motuna.
Most of the snakes on this island are harmless.	Ba nyoka mingi, na esanga oyo, bazali ya mabe te.
He will help us change the tire.	Akosunga biso pona kotia pneu mususu.
The ball rolled along the ground toward me.	Ndembo atembolaki na nse bisika nazalaki.
Such treatment would make anyone rebel.	Makambu ya boye ekokaki kotombokisa mutu nyonso.
I have extremely fair skin and I don't tan at all.	Nazali na loposo pembe makasi mpe na mitikaka na nse ya moyi te.
Where is the nearest supermarket?	Supermarché ya pembeni ezali wapi?
Mr. White said that because of the convention, there were no free rooms.	Monsieur White alobi likolo ya mayangani, bisika ya polele ezalaki lisusu te.
Dead leaves float on the surface of the water.	Mankasa ekufa mazalaki kotambola likolo ya mayi.
Please write the size, color, and style on the order form.	Komisa mulayi, langi mpe lolenge na mokanda ya commande.
He covered his back with a blue coat.	Azipaki mokongo naye na kazaka ya langi ya bule.
When we eat, we chew slowly.	Ntangu toliaka, to tafunaka malembe.
Health is an essential factor in happiness.	Bokolongonu bwa nzoto ezali eleko ya motuya pona esengo.
The lion roars.	Ntambwe angangi.
Sooner or later, all parents must have a conversation with their children about the birds and the bees.	Ata lelo te kasi lobi, Ba boti nyonso basengeli kozala na lislo na bana na bango na maye matali ba fololo mpe ba ndunda.
This winter, writing took up most of my free time.	na hiver oyo, kokoma nde ezwaki mingi ya ba ngonga na ngai ya bopemi.
The maid came in carrying a cake.	Boyi ya muasi akotaki na gâteau azalaki komema.
How much is nine minus six?	Libwá kolongola motóba epesi boni?
Mr. Smith proposed to Jane.	M. Smith asengi Jane libala.
If you don't study more, you'll keep getting bad grades.	Soki ozali kotanga mingi te, okozwa kaka ba points ya mabe.
This glove has a hole at the thumb.	Gant oyo etoboka esika ya musapi ya munene.
Dan helped Linda find an elegant dress at the clothing store.	Dan asungaki Liinda azwa nzambala ya kitoko na boutiki ya bilamba.
He is wanted for car theft.	Azali yakolukisama pona moyibi ya motuka.
They accused the president of not caring about the man on the street.	Bazalaki kofunda mokonzi ya ekolo ete azali komitungisama te pona mutu ya nzela.
Not seeing you online for a whole day scares me.	Kozanga komona yo en ligne mokolo mobimba ezali kobangisa ngai.
There is a festival during the rice harvest.	Ezali na mayangani ya bokongoli loso.
If you don't plant the seeds, they won't grow.	Soki oloni ba mbumba te, bakobota te.
The doctor sent the living patient to the morgue.	Dokotolo a tindaki mobeli ya bomoyi na ndaku ya baweyi (morgue).
Women who seek to be equal to men lack ambition.	Basi oyo balukaka bakokana na mibali bazanka makambu ya kosala.
Tom offers to go shopping while Marie watches the children.	Tom asengi marie soki akoki kosala wenze ntangu ye azali kokengela bana.
It is sweet and noble to die for one's country.	Ezali likambo ya kitoko mpe lokumu kokufa pona ekolo.
I would like to go into foreign trade in the future.	Nakolinga nasala mombongo ya libanda ekolo na mikolo mikoya.
You remind me so much of my friend Marina, a great master of Russian.	Ozali kokanisisa ngai moninga na ngai marina, molakisi monene ya russe.
We chose Jeffrey as our team captain.	Toponi Jeffrey lokola capitanaie ya lisanga na biso.
As usual, he reads the newspaper while eating.	Bomomesano, Azali kotanga Lokasa (journal) na koliya.
He threw himself into the wolf's jaws.	Amikotisi na monoko ya ngando.
A perfect map should be as big as the territory it represents.	Carte ya malamu esengeli ezala monene lolenge moko na mboka oyo ezali kolakisa.
I found a rare stamp at this store.	Nazwi timbre moko oyo emonanaka pamba pamba te na magasin oyo.
Several soldiers were wounded during the offensive.	ba soda ebele basilaki kozoka ntangu ya bitumba.
For years, he's been at his fish stall at the market every Tuesday.	Uta ba mbula ebele, azalaka na bisika naye ya botandi mbisi mokolo nyonso ya mibale ya mposo.
The people of America fought for their independence.	Bayi America bambundaki pona lipanda na bango.
Hello everyone!	Mbote na baye banso !
Does a uniform eliminate differences in social class?	Sokoto ezali kolongola bokeseni okati ya bayi ekolo?
At the theater, Kathy switched seats with her mother.	Na bisika ya masano, Kathy na mama na ye ba bongolaki bisika na bango.
Tom is watching a movie on the second German TV channel.	Tom azali kotala bilili na chaine ya mibale ya ba allemands.
Sam helps anyone who asks him.	Sam asungaka moto nyonso oyo asengaka ye lisungi.
Thomas bought a bottle of olive oil.	Thomas asombi mulangi ya mafuta ya olive.
Sir, you smoked in your room, and we've added a $200 charge to your bill.	Monsieur, omelaki likaya na esika olalaki mpe tobakisi nkámá mibale ya dollars na fature na yo.
"Oh no! I'm late again! They're going to end up calling me 'the King of Lateness.'"	"Oh, te ! Nazali lisusu na retard ! Tii bakobenga ngai ""Mukonzi ya retard""."
The audience thought it wasn't a short circuit, but that it was part of the show.	Batali ya lisano ba banzaki ete ezalaki nkonkoso ya lotiliki te, kasi ezalaki lolenge lisano elengelamaki.
When he arrived in London, he sent me a telegram.	Ntangu akomaki Londres, atindelaki ngai nkoma.
The stomach is one of the internal organs.	Líkundú ezali moko ya biteni ya kati ya nzoto.
He owed his success as much to his skill as to his diligence.	Kolonga naye ezalaki kowuta na bompikiliki mpe komipesa naye na mosala.
The young man was arrested for his involvement in a riot.	Elenge akangamaki po amikotisaki na mobulu.
It's only when I can't sleep at night that the ticking of the clock becomes loud enough to bother me.	Kaka na ntangu ya bozangi pongi na butu nde makelele  ya likonga ya ngonga ekomaka mutungisi pona ngai.
Thank you for your politeness.	Natondi yo pona botosi bwa yo.
He called me an hour ago.	Abengaki ngai na alo alo ewuti koleka ngonga moko.
The teacher stressed the importance of daily exercises.	Molakisi abetaki sete na ntina ya koyekola mikolo inso.
I wear shorts all the time.	Nalataka kupe ngonga nyonso.
Mortal enemies are immortal friends.	Banguna oyo bakoki kokufa bazali baninga oyo bakufaka te.
Carbon dating was performed on the sample to determine its age.	Datation au carbone esalemaki na eteni oyo eponamaki pona koyeba mbula n'ango.
Dan heard sounds of sex all night long at the hotel.	Dan Ayoki makelele ya bosangisi nzoto butu mobimba na hôtel.
Consider the following scenario.	Kanisa lolenge oyo.
Forgive me for interrupting you, but could you open the window?	Bolimbisi nakokata yo maloba, kasi okoki kofungola lininisa.
Despair led him to attempt suicide.	Bozangi elikya ememi ye koluka komiboma.
Animals act according to their instincts.	Banyama basalaka makambu na lolenge ya bonyama na bango.
Unless you have evidence, you cannot accuse him of theft.	Loba ozala na biye mazali kolakisa, okoki kofunda ye na kimoyibi te.
The café is on the ground floor, two floors down.	Café ezali  na nse, kokita ba étages mibale.
Whether a joke is perceived as funny depends heavily on the cultural context.	Pona liseki emonisama lokola ezali kosekisa makasi esengeli kolanda bizaleli ya bisika ezali kopesama.
There are those who, in a desperate situation, seek help through others' prayers, but don't think to pray for themselves.	Ezalaka na bato, ontei ya bozangi elikya, balukaka lisungi kati ya mabondeli ya baninga, kasi bazalaka na likannisi ya kosambela te pona bango moko.
We have three adopted children. The two youngest are biological brothers.	Tozwa bana misato bakoma lokola ya biso. Ba oyo mibale ya bilenge makasi bazali ba ndeko ya makila.
My uncle is an amateur cricket player.	Noko na ngai azali mobeti ya lisano ya cricket kasi ezali mosala naye te.
Marc is in the bedroom.	Marc azali na chambre esika ya kolala.
The two countries are going to negotiate a settlement to the crisis.	Ba mboka nyonso mibale bakosolola mobeko pona kosunga na mobulu oyo eyingeli.
She completely sacrificed herself to raise her children.	Amipesi mbeka pona kokolisa bana naye.
No one knows exactly how many races make up the population of the United States.	Moto moko te ayebi motuya ya ba lolenge ya bato oyo bazali kosala population ya  États-Unis.
The proof that the cake is good is that it's being eaten.	Eloko ezali kolakisa ete gâteau ezali kitoko ezali koliama nango.
The police questioned many people who were working near the crime scene.	Pulusu atunaki bato ebele oyo bazalaki kosala pembeni ya bisika likama esalemaki mituna.
I've made peace with my creator. I'm ready to die.	Na luki kimia na mokeli na ngai. Na zali ya kobongama pona kokufa.
Emily is afraid of heights.	Emily abangaka kozala likolo.
The spies poisoned the count.	Banɔ́ngi ba tielaki mokonzi poison.
The operation was really touch-and-go at one point, but the doctor thinks he'll survive.	Lipaso ezalaki na bokebi makasi, sika awa, na ngonga moko, kasi munganga akanisi ete akobika.
I had never seen a star so bright.	Na mona naino munzoto kongenga boye te.
The savage stole my precious jewels and fled.	Moto ya bonyama ayibaki ngai mabanga na ngai ya talo mpe akimaki.
Many cultural differences remain between West Germany and East Germany.	Bokeseni ebele na maye matala bizaleli kati ya Allemagne ya eloli (Ouest) mpe Allemagne ya monyele (Est).
I suppose you'll need this.	Na banzi ete okozala na mposa ya oyo.
The terrorists swore to take revenge on this country.	Ba terroristes ba lapaki ndayi ete ba kobekola  na mboka oyo.
My name is strange.	Kombo na ngai ezali somo.
Thank you for finally explaining to me why people take me for a fool.	Matondo na ndenge ondimbolisi ngai pona nini bato bazali kozwa ngai lokola zoba.
The nun prayed and made the sign of the cross.	Mamelo asambelaki mpe asalaki elembo ya ekuluze.
We all fight against our own remedy; for death is the remedy for all ills.	To bundisaka biso nyonso nkisi na biso; pamba te liwa ezali nkisi na mikakatano nyonso.
Ireland and England are separated by the sea.	Irlande na Angleterre bakabwani na mayi (mer).
Science is based on rigorous observations.	Science elandaka mamonisami oyo ya kafu kafu.
It was a suicide attack.	Ezalaki attentat ya komiboma.
I cannot forgive him for insulting me in public.	Nakoki kolimbisa ye te pona lolenge afingi ngai na esika ya bato ebele.
During the war, America tried to halt trade with England.	na ntangu ya bitumba, America amekaki kokata mombongo na Angleterre.
Once, Tom ate at a cheap restaurant and got food poisoning. So now he's very careful about where he eats.	Mbala moko, Tom aliaki  na restaurant ya talo moke mpe abelaki libumu. Akoma na ekenge koleka na bisika aliaka.
Enormous numbers of soldiers and civilians were killed.	Motuya ya ba soda mpe ba civils ebele ba bomaki.
You may kiss the bride.	Okoki koyamba muasi nayo obali.
I want to file a formal complaint.	Nako kotisa plainte lolenge esengeli.
The Catholic Church is opposed to divorce.	Ecclezia katoliko eboyaka bokabwani ya balongani.
They had to join Jacques.	Basili kolanda Jacques.
The salmon swims upstream and lays its eggs in the sand.	Mbisi ya saumon amataka likolo ya mayi  mpe atikaka maki naye na mabele.
The thread goes wherever the needle pulls it.	Singa elandaka nzela ya ntonga.
One mangy sheep infects the whole flock.	Lilala moko ya kopola ebebisaka malala nyonso.
Throughout the whole lesson, he was counting flies.	Na ntangu ya mateya, ye azalaki kotanga ba nzinzi.
Napoleon led his troops into Russia.	Napoléon amemaki ba mampiga mya ye na mboka Russie.
Most traffic accidents are due to lack of sleep.	Makama mingi makomaka na nzela ya mutuka mawutaka na mpongi.
The Latin language is not entirely unknown to me, but I am completely incapable of speaking it.	Lokota ya latin ezali mopaya te epayi na ngai kasi nazali na makasi te yako loba yango.
The queen of witches is dead.	Mokonzi ya ba ndoki ya basi akufi.
Don't waste a single grain of rice!	Kobebisa ata mbuma moko te ya loso !
In Japan, hot springs are abundant.	Na Japon, bisika ya mayi ya moto ebimaka mazali ebele.
I hate interviews.	Nayina masolo.
Your political party is completely corrupt.	Lisanga ya politiki na yo etondi na bato ya kaniaka.
Thus, fifty percent of muscle can give way to fat.	Na yango, kati kati ya misisa ya nzoto makoki kotika esika na mafuta ya nzoto.
She has an automatic washing machine.	Azali na mashini ya kosukola ya automatique.
The sight of the fresh lobster gave me an appetite.	Na komona KosaKosa ya monene mpe sika epesi ngai mposa ya kolia.
Digital technology for language learning is slowly but surely taking hold.	Mayele ya sika pona boyekoli lokota ezali koyingela malembe malembe kasi na lolenge esengeli.
This man has hit rock bottom: his wife left him, he got fired from his job, and he's an alcoholic. The worst part is that I knew him — he was my boss five years ago.	Moto oyo akomi na suka : muasi naye akimi ye balongeli ye na musala mpe azali moto ya milangwa. Eleko ya mpasi ezali ete nayebaki ye, azalaki mukonzi na ngai eleki ba mbula mitano.
My client wishes to plead guilty.	Moto nazali kosambela alingi andima mbeba naye.
We were sweating because of the heat.	Totondisamaki na mutoki likolo ya mulunge.
Marie started giggling.	Marie akomaki kosala makelele ya koseka.
Dan is the only crook around here.	Dan azali nagwalima moko oyo azali na bisika oyo.
This bill was submitted for the Senate's approval.	Makanisi ya mibeko oyo ekotaki na Sénat pona kondimama.
He set to work so that Congress would lower taxes.	Amipesaki mosala po ete Sénat ekitisa ba mpako.
Among us today there is developing a concentration of private power unequaled in history.	Kati na biso na mokolo ya lelo bokonzi ya bato ezali kokoba koleka lolenge ya kala.
Nowadays, almost all cars have a GPS.	Na mikolo mya lelo, ba mituka nyonso ezali mingi mingi na GPS.
My uncle vouched for my debts.	Noko na ngai andimaki ete akofuta ba niongo na ngai.
We could hear wolves howling in the distance.	Tokokaki koyoka ba mbwa ya zamba konganga na musika.
Medical marijuana is legal in this state.	Diamba pona kobikisa endingisami na Mbula matari.
The fire reduced the entire village to ashes.	Moto ekomisi mboka nyonso putulu.
He was totally hitting on you at the bar.	Azalai kotia yo litoyo penza, na ekala.
The company issued a press release.	Kompanyi esilaki kopesa nsango ezalaki kowuta na ba panzi nsango.
The angry crowd was throwing objects at the police.	Lisanga ya bato na nkanda bazalaki kobamba mabanga na ba pulusu.
We sang songs together in a chorus.	Tozalaki koyemba ba nzembo na lolenge ya lisanga.
If you go underwater, hold your breath and blow out to unblock your ears.	Soki okayi na nse ya mayi, kanga mpema mya yo mpe bimisa mpema pona ete matoyi mya yo ma fungwama.
She often talks about her fiancé.	Abetaka mingi lisolo ya likangu na ye.
It's my special recipe, rabbit stew.	Oyo ezali elubu na ngai ya ntina, soupou ya lapin.
Greece is taking radical measures to avoid the collapse of its financial system.	 Grèce azali kozwa mikano ya kafu kafu pona kobatela bokasi ya mosolo mya maye matali misolo mya ye.
I would also like to take this opportunity to tell that arrogant guy, who I hope is listening to this program, that everyone is fed up with his haughty comments and that we all want to see him go.	Nakolinga zwa eposa (opportunite) oyo, na lolenge moko, pona koyebisa moto ya lelendo oyo, na banzi, azolanda mabongisi oyo, ete bato nyonso balembi maloba mya ye ya lolendo mpe tolingi komona ye akende.
Moaning, weeping, praying is likewise cowardly. Vigorously carry out your long and heavy task, on the path where Fate has chosen to call you, then afterward, like me, suffer and die without complaint.	Komilela lela, kolela, kosambela ezali mpe lokola goigoi. Sala mosala mya yo na makasi nyonso na lolenge oyo esengeli, ndenge etinda na yo na mokili esengeli, mpe na sima, lokola ngai, nyokwama mpe kufa koloba eloko te.
Sorry, honey, there's no way I can spend a whole evening chatting over cocktails.	Bolimbisi, bolingo, ezali na lolenge moko te oyo nakoki kozwa mpokwa mobimba pona lisolo pembeni ya nkopo ya masanga.
Latin uses 23 letters: a, b, c, d, e, f, g, h, i, k, l, m, n, o, p, q, r, s, t, u, x, y, z.	Latin esalelaka ba nkoma ntúkú míbalé na mísáto : a, b, c, d, e, f, g, h, i, k, l, m, n, o, p, q, r, s, t, u, x, y, z.
At times he told himself that letting such a beautiful woman go out alone in Paris like that was as reckless as leaving a jewelry box full of jewels in the middle of the street.	Ba ntangu misusu azalaki komilobela ete kotika muasi kitoko lolenge oyo kobima ye moko na Paris ezalaki likanisi ya kozanga ekenge ndenge moko na kotika sanduku ya ba biju ya motuya na kati kati ya bala bala.
The Japanese tend to want to know certain personal information about someone, such as their age, social status, and whether or not they're married, before feeling comfortable talking with a foreigner.	Ba Japonais bazalaka na bizaleli ya koluka koyeba mingi maye matali mutu lokola mbula naye, bozwi naye, soki abala to te, liboso ba ndima kosolola na mopaya.
Aeneas emerges from the cloud and appears suddenly; he pays his compliments to the queen, who gives him a very warm welcome, and he hastens to send provisions of every kind to his companions who remained on the shore.	Énée abimi na mapata mpe abimi na pwasa ; apesi ya ye longonya na muasi ya mokonzi, oyo asalelaki ye nteke ya malonga, mpe awelisi kotindela biloko ya lolenge nyonso na ba ninga na ye oyo batikalaki na  pembeni ya mayi.
To end up naked, suffocating in a padlocked gym bag, with the key to the padlock under your buttocks, inside the bag, you'd have to be an English spy, right?	Po ete omonisma motakala, yako kangelama mpe kozanga lolenge ya koppema okati ya sacoche na cadena, fungola ya cadena na nse ya masoko, okati ya sacoche, sengeli ozala espion ya ba anglais, bongo te?
It's clear that Americans can't even solve their own problems. So how can they possibly think they're capable of handling the problems of the rest of the world?	Ezali komonisema na pole ete ba Américains bazali na makoki yako silisa makambo na bango moko te. Boni boni bakoki kozala na makanisi yako banza ete bakoki kosilisa makambu ya mokili misusu?
"But listen, and learn by what certain signs these places promised by fate will make themselves known."	""" Kasi yoka, mpe yabe na bilembo nini basusu / bako yebisa bisika oyo abingisamaki na bomoi na bango. """
As for me, rather than trying to be a cosmopolitan, likeable man, I would like to be someone from the land with an open mind.	Pona ngai, bisika ya komeka kozala moto awuti na engumba monene mpe azali malamu, nakosepela kozala moto awuti mboka kasi atoondisami na makanisi.
Unfortunately, the police had to wait for another victim before trying to learn more about the serial killer.	Mawa po ete, pulusu ezelaki ete moto musus akufa yambo ba luka koyeba nani zalaki mobomi ya ba mbala ebele.
After the destruction of the Second World War in the city center, many new buildings appeared. However, some beautiful old residences still exist in a few places.	Sima ya bopanzi oyo eselamaki na bitumba ya mokili mobimba pona ntangu ya mibale na centre-ville, ba ndako ya siika mamonisamaki. Kasi ba ndako misusu mya kala masili kozala na bisika misusu.
You want answers to questions you shouldn't be asking.	Bolingi biyano na mituna oyo esengelaki botuna te.
The car is parked in Zone E, spot 97. Exit through the main entrance, turn right, and go to the end of the terminal.	Motuka etelemisami na Zone E, place 97. Bima na nzela ya monene ya kokotela, baluka na loboko ya mobali mpe kende ti na suka ya terminal.
Never pass in front of any church without reverently greeting and worshiping Jesus Christ who rests there, and honoring the Saint to whom it is dedicated: show the same respect to the crosses you encounter.	Kolekaka soki mokolo moko te liboso ya ecclezia mpe opesa mbote ya botosi to mpe osanjola Yezu te oyo azali kopema kuna, mpe kumisa mosantu oyo ecclesia epesameli : lakisa botosi na ba ekuluzu nyonso ozali komona na nxela na yo.
Don't you remember that singer from back then, Komuro or Himuro, I don't really remember, who did some weird dance?	Oza kanisa lisusu mooyembi ya muasi oyo te na ntangu  wana, Komuro ou Himuro,nayebi te soki na tangi ye malamu, oyo azalaki kosala mabima moko ya ndenge ?
Even though the two boys hadn't liked each other's partner at first, they quickly became friends.	Ata soki bana ya mibali mibale ya mikie bazalaki kolinga molongani ya moko moko te, bakomaki ba ninga na sima.
Yesterday we went to a classical music concert. During the first part, they played something sad — I almost fell asleep; the second part was a bit more cheerful.	Lobi tokendaki mindule ya miziki ya mindele. Na ntangu ya eteni ya yambo, babetaki betaki eloko moko ya mawa - na komaki pene ya kolala ; eteni ya mibale nde ezali mwa moke na esengo.
With the past no longer illuminating the future, the mind walks in darkness.	Ntangu eleka ezali kopesa pole lisusu te na ntangu ekoya, molimo ezali kotambola na molili.
Hey, wait a minute. I hope you're not trying to tell me that you're not going to pay me back my money.	Eh, zela ngonga moko. Nabanzi ozali komeka  koyebisa ngai ete okozongisela ngai mosolo na ngai te.
Aeneas first sees to providing for his companions' immediate needs; he goes hunting and kills several deer, which he distributes to them; he then offers them some words of encouragement.	Énée azali kolengele nanu ba ninga na ye na bopesi bango biye bisengeli ya yambo ; azali kokende bokila, mpe koboma ba mboloko ebele oyo azali kokabolela bango; sima na yango ayebisi bango ba yika mpiko.
There he takes aboard an unfortunate Greek from Ulysses's company, named Achaemenides, who had been left on that shore, abandoned by his companions.	Kuna asili koyamba epayi na ye moto ya mawa moko ya greki oyo azalaki na lingomba ya Ulysse, na kombo ya Acheménide, oyo atikalaki na libongo wana mpo baninga naye basundolaki ye.
Once you've made Berthe sick, you'll have to call the doctor, it'll cost money at the pharmacist's, and once again you'll be the one left holding the bag...	Ntangu okobelisa Berthe, esengeli obenga dokotolo, ekosenga misolo epayi ya moteki nkisi (pharmacien), mpe ekozala yo lisusu moto okobima zoba...
Do you remember "Wacky Races"? Look at the primary in the United States of America — it looks awfully similar!	Ozali koyeba lisusu « Batu ya maboma oyo bazalaki kokumba » ? Tala ba maponami ya liboso ya America, ezali penza kokokana !
Below, sword in hand, fearless cohorts crowd inside and guard the gates. My fury awakens in these moments of terror; I fly to their aid, to the aid of my king.	Soki okiti mingi na nse, libende na maboko, Lisanga ya bato ya mpiko / ba kokende na lobango na kati, mpe kobatela bikuke. / Nkanda na ngai elamuki na ba ntangu oyo ya bobangi ; / na keyi kosunga bango, kosunga mokinzi na ngai.
Well, if it keeps snowing, Santa Claus won't be able to arrive on time.	Na yango, soki neige ezali kokweya kaka, père Noël akokoka kokoma na ntangu te.
Ah! You want to escape, you vile creature! You're trying to flee like a thief, in the middle of the night, huh?	Ah ! Olingi okima, ekelamu mabe ! Ozo luka okima lokola moyibi ya muasi, ontei ya butu, hein ?
Before retiring, she worked as secretary to the Director of a university research school.	Yambo ete akende na pension, azalaki kosala lokola secretaire ya Directeur ya kelassi pona kosala mabingisami ya université.
"O you, the love, hope, and pride of the Trojans, Hector, what god returns you to your countrymen? How we have suffered through your long absence! How we have begged for Hector's presence!"	""" O yo, bolingo, elikya, mpe lolendo ya ba Troyens, / Hector, nzambe nini azongisa yo na bayi mboka mwa yo ? / Ndenge to tungisamaki na ntangu molayi oyo ozalaki musika na biso ! / Nini  lisusu to koki kozenga na Hector soki kobondela bozali na ye te ! """
Dan's truck seemed to have vanished without a trace.	Mutuka ya monene ya Dan elimwaki mpe etikaki bilembo te.
"I Love You" is the title of more songs than anyone could sing in their entire lifetime.	"""Na lingi yo"" ezali nkombo ya ba loyembo oyo moto nyonso akoki koyemba na bomoyi naye mobimba."
I left some important company documents at my house. Sorry, but could you please go get them for me now?	Na tiki mikanda misusu ya mituya oyo ya companie na ndaku na ngai. Bolimbisi, kasi okoki, na bondeli yo, kokende kozwa myango sikoyo ?
Today's arraignment hearing gives the defendant his first opportunity to present his case in person.	Na ntangu ya esambeli ya lelo botangi ya likambu oyo ba fundeli ekopesa na moto oyo afundami eposa ya liboso po andimbola likambo naye ye moko.
Auxerre recorded its first win of the season and, in doing so, climbed out of the relegation zone.	Auxerre asili kozwa elonga naye ya liboso na masango mpe, lolenge wana, aleki mondelo ya motane.
You're funny, you! Did you really think I was going to wait for you all afternoon?	Ozali kosekisa, yo ! Obanzaki te ete nalingaki nazela yo mpokwa nyonso ?
There's no need to ask him to convince himself that he is, in heart and mind, bound to his class, his working class.	Ezali na ntina te yako senga ye mpo azala na koyeba ete azali, na nzoto mpe molimo, lingomba oyo ye azali, lingomba ya bana ngamba.
And why did you think he was my lover? Because his company gave me pleasure? If you were smarter, more pleasant, I would have preferred yours!	Mpona nini okanisaki ete azali linkangu na ngai ? Mpo ete komany na ye ezali kopesa ngai esengo ? Soki ozalaki mayele koleka, malau koleka, nalingaki na pona ya yo !
I'll explain the situation to you first, and you can ask me all the questions you want afterward.	Na ndimbolisa yo nanu ba makomi mpe okoki kotuna mituna mya yo na sima.
During the day we see the bright sun, and during the night we see the pale moon and the beautiful stars.	Na ntangu ya mokolo tomonaka moi kongenge, mpe ontei ya butu tomonaka sanza mpe minzoto ya kitoko.
"So, how much have you figured out this month?" "Well, you know, I'm like all guys, my outlook only goes twenty-four hours max!"	« Bon, obendi yango boni na sanza oyo ? » « Euh oyebi, nazali lokola mibali nyonso, makanisi mya ngai, esukaka na mokolo ya lelo ! »
The company responded to the appeal and will make a donation of twenty-five thousand euros.	Kompany eyanoli na mbela mpe ekosala libonza ya nkóto  ntúkú míbalé na mítáno ya ba euros.
On May 18th, a young Japanese couple were arrested after their one-year-old baby was found wrapped in a plastic bag and thrown into a gutter.	Mokolo ya zómi na mwámbe lya sanza mya  mítáno (18 mai), bilenge babale, muasi na mobali ya mboka japon bakangamaki sima ya bokuti muana na bango ya mbula lyoko oyo azalaki okati ya sacoche ya plastiki mpe ba bwakaki ye na matolo bisika ebongisama pona mayi ya mbula elekaka.
With Tatoeba on Android, you'll be able to translate Flaubert while making love, thus opening the way to levels of pleasure never explored before...	Na Tatoeba (application ya ba japonais pona kolimbola ba nkota ya ba paya) na lolenge n'ango ya Adroid (ya sika mpe makasi), tokoki kolimbola Flaubert na ntangu yabosangisi nzoto, bongo tokofungola ba nzela mpe ba lolengee ya nsai oyo nanu tomeka te...
In New York hotels, men are now advised to get out of their shower fully dressed.	Na ba hôtels na New York, toli epesami bongo na mibali ete babimaka na kikóso na bilamba.
Sir William Lucas, formerly a tradesman in Meryton, had made a tidy fortune. Having honorably held the office of mayor, he had been given a knighthood by the king.	M. William Lucas, kala azalaki mutu kosala mombongo na Meryton, azalaki na misolo ebele. Mpo asalaki mosala malamu ya kigouverneur, azwaki ngwende ya ki chevalier epayi ya mokonzi.
Standing in front of the open cupboard, Catherine thought it over. There was only a piece of bread left, plenty of cottage cheese, but barely a scrap of butter; and she had to make sandwiches for the four of them.	Liboso ya belei ebele, Catherine azalaki kokanisa. Etikalaki kaka eteni ya mukie ya lipa, fromage ya pembe ya kokoka, kasi mwa ndambu mukie ya manteka ; kasi esengelaki kotia na biteni ya mapa pona bango minei.
"So you hadn't noticed how beautiful I am?" Helene seemed to be telling him. "You hadn't noticed that I am a woman, and a woman that anyone can have, you most of all?" her gaze seemed to say.	« Omoni te lolenge boni nazali kitoko ? ezalaki lokola Hélène azalaki koloba bongo. Ozo mona te nazali muasi mpe muasi oyo moto nyonso akoki kozwa, mingi mingi yo ? » etaleli naye ezalaki koloba bongo.
While climbing the tree to show off in front of his girl friends, Gabriel made a complete fool of himself when his trousers caught on a thorn and made a suspicious ripping sound.	Na komata na nzete, pona asepelisa bana basi liboso mya ye, Gabriel amiyokisaki soni na ntangu oyo patalon naye ekangamaki na nzube mpe makele eyokanaki.
I used to be in charge of my high school's newsletter — call it a rag if you like — but anyway, that's how my passion for journalism was born.	Ntangu ya kala, nazalaki mokonzi ya lingomba ya ba panzi nsango ya kelassi na ngai, okoki kobenga yango nkasa ya ndunda soki olingi, na lolenge wana mposa na ngai ya kokoma mopanzi nsango ebotamaki.
I find it strange that Alice stays silent for so long.	Nazali komonona yango mistiki lolenge Alica azali kovanda kimia ntangu molayi.
Sorry, darling, there's no way I can spend a whole evening chatting over cocktails.	Bolimbisi, bolingo, ezali na lolenge moko te oyo nakoki kolekisa butu mobimba pona masolo pembeni ya nkopo ya masanga.
As you had requested a detailed account of the facts, we are sending you, enclosed, a note on the matter from the person responsible for the file.	Lokola osengaki makomi oyo mazali kolobela makambo malekaki, to tindeli yo, na pembeni, na yango, mokanda ewuti esika ya moto oyo azali kolandela likambo yina.
"Listen, Marie," I said to her, clasping her two small hands in mine, "don't you know me at all?" She looked at me with her beautiful eyes, and replied: "Why, no!"	« Yoka, Marie, nazalaki koyebisa ye na ntangu nasimbaki maboko mya ye mibale ya mike na sangisi myango na mya ngai, ozo yeba ngai lisusu te ? » Atali ngai na misu mya ye ya kitoko, mpe ayanoli : « Ah malamu te ! »
"How come you know so much about French?" "Well, I'm French. Of course I know about it." "But even I, who am Japanese, can't explain Japanese as well as that!"	« Ndenge nini osali  mpo ete oyeba lopoto malamu boye  ? » « kasi, nazali Français. Ezali ya kokamwa te ete nayeba yango. » « Kasi ata ngai moko oyo nazali Japonais, nayebi malamu te kondimbolisa kijaponais ! »
Looking at this old musical instrument with its wildly twisted shapes, I wondered what mad mind it had come from. "In any case, what a beautiful instrument this is!" I exclaimed.	Nakotala eloko ya ebetelo ya mindule oyo ekomi ya kala na lolenge mya yango enyefuka, nazali komituna ewuti na molimo ninii ya liboma. « Penza, oyo eleko ya ebetele mindule ya kitoko nde yangoyo ! », natikaki.
In order to speed up the expulsion of Palestinians from certain areas of the West Bank, the occupying army has turned 18% of this region into training grounds. The roughly 6,000 Palestinians who live there will sooner or later be expelled.	Na ntina ya komisa bobengani ya ba Palestiniens na ba etuku misusu ya Cisjordanie mbangu, mapinga oyo eyingela mpe enganzama ontei ya mboka na bango bakomisaki 18% ya bisika ya etuku ena camp yako salela ba netrainements. Ndambu ya ba palestiens nkóto motóba oyo batikali kovanda kuna bako bengana bango soki lelo te ata lobi.
Don't wait for events to happen the way you want; decide to want what happens and you will be happy.	Kozela te ete makambo makomela yo ndenge ozo linga ; zwa mokano ya kolinga maye mazali kokomela yo mpe oko zala na esengo.
The vehicle, speeding along, skidded and plowed headfirst into the back of a truck before its driver could say Jack Robinson.	Motuka oyo ezalaki kokumbama na mbangu makasi esietaki mpe ekotisaki liboso nango na sima ya motuka ya monene yambo mokumbi nango akoka koloba Jack Robinson.
White then red, nothing moves. Red then white, everything scatters.	Pembe sima motane, eloko tee ezali koningana. Motane sima pembe, nyonso ezali kokima.
In Esperanto, you can arrange any sentence according to the six possible word orders: SVO, SOV, VOS, VSO, OVS, OSV, with S for subject, V for verb, and O for object.	na Espéranto, tokoki kobongola maloba nyonso kolanda lolenge oyo elandani : SVO, SOV, VOS, VSO, OVS, OSV, na  S lokola sujet, V pona verbe mpe O pona objet.
I suggest you do your job and let me do mine.	Na kosenga nayo osala musala na yo mpe otika ngai nasala ya ngai.
Listen to the text that will be read to you, then answer the questions you will be asked.	Yokamela makomi oyo makontangama pona yo, sima yangola mituna oyo bakotuna yo.
Come on, get up! Otherwise I won't be able to take you to school.	Tokei, telema ! Soki te nakokoa te komema yo na kelassi.
But if the imposing presence of a wise orator appears before their eyes amid the heat of the uproar, they fall silent, they listen, and his winning words govern their minds and win over their hearts.	Kasi na molobeli ya bwanya soki azali kitoko na kotala / kati ya londende ya misu kasi mazali komona, / bakangaka monoko, bayokaka, mpe maloba mya ye ya balongi / ekumbaka milimo mpe mabikisaka mitema.
Just as, struck by an uncertain blow from the priest, a proud bull bellows, having escaped the altar — already the intended victim of the raised blade — and has dodged its head from the deceived axe.	Lokola, ebotu oyo tokanaki te ekowuta epayi ya sango, / ngombe ya mobali ya kitoko abimi, akimi esika ba bomaka ba ngombe, / oyo, esi abongisamaki pona kozala libonza,/ mpe epasola ekosamaki elalaki moto na ye.
Whoever beats his mother-in-law to death loses his head, beheaded. It's an ancient custom one can understand. But whoever slaughters hundreds of thousands gains a monument.	Oyo nyonso abeti mama bokilo na ye pene ya liwa abungisi moto, bako kata yango. Ezali bongo bizaleli ya kala oyo tokoki kososola. Kasi oyo nyonso ayibi ba nkóto nkámá bakosalela ye monument.
In these dreadful moments, was there anyone, man or god, whom I did not implore! No, Ilium in flames, no, that terrible night, held nothing more horrible for this broken heart.	Na bangonga oyo bobangi makasi,/ nani nazalaki kobelela te mpona lisungi ezala batu mpe ba nzambe ! / Te, Ilion ezwi moto, te, butu oyo ezali mobulu,/mpona motema oyo esili kozoka eleko mususu ya mabe koleka ezali te.
Dear Mom, I will need your advice as the birth of my baby approaches.	Mama wa ngai ya bolingo, nakozala na posa ya ba toli nayo pembi ya mbotama ya muana na ngai.
The prisoner swears on the gospel to faithfully carry out the treaty, giving his sons as hostages, but the day before he signed a secret protest stating that he was abandoning Burgundy under duress.	Mokangemi akati ndayi likolo ya makomi masantu ete akolandela makomi lolenge esengeli, na kopesa bana na ye ya mibali lokola bakangemi, kasi mokolo ya liboso ya mokolo wana atiyaki mokoloto na mokanda ya koboya manso alobaki na ndenge ya nkunku na koloba ete asundoli Bourgogne na makasi.
Until then I had never understood why eternity had been made. It's to give some of us a chance to learn German.	Natikalaka kososola te kino lelo mpo na nini bomoyi ya seko esalamaka. Ezali mpo na kotikela basusu kati na biso libaku malamu ya koyekola ki allemand.
"Sorry, Kylia." "Why are you apologizing?" "No, it's just that I keep thinking I must have bothered you a lot." "Huh? No, come on, not at all."	« Bolimbisi, Kylia. » « Mpo na nini osengi bolimbisi ? » « Te, ezali kaka mpo namilobeli ete natungisi yo mpe mingi. » « Eh ? Ezali bongo te, totala, ata soki moke te. »
If a worker who had begun an honestly designed piece of work were to die, any other master craftsman skilled in the subject must be able to continue the work to bring it to completion.	Soki mosali oyo abandaki mosala na lolenge oyo esengeli akufi, esengeli ete molakisi nyonso oyo ayebi mosala yango malamu alandela mosala mpo na kosilisa yango na ndenge esengeli.
The five rules of life: §1 Don't think! §2 When you think, don't speak! §3 When you speak, don't write! §4 When you write, don't sign! §5 When you sign, then don't be surprised!	Mateya mitano ya bomoi : §1 Kokanisa te ! §2 Ntango ozali kokanisa, koloba te ! §3 Ntango ozali koloba, kokoma te ! §4 Ntango ozali kokoma, kotiya mokoloto te ! §5 Ntango otie mokoloto, sikoyo kokamwa te !
Article 214b, in my opinion one of the even stranger provisions of the General Administrative Code of the Land of Schleswig-Holstein, seems to stipulate that anyone who sees a pink elephant must issue it a receipt.	Nkoma 214b, engebene na likanisi na ngai, moko ya mabongisami ya somo ya Code administratif général ya Land de Schleswig-Holstein, na ndenge emonani koloba ete moto oyo amoni nzoku ya motane esengeli apesa ye mokanda.
"Alas! With that hope I liked to imagine my revenge; against our past misfortunes I set this joy, and Rome eased the disasters of Troy: yet every day reproduces our misfortunes. Great king! When will you put an end to our sorrows?"	""" Helas ! na elikya wana nalingaki nazongisa mabe na mabe ; / na ba mpasi na biso ya kala natelemisaki esengo, / mpe Rome ezalaki kolembisa mpasi likolo ya Troie : /mokolo nyonso kasi ezali kobotisa mpasi na biso. / Mokonzi monene ! ngonga nini okosilisa mpasi na biso ? """
They would have gotten a better exchange rate if they had gone to the bank.	Bakokaki kozuwa taux ya kosombitinya malamu soki bakendaki na banki.
My new can opener is more powerful than the old one, so hopefully it won't take me two minutes anymore to get to my beans.	Efungoli manzanza na ngai ya sika ezali makasi koleka oyo ya kala, na yango esengeli kolikya ete ekozwa ngai miniti mibale te mpo nasimba madesu na ngai.
The number of customers who go every year during the Chinese New Year period to the big Tang Frères store, in Paris's thirteenth arrondissement, is frightening.	Motango ya bakiliya bakendeke mbula nyonso na ntango ya mbula ya sika ya ba chinois, na Tang Frères ya monene, na Paris na alondisema ya zomi ya misato, ebangisaka.
Kindness in thought gives depth, kindness in words builds trust, kindness in generous deeds is a source of love.	Bolamu na makanisi  epesaka bozindo, bolamu na maloba etiyaka kati ya kondimama, bolamu na misala malamu ezali liziba ya bolingo.
This very strange camouflage outfit will fool the computer vision of the J-12 robots, although they could still send a volley of small-arms fire into your area.	Sokoto ya bobombi ya somo mpenza oyo ekokosa bomoni-miso ya masini ya ba robots J-12, ata soki bakoki kotinda masasi ebele ya mandoki ya mikie na bisika na yo.
My aunt lives in New York.	Tata mwasi na ngai avandaka na New York.
The evening, so impatiently awaited, finally came. My young wife withdrew to the bridal chamber, where I could not follow her as quickly as I would have liked. A tedious but essential duty called for me first.	Mpokwa, ezelamaki mingi, na nsuka ekokomaki. Mwasi na ngai ya elenge abimaki na elalelo ya libala, bisika nazalaki nakokaki te kolanda ye na lombangu ndenge nalingalaki. Bosenga ya makasi, kasi ya ntina, ezalaki kobengisa ngai na kala.
"I do have some provisions here," said Spiagudry, pulling his knapsack out from under his coat, "but if your appetite matches mine, this black bread and rancid cheese will soon be gone."	Nazali na ndambo ya biloko nabombaki, elobaki Spiagudry na kobenda saki na ye kouta na nse ya kazaka na ye ; kasi, soki mposa na yo ya kolia ezali lolenge moko na oyo ya ngai, lipa ya moyindo oyo mpe fromage ya makasi oyo ekolimwa kala mingi te.
Letting extremist settlers kill natives with complete impunity is part of the strategy of keeping up pressure on the natives so that they leave their ancestral lands.	Kotika ba koloni oyo ya mitema mabe baboma baimboka na bonsomi nyonso ezalaki lolenge ya kosalela oyo ezalaki kokotisa bobangi na baimboka mpo ete batika mabele ya ba nkoko na bango.
These guys are lucky. They all learned Russian from Russian girlfriends, and some of them even ended up marrying them.	Bato oyo bazali na libaku ya malamu. Bayekolaki bango banso russe na ba makango  ya ba russes, mpe basusu kati na bango basukaki na kobala bango.
There are no problems; there are only solutions. Man's mind then invents the problem. It sees problems everywhere.	Makambo ezali te, kaka biyano nde ezali. Molimo ya moto nde ebotisaka makambo na nsima. Amonaka makambo bisika nyonso.
If you think that doing grammar exercises and mindlessly memorizing vocabulary is how you'll learn to speak a language, then you're kidding yourself.	Soki okanisi ete na botangi mimekano ya grammaire mpe boyekoli na bozoba ya maloba nde okoyeba koloba lokota, wana ozali komikosa.
Artificial meat will soon be arriving on our plates. They say it's the future and that its production is more environmentally responsible.	Misuni oyo esalemi na maboko ya moto kala te ekokoma na sani na biso. Balobi ete ezali lobi na biso, mpe kosala yango ezali likanisi malamu mpo na kobatela mokili.
My feet hurt so much that I feel like I've worn them down to the bone from running.	Makolo ezali kosala ngai mpasi makasi nakanisi ete naseleli yango mingi ti na mokuwa likolo ya kokima mbangu.
I was told that young Miss Lovelace loved music; I would be delighted if, during my stay by this lake to which a doctor's prescription has confined me, she would allow me to make music with her...	Bayebisi ngai ete elenge mwasi miss Lovelace alingaki mindule, nakozala na esengo soki, ntango nyonso nakolekisa na etima oyo esika monganga asengi ngai navanda, akolinga ngai nasala mindule na ye...
Youth is mistaken when it believes that one dies of a broken heart. In fact, one usually lives to an old age.	Bilenge bamikosaka ntango bakanisaka ete bakufaka na motema mpasi. Na yango, tobikelaka na ngonga kino mbula ya likolo.
I spent two hours yesterday trying to fix this broken radio.	Nalekisaki ngonga mibale lobi nakomeka kobongisa ladio oyo ebukana.
The digital revolution is opening the way to surprisingly new forms of social relationships.	Bongwana oyo ekoti na nzela ya internet esili kofungola bikuke mpo na  lolenge ya sika ya bizaleli o ntei ya bovandi ya bato.
A study tends to show that single men use, on average, more tissues than those with a girlfriend, so one is tempted to conclude that love protects against colds.	Bolukiluki moko emonisi ete mibali ya likombe basalelaka ba muswale ya nkasa koleka mibali oyo bazali na likangu, na yango tokoki koloba ete bolingo ebatelaka miyoyo.
Full of tender dread for her unfortunate son, this suspect city and this faithless people, Juno above all, Juno, whom a fierce wrath consumes, everything alarms her, and by night her fear still keeps watch.	Mpo na mwana na ye ya mobali ya mawa atonda bobangi,/ mboka oyo ezali na keba keba mpe bato bazanga kondima, / Junon mpenza, Junon, oyo nkanda moko ezali kotumba,/kati na bobangi, mpe na butu bobangi na ye ezalaki kaka.
The whole life of societies in which modern conditions of production prevail presents itself as an immense accumulation of spectacles. Everything that was directly lived has receded into representation.	Bomoi nyonso ya bisika oyo lolenge ya bosali ezali ya sika emonisamaka lokola bisika ya masano ebele. Oyo nyonso emonisamaki mbala moko ekendaki mosika na malakisi.
The result of any serious research can only be to raise two questions where there was only one before.	Eyano ya misala ya bolukiluki oyo ya solo epesaka kaka mituna mibale bisika oyo motuna azalaki kaka moko liboso.
"Do you promise?" "Cross of wood, cross of iron, if I lie, I'll go to hell!"	«Olaki ?» «Ekulusu ya libaya, ekulusu ya libende, soki nakosi, nakokende lifelo !»
You must show respect to your guests.	Esengeli olakisa botosi na bapaya na yo.
Love, we can accept it or refuse it, nourish it or extinguish it, we can spice it up or poison it, tend to it or neglect it.	Bolingo, tokoki kondima to koboya yango, kokolisa to koboma yango, tokoki kotia yango mwa ba epices to kotia yango mbondo, kobikisa yango to mpe kosundola yango.
She regretted that her husband spent his days hunting, gave off such a strong smell, and was so hairy.	Azalaki koyoka mpasi ndenge mobali naye alekisaki mikolo na ye na bokila, azalaki kolumba solo makasi mpe azalaki na nsuki.
I wonder whether I should be proud that the first five pages of search results for my name on the Internet aren't about me, or ashamed.	Nazali komituna soki esengeli nasepela na nkasa mitano ya liboso na biyano ya boluki nkombo na ngai na Internet kasi ezali kolebela ngai te, to esengeli nazala na nsoni.
The young girl's mind was elsewhere, and Gringoire's voice did not have the power to bring it back.	Molimo ya elenge mwasi ezalaki bisika misusu, mpe mongongo ya Gringoire ezalaki na nguya te ya kozongisa yango.
"Smell that, my love! Here's a smell of fresh hay enough to drive you wild. What do you think: can you imagine a more fitting nest for the first night of our honeymoon than this one?" "Yes, I can."	« Nyukuta, bolingo na ngai ! Yango oyo nsolo ya matiti ya sika ekopesa liboma. Okanisi nini : okoki kokanisa ete ndako ya malonga mpo na butu ya yambo ya libala na biso koleka oyo? » « Iyo, nakoki. »
I suppose that society holds an amazing charm. If living within it is frankly boring, living outside it is simply tragic.	Nabanzi ete lisanga epesi bozalisami kitoko ya kokamwa. Soki lolenge ya kovanda kati na yango ezali kopesa mposa boye te, kasi oyo ya kobika libanda na yango ezali na mpete ya somo koleka.
In short, you should have accepted responsibility for it.	Na mokuse, esengelaki ondima mokumba.
"Meanwhile, to replace Pallas's image, and above all to atone for their sacrilegious outrage, they offered the goddess this new gift."	""" Kasi, kouta Pallas mpo na kobalola elili, / mpenza mpo na kofuta mbeba basalaki, /  babonzelaki na nzambe-mwasi libonza ya sika oyo. """
He backed his car into the garage.	Akotisi motuka na bozongi nsima na kati ya garage.
What matters when writing an essay is to clarify your ideas.	Ya motuya ezali ntango ozali kokoma buku  kotia makanisi na pole.
You'll be in trouble if your girlfriend finds out the truth.	Okozwa likambo soki likangu na yo ayoki bosolo.
Our local TV station does a pretty good job of covering local news.	Lingomba na biso ya televizyo ezali kosala mosala malamu ya kopesa sango  ya mboka.
That would make twenty-seven words instead of four, and even if the raw meaning of the long sentence would be understood, the persuasive force would be lost.	Ekosala maloba ntuku mibale na nsambo na esika ya minei, mpe ata soki nsango ya lisakola molai eyokami, bokasi ya kondimisa ekosila kobunga.
Life is so long that we have time to change our minds several times and forget it. That's why youth leans left and old age leans right.	Bomoi ezali molayi mpenza ete tozali na ngonga ya kobongola makanisi mbala ebele mpe tobosana yango. Yango wana bolenge ezali o loboko ya mwasi mpe bobange o loboko ya mobali.
No one loses their car keys anymore in a world where everyone's life is recorded... if someone can't remember where they left it, just roll the video and there it is!	Moto moko te abungisaka lisusu fungola ya motuka na ye na mokili ya lelo esika bomoi ya bato nyoso ekoma komonono na bilili... soki moto azali koyeba lisusu te esika atiki yango, tala bilili mpe yango wana !
He's coming back from the notary's. He had gone to sign some papers concerning his aunt's inheritance.	Auti epai ya notaire. Akendaki kotia mokoloto na mikanda oyo mitalaki nkita ya tata mwasi na ye.
Government services and institutions should take advantage of new technologies to put online, and make easily available to the public, information about their operations and decisions.	Misala ya bakalaki mpe ba mangomba basengeli kotia mabongisi ya sika mpo na kopesa bato lolenge ya koyingela o misala myango na bompete, nsango oyo etali misala mpe mikano na bango.
I am wounded: my heart aches to have nearly witnessed the loss of our culture.	Nazali na mpasi : motema na ngai ezoki komona lolenge tozali kobungisa bonkoko na biso.
To convince yourself that an organic vegetable is better, just close your eyes and taste an ordinary Brussels sprout, then an organic one, both simply steamed. I challenge you not to notice a difference.	Mpo na komindimisa ete ndunda oyo elonami na mabele mpe esili kozwa ba nkisi ya mindele te ete ezali malamu koleka, esengeli okanga miso mpe omeka moke ya chou ewuti Bruxelles, mpe moke ya oyo elonami na lolenge oyo esengeli, ntango batokisi yango mpamba. Natiye ntembe na yo ete okoyoka bokeseni te.
"Will you manage to submit your manuscript on time?" "Well yeah, it'll have to happen. A promise is a promise."	« Okokoka kokotisa monkanda na yo ekomami na maboko na ngonga oyo esengeli ? » « Eh boye, esengeli ezala bongo. Elaka ezali elaka. »
He leaned on the deck rail, holding his hat with one hand as it was battered by the strong wind, and he was able to comfortably watch the young girl, who had sat down in a sheltered spot.	Ayekamelaki na gbagba, na loboko moko asimbaki ekoti na ye ebetamaki na mopepe makasi, mpe akokaki kotala na nkimya elenge mwasi, oyo avandaki na bokengi.
Seat reservations are available at the box office up to thirty minutes before the concert begins. After that, they go back on open sale.	Kobombisa bisika ezali kosalema na caisse ti miniti ntuku misato liboso ya mindule. Nsima na yango, bakozonga na boteki na pwasa.
Take it easy with Bob. You know, he's been through a rough patch recently.	Kende kuna na malembe elongo na Bob. Oyebi ete, awuti kolekela mikakatano ya makasi mikolo euti koleka.
"Then, from ancient times engraved in his memory, my father unfolded the story before our eyes: 'O Trojans!' he told us, 'by certain signs, know our hope, know our destiny.'"	"Kasi, makanisi ya ntango ya kala ekomama na mabanzo na ye / papa na ngai na etaleli na biso azalaki kobetela biso lisapo :  "" O Troyens ! Alobaki na biso, na bilembo ya solo / boyeba elikya na biso, boyeba lobi na biso. """
Toss in the carrots instead of the tomatoes, cannonball — get out of here!	Tia tia ba carottes, na esika ya tomato, obeti kano mpe longwa bisika wana !
Look at that. What wonderful gifts! I'm so happy!	Tala eloko oyo. Oyo mabonza kitoko ! Nazali ya kosepela makasi !
You must follow the treatment through to the end.	Esengeli olanda nkisi kino na nsuka
The repairman was supposed to arrive at noon, but he got stuck in traffic jams for several hours.	Moto abongisaka esengelaki akoma na nzanga, kasi akangamaki na ba embouteillages na ngonga ebele.
Thus falls the wave; thus, with a single glance, Neptune calms the deep sea's waters, races, flies, and, upon his chariot rolling beneath a clear sky, skims the blue of the watery plain.	Boye nde londende ekweyaka ; na yango kowuta bibale ya mozindo / Neptune na kobwaka liso ya mpamba akitisi mbonge, / akimi, apumbwe, mpe, likolo ya motuka na ye ekotambola na nse ya mapata nsembo, / kouta ebale ya mayi azali kosimba mapata.
Don't ask questions, just follow orders.	Kotuna mituna te, yo landela kaka mibeko.
Office romances and work don't mix well.	Masolo ya masoko mpe mosala etambolaka malamu elongo te.
It sounds like these statements were made by a demonic character out of a horror movie, yet they were said by a political leader of a country considered "democratic and civilized."	"Ezali lokola maloba oyo eutaki na moto moko ya kindoki kouta na film ya bilima, kasi, malobamaki  na mokonzi moko ya politiki ya mboka oyo tokokaniselaka kozala ""démocratique mpe civilisé""."
Du Tillet then discovered the secret that Sarah Gobseck had so carefully hidden from him: her wild passion for Maxime de Trailles.	Du Tillet asosolaki sekele oyo Sarah Gobseck sekele abombelaki ye malamu, lolango na ye mpo na Maxime de Trailles.
Kevin bought a ring and is going to propose to Kim tonight.	Kevin asombaki lopete mpe akosenga Kim libala na butu ya lelo.
All human life resembles a plant that contains not only what it shows to our eyes, but also a future state that it hides deep within its being.	Bomoi nyonso ya bato ezali lokola nzete oyo ezali kaka oyo miso na biso ezali komona te, kasi penza oyo ebombami na bozindo ya bozali na yango.
Okay, I'm closing up the file, grabbing my bag, and getting out of here at full speed.	Ok, na kangi dossier yango, sacoche na ngai mpe na keyi na lombango nyonso.
We should remember to send Yanis a birthday card.	Esengeli ete tobanza komemela Yanis nkasa ya mbotama.
The killer cucumber, who thought he was living peacefully in retirement in Spain, had to hurry back into service because the soybean sprouts proved unable to carry out his extermination mission.	Concombre mobomi, abanzaki ete akeyi kopema na kimia na Espagne, kasi esengelaki azongela mosala mbangu mbangu po ete soja zalaki makasi penza te pona kosala mosala mya ye ya kosilisa koboma.
An atrocious form of torture and execution involves placing the victim above a bamboo shoot and letting the plant grow up through them.	Monyokoli oyo ya makasi mpe lolenge ya koboma ezalaki kotia moto likolo ya bambou oyo ezali kobota sika mpe kotika ete nzete yango ebota okati ya nzoto mya ye.
I need to ask Nick for his new address and phone number when I see him.	Esengeli na tuna Nick adresse naye ya sika mpe numero ya allo allo na ye ntangu na komona ye.
If reincarnation exists, I would like to come back with Tina Turner's legs and Nina Simone's voice.	Soki kozonga na bomoi ezalaka ya solo, nakolinga nazonga na bomoi na makolo lokola ya Tina Turner mpe mongongo ya Nina Simone.
When you watch television or listen to the radio, the music you hear is often of African origin.	Ntangu ozali kotala televizyo to koyoka radio, miziki oyo ozali koyoka ezali mingi mingi oyo ewuta afrique.
In every adult lies the secret desire to return to childhood.	Na moto mokolo nyonso mposa ya bozongi na bomwana ezalaka.
You can't sing and dance on Good Friday.	Okoki te koyemba mpe kobina mokolo ya Vendredi esanto.
It was neither a woman, nor a man, nor a living being, nor a defined shape; it was a figure; a kind of vision in which the real and the fantastical intertwined, like shadow and daylight.	Ezalaki muasi te, mobali te, ekalamu ya na bomoyi te, to eloko ya lolenge songolo te ; ezalaki kaka elili ; lokola emoniselo oyo ezalaki komonisa mistiki na bozalisi, lokola butu na moyi.
If you have any additional requests about this product, please add it to the cart, where you can leave a message. We will make every effort to satisfy you.	Soki ozali na mituna na maye matali nkisi oyo, bakisa yango na kitunga, oyo wapi na kati okoki kotika likomi. Tokosala lolenge nyonso pona kosepelisa bino.
Say whatever you want, but I will not go back on the decision I've made.	Loba nyoso oyo olingi, kasi ngai nakozongisa motema te likolo ya ekateli nasilaki kozwa te.
"Have you ever thought of using a mirror when you shave?" "No, why?" "Because it looks like you got attacked by a bunch of furious harpies. Your face is nothing but a bloody wound."	«Esi okanisa kosalela kitala tala tango ozali komikata mandefu ?» «Te, pona nini ?» «Ezali lokola ekweyaki na maboko ya ba balado na nkanda. Elongi nayo ekomi mpota oyo ezali kotanga makila.»
Going out drinking with her friends makes her feel like one of the guys.	Kobima bima komela mwa kopo na baninga esalaka ye amiyoka ete azali mobali.
On behalf of your colleagues, you write to the manager to ask that everyone be allowed to work from home.	Na nkombo ya baninga ya mosala na  yo, okomi na mokonzi pona kosenga ye ete moto na moto asala mosala uta ndako na ye.
Don't leave the metal exposed to air, or it will rust.	Kotika te ete ebende ezala libanda na mopepe pamba te eko beba.
To justify the mass killings of Palestinians, the mainstream media dehumanize them, but for the free world to accept the extermination of the Palestinian people, all of humanity would have to be dehumanized.	Pona kopesa eyango na bobomi ya ba Palestiniens, mangomba ya ba panzi nsango bazali ko zangisaka bomoto na yango, kasi pona mokili ya sembo endima bobomi na na ebele ya bobomi ya bayi palestine, esengeli ete mokili mobimba ezangisama na bomoto na yango.
My love for you keeps me from telling you everything. It's better that some things remain unsaid.	Bolingo oyo nazali na yango pona yo ezali kopekisa ngai na lobela yo nyonso. Ezali malamu ete makambu misusu etikala ya ko lobama te.
The best way to make a dream come true is to wake up to reality.	Lolenge malamu yako kokokisa ndoto ezali kozonga na bosolo.
Stop asking yourself pointless questions.	Botika komituna mituna ezanga ntina.
Even though he was dying, she pictured him again in his tent, kneeling, his arms around her waist, murmuring sweet words. She longed to feel them again, to hear them.	Ata azalaki kokufa, azalaki komona ye okati ya hema na ye, yakofukama, na kosimba ye na loketo naye, na komeka koyebisa ye maloba ya elengi. Azalaki na mposa ya koyoka yango lisusu.
He will do it if the crown prince proves that he is capable of leading an army ready for battle.	Akosala yango, soki mwana ya mokonzi ya mobali mokitani alakisi ete azali na makasi yako kamba mapinga oyo balengelami pona bitumba.
She seemed to have a sad face when she read that letter.	Azalaki na elongi ya mawa tango atangaki mokanda wana.
Two inmates escaped from a maximum-security prison in the United States, in New York State.	Bakangemi mibale bakimaki boloko oyo ezali ya kokengelama makasi na  États-Unis, na engumba ya New York.
The chances of promotion convinced him to accept the offer.	Mabaku malamu yako mata grade matindaki ye andima mosala yango.
We really enjoyed the rain last night in the park.	Tosepelaki mingi na mbula oyo ebetaki na butu oyo elekaki na parc.
I consider Jehovah's Witnesses, who constantly come knocking at my door, to be no different from religious fanatics trying to convert me.	Namonaka ba Témoins de Jéhovah oyo bayaka kobeta tango nyonso na ekuke ya ndako na ngai lolenge moko na ba fanatiki ya ba mangoba ya losambo oyo bamekaka kobongolisa ngai.
In Algeria, a woman goes to the police station over an assault she suffered, and the police sexually molest the victim.	Na  Algérie muana muasi akeyi kofunda na pulusu pona likama asilaki kozwa mpe ba pulusi basimbi ye na nzoto ya bomuasi na ye.
We hoped that some students would have come, but there were none in the class.	Tobanzaki ete bana kelasi baike bakosila koyingela, kasi ata moko te asilaki koya na esika ya bopesi mateya.
My daughter came to spend more than four weeks at home. Tomorrow afternoon she has a flight to Dresden, because she has to continue her studies as part of the Erasmus program.	Muana na ngai ya muasi aye pona kolekisa ba mposo manei na ndako. Lobi na ba ngonga ya sima ya nzanga, azali na mpepo pona ko kende Dresde, pamba te esengeli alandela kelasi na ye na lolenge ya mabongisi ya Erasmus.
I am aware that some people question or justify the events of September 11th. But let's be clear: al-Qaeda killed almost 3,000 people that day.	Nayebi ete basusu bazali na nkonkoso pona kondima to kopesa likanisi makambo malekaka na mokolo ya zomi na moko lya sanza libwá (11 septembre). Kasi tozala sembo : al Qaeda ebomaki pembeni ya batu nkóto misato mokolo wana.
What was the United States's best ally in its so-called "war on terror" if not al-Qaeda? Wherever the United States wanted to strike, they justified their attacks by al-Qaeda's presence. So what would the United States have been without al-Qaeda?	"Nani azali moninga ya etumba ya États-Unis ontei ya oyo babengi ""etumba pona kolonga terrorisme"" soki ezalaki al-Qaïda te ? Bisika inso États-Unis alingaki kobeta, bazalaki kopesa ntina ya bozali ya al-Qaïda. Yango, toloba nini États-Unis elingaki ezala soki al-Qaïda ezalaki te ?"
Nothing is small in love. Those who wait for grand occasions to prove their affection don't know how to love.	Eloko moko te ezali mukie na bolingo. Ba oyo bazelaka ngonga ya malamu mpo ete balakisa lolango na bango bayebi kolinga te.
Have you played The Legend of Zelda?	Esi obeta lisano ya The Legend of Zelda ?
John says, "Hey guys, let's take a break."	"John alobi ""Hey ba masta, topema naino."""
With the shocking images from Abu Ghraib, the United States wanted to mark the beginning of a new era in which torture would henceforth be called "enhanced interrogation techniques."	"Na bilili oyo ya kopesa pasi ya Abou Ghraib, États-Unis alingaki alakisa ebandeli ya ntangu ya sika esika monyokoli na kobeta ekobengama  ""lolenge ya kotuna mituna ya makasi."""
Mathis wondered what Ann would think if she knew he had spent last week in Boston with Alice.	Mathis azalaki komituna soki Ann alingaki azala na likanisi nini soki ayebaki ete alekaki mposo elekaki na Boston na Alice.
The witness was recounting the events, while the sergeant took notes in a notebook.	Nzénénéké azalaki kotatola makambu maye malekaki, ntangu sergent azalaki kokoma myango o mokanda.
Don't forget to turn off the gas before you leave.	Kobosana te ko kanga gaz liboso ya kobima.
Swear to carry out all my orders, to follow me like a shadow!	Lapa ndayi ete oko salela mibeko mya ngai nyonso, okola landa ngai lokola elilingi.
Artificial neural networks can be used to understand biological neural networks, or to solve artificial intelligence problems without necessarily needing to create models of real biological systems.	Ba singa ya misisi ya moto oyo masalemi o maboko mya bato makoki kosunga pona bososoli ya misisi mya moto, tope na koyanola na mikakatano oyo ya mayele ya bato esengeli kaka te kosala lolenge mususu ya sika ya ba systèmes biologiques ya solo.
The detective I hired called me to tell me he has an interesting lead.	Moto na pesaki mosala alandela ba enquetes abengi ngai na ntina ya koyebisa ngai ete ezali na eleko moko ya malonga esengeli kolandela.
The real world is always more complicated than laboratory formulations or design-office plans.	Na mokili ya solo ezalaka kaka mpasi pona kokokanisa maye malengelami na ba laboratoire to pe na bisika ya botangi namaye mazali kosalema.
It seems that the cop in this TV series is a corrupt officer who abuses his authority.	Ezali ndeti pulusu oyo azali okati ya film oyo na televizyo azali pulusu mabe mpe azali kosalela bokonzi mya ye na lolenge ya mabe.
"Hear me then: this son, so dear to my love, Ascanius, awaited by his father this very day, is preparing to bring to the ramparts of Carthage the precious remains of the flames and the shipwreck."	""" Yoka ngai kasi : mua mobali oyo, wa bolingo, / Ascagne, papa na ye azelaki mokolo oyo, / azali kobongama pona komemela efelo ya Carthage / moto mpe kozinda na mayi. """
People talk a lot about the need to leave a better planet for our children, but forget the importance of leaving better children for our planet.	Bato balobaka mingi maye matali kotikela bana na biso mokili ya malonga, kasi bazali kobosana motuya ya kotikela mokili na biso bana ya malonga.
When the sign on the restroom door says occupied, it means someone is using the facilities.	Ntangu elembo oyo ezali na efelo ya ba toilettes ezali koloba ete mazali okati ya mosala, elingi koloba ete moto azali kosalela bisika ena.
I needed to see you guys before I left.	Esengelaki na mona bino, ba ndeko mibali, yambo ete na kenda.
"Here, the implacable Juno thunders in fury: standing, sword in hand, do you see her beneath these gates calling her soldiers? Do you see the Hellespont pouring forth reinforcements to her in great waves from these cohorts?"	""" Awa, angangaki na nkanda elombe Junon : / ya kotelam, ebende o maboko, ozo mona ye liboso ya bikuke ena / kobenga mapinga mya ye ? Ozomona milongo mya mapinga oyo / l'Hellespont akoyela ye lisungi  ? """
"Great king! Take pity on my dreadful fate; by the immortal gods, by the faith I swear to, pity my innocence, spare me from further misfortune!"	""" Mokonzi monene ! Bozala na mayo ya lobi mya ngai ya mawa ; / ba nzambe lya seko, na boyambi nazali kotatola, / bosambela ngai nayebi likambo te, bobikisa ngai mabe makomela ngai te ! """
My fake-account detector, new-generation version 3000, luxury edition™, did not recognize any "bora-style" pattern in its behavior.	Eloko na ngai oyo esungaka ngai na boyebi ba egbongolo maye ya lokuta version 3000 ya génération ya sika, édition ya luxe™ emonisaki motifi soko moko te « à la bora » kati ya ezaleli na yango.
The French alphabet contains twenty-six letters: a, b, c, d, e, f, g, h, i, j, k, l, m, n, o, p, q, r, s, t, u, v, w, x, y, z.	Alphabet ya lopoto ezali bongo na ba nkoma ntúkú míbalé na motóba : a, b, c, d, e, f, g, h, i, j, k, l, m, n, o, p, q, r, s, t, u, v, w, x, y, z.
She went to France to study art.	Akendeki koyekola art o mboka France.
No one could have guessed, at that time, what place Martin Luther King would occupy in History.	Moto moko te akokaki kokanisa, na ntangu wana, esika nini Martin Luther King okozwa okati ya lisolo lya mokili.
Send for the doctor right away.	Botinda ete baluka munganga sikoyo.
"It had been a while since I'd seen you smile. You always looked sullen lately, it was worrying me." "Really? Sorry to have worried you."	« Eleki mikolo ebele na moni yo koseka te. Ozalaki na elongi ya mawa, mikolo malekaki, ezalaki kotungisa ngai. » « Eza bongo ? Bolimbisi na bopesi yo mpasi. »
We used emergency measures to resuscitate the patient who suffered cardiac arrest.	Tosalelaki ba lolenge ya mbalakata pona kozongisa na bomoi mobeli oyo motema ezalaki kokata.
He stayed in New York for three weeks.	Atiakalaki na New York pona na mposo misato.
The van set off on the snowy road. The driver has to send a message when he reaches his destination.	Motuka ya monene ekendaki na nzela oyo ezalaki na ba neiges. Mokumbi esengeli atindi nsango ntangu akokoma o esika azali kokende.
Amnesty International stated that the trial concerning Sergei Magnitsky, murdered in a Russian prison, "would open an entirely new chapter in the deterioration of human rights in Russia."	« Amnesty International » elobi ete bokati likambo ya Sergeï Magnitsky, oyo babomaki okati ya boloko ya ba russe, « ekofungola lisolo lya sika penza na lolenge ba droits de l'homme mazali kobeba na Russie. »
One may wonder whether it benefits humanity to know nature's secrets, whether it is mature enough to make good use of them, or whether such knowledge might not be harmful.	Tokoki komituna soki batu bazali na ntina ya koyeba mabombami ya mayi mokili, soki bazali na bwanya lya kosalela myango pona bolamu to soki koyeba wana ekozala mabe te.
Oh! A mother's love! A love no one forgets! Wondrous bread that a god shares and multiplies! A table always set in the family home! Each one has their share, and all have the whole of it.	Oh ! Bolingo ya maman moboti ! Bolingo oyo moko te akobosona ! Lipa ya motuya oyo nzambe akoboli mpe abongoli ! Mesa ezalaka ntangu nyonso ya kobongama pona papa ya libota ! Moto na moto azwaka eteni lya ye mpe banso bazwaka ya mobimba.
Good evening, darling! How glad I am to finally be home!	Mpokwa elamu, ndeko muasi molingami ! Ndenge nazali na esengo sika awa kokoma o ndako !
"Don't worry," said Dima, trying to put the woman at ease. "It's not mine."	« Bomitungisama te », elobi Dima pona na kotia muasi na kimia. « Ezali ya ngai te. »
Don't prepare any logical argument for the discussion if your opponent only understands kicks.	Komilengela malamu te pona bosololi soki moto oyo azali oboso bwa yo asosolaka kaka na lolenge ya bitumba.
We know perfectly well where our developments will lead us. Besides, on the team, everyone does as they please.	Toyebi malamu bisika nini makanisi na biso ekomeme biso. Kutu, ontei ya lisanga, moto na moto asalaka oyo ye alingi.
In short, we're offering you a second chance: we're wiping the slate clean of your criminal past to allow you to start a new life.	Na mukuse, Topesi bino libaku mususu ya mibale : tobosani manso maleka na bomoi mya bino ya ba bomi pona kosunga bino bobandela bomoi ya sika.
Since Ali and Lana had gone to the movies, I stayed behind to watch Alan.	Ali mpe Lana bakendeki kotalal bilili na cinéma, na tikalaki kokengela Alan.
Yet Japan is still not well enough understood by other countries, and the Japanese also find foreigners hard to understand.	Kasi Japon ezali naino kososolama malamu te epayi ya ba mboka misusu, mpe ba Japonais, bazali na nkonkoso ya bososoli bapaya.
Growing nations must be reminded that there is no tree in nature which, even placed in the best conditions of light, soil, and land, can grow and expand indefinitely.	Esengeli kokanisisa lisusu ba mboka oyo ezali kokola ete mazali na ba nzete moko te okati ya mokili,  oyo malonami na lolenge oyo masengeli, mazali kozwa moyi, mabele mpe bisika, makokola mpe kopanzana seko na seko.
People say I dream every night, but if I do, I can never remember any of my dreams.	Bato balobi ete na lotaka butu inso kasi soki nasali yango, nazali kokoka ata mukolo moko te koyeba lisusu ata ndoto mya ngai moko.
American cinema has been marked by great Jewish actors such as Paul Newman, Harrison Ford, Sean Penn, Kirk Douglas, Woody Allen, Jake Gyllenhaal, Dustin Hoffman, Scarlett Johansson...	Cinéma ya ba américain etondisami na basali film ya minene ya ba yuda lokola Paul Newman, Harrisson Ford, Sean Penn, Kirk Douglas, Woody Allen, Jake Gyllenhaal, Dustin Hoffman, Scalett Johansson...
Love makes you blind, but marriage opens your eyes.	Bolingo ebomaka misu, libala efongolaka misu.
Kate Middleton is now Her Royal Highness Princess William Arthur Philip Louis, Duchess of Cambridge, Countess of Strathearn, Baroness Carrickfergus, Master of Arts.	Kate Middleton akomi kobanda lelo Son Altesse Royale muana ya mokonzi William Arthur Philip Louis, duchesse ya Cambridge, comtesse ya Strathearn, baronne de Carrickfergus, maître ès arts.
Sea kale, which has a delicious delicate cabbage-and-hazelnut flavor, is nevertheless disappearing because it is hard to grow industrially, even though Louis XIV insisted on having it in his kitchen garden.	Crambé maritime, oyo ezali na nsunga kitoko mpe goût ya choux na noisette, kasi ezali na nzela yako limwa, pamba te boloni mya yango mazali pasi pona kosala mombongo, kasi mokonzi Louis XIV zalaki kosenga myango mazanga te na bilanga mya ye.
One in hand is worth more than two you'll get later.	Moko oyo ezwami na maboko na yo eleki mibale oyo okozwa lobi.
Some people go to a lot of trouble to get a deliberately messy-looking haircut, so carefully done that one couldn't imagine such a "natural" look being reproduced on purpose.	Basusu bazali na mpasi ya bozwi suki bakata na lolenge moko ya bongo bongo, pamba te ma bongisami malamu, ekoki soki moke te kokanisa ete maselemi bongo bongo.
"Of all those who called Christopher Columbus "Chris," none survived long enough to do it again."	"Na baye banso oyo ba bengaki Christophe Colomb ""Chris"", ata moko te atikalaki na bomoi ntangu molayi pona kosala yango lisusu."
My father refused to give me a birthday present because I won't accept his new girlfriend.	Papa na ngai apimeli ngai libonza pona mbotama na ngai, mpo ete naboyi kondima likangu na ye ya sika.
He's a kind and likeable guy.	Muana mobali oyo azali motema malamu.
After a fairly long stay in Epirus, the hero re-embarks and reaches the coast of Italy, where, following Helenus's advice, he first makes a sacrifice to Juno, to appease this goddess who is an enemy of the Trojans.	Sima ya ko bika na tangu molayi na Épire, elombe azongeli mobembo mpe akomi na libongo na mboka Italie, esika, na bolandi makanisi ya Hélénus, esengelaki kobonza mbeka epayi ya Junon, na ntina ya bosengi nzambe ya muasi oyo azali monguna ya ba Troyens avanda kimia.
You must have handed in your assignment by Thursday without fail.	Esengeli bozongisa ba makomi na bino na mokolo ya minei.
It is indeed the worst folly to want to be wise in a world of fools.	Ezali bongo liboma ya koleka tango ozali koluka kozala moto ya bwanya na kati ya mokili oyo etondi maboma.
Catherine looked at him silently for a moment. She must have found him handsome, with his fine features and black mustache.	Catherine atalaki ye pona ngonga moko na kimia. Esengelaki amona ye kitoko, na elongi na ye ya kitoko mpe mandefu ya moindo.
Defense counsel is not responsible for the opinion he presents while carrying out the defense.	Mosambeli azali mokolo makanisi oyo azali koloba te o boso lya ba zuzi na ntangu ya bosambisi.
The mere fact that you found these things on the computer absolutely does not mean your parents have relationship problems; relationships between adults are more complicated than they seem at first glance.	Ezali te lokola osli komana makambu maye okati ya ordinateur nde elingi kolobba ete ba boti bwa yo bazali na nkonkoso ontei lya bango ; bolingo okati ya bakolo ezalaka lolenge ndenge musus na oyo mazalai komonisama.
Adam and Clémentine, married in December 1835, went, after spending the winter in Paris, to Italy, Switzerland, and Germany during 1836.	Adam mpe Clémentine, babalana na sanza ya zómi na míbalé na mobu lya nkóto lyoko na nkámá mwámbe na ntúkú mísáto na mintano ( décembre 1835) , bakendeki sima ya bolekisi hiver na Paris, na Italie, na Suisse mpe na Allemagne kati ya mobu lya nkóto lyoko na nkámá mwámbe na ntúkú mísáto na motóba (1836).
He looked left then right, then crossed the street.	Atali na loboko lya muasi na ya mobali mpe na sima akatisaka bala bala.
If possible, I would like to receive new information about this file.	Soki ekoki kosalema, nakosepela koyamba ba nsango ya sika mya dossier oyo.
This website collects and uses our personal information, among other things, for account creation, internal administration, marketing, to send us promotional information, and for data analysis.	Site internet oyo ezali kokongola mpe kosalela ba nsango na biso moko, pona bofungoli ba comptes, bosaleli okapi ya musala, koyebanisa, pona kotindela biso ban nsango ya koyebanisa mpe kolandela ba nsango.
Politicians are the same everywhere in the world. They promise to build a bridge even where there is absolutely no river.	Bayi politiki bazali lolenge moko bisika nyonso na mokili. Balakaka kotonga gbagba ata soki ebali ata moko ezali te.
Learn your lessons first, and then you can go out and have fun.	Yekola nano mateya mya yo nde na sima okoki kobima kosakana.
When he finishes talking with his mother, he goes straight back to the room below the living room.	Ntangu asilisi kosolola na maman na ye, azongi mbala moko na chambre oyo ezali na nse ya salon.
"The black and white bear that lives in the mountains of China and Tibet is called "panda.""	Ndúbu (ours) ya moindo na pembe oyo avandi na ba ngomba ya chine ipe ya Tibet abengamaka ''panda''.
Timeo had just called his beautician, when Marie felt her cheeks burn with jealousy.	Timéo awutaki kobenga na Alo Alo (téléphone) moto oyo alandela bonzenga naye, ntangu Marie ayki mabundi naye etondisami na zuwa.
He wore a shirt striped in white and blue, a matching scarf, a gold chain around his neck, and a valuable sword under his left arm.	Azalaki kolata simisi ya nzela nzela ya langi ya mpembe mpe bleu, kitambala moko ya langi wana, seneti ya wolo na kingo mpe mbeli ya ntalo ya molayi mpe ya talo na ese ya loboko ya muasi.
Carl Sagan gathered information about our planet onto a disc and sent it into space, so that other intelligent beings might find it.	Carl Sagan asangisaki ba nsango ya mokili na biso na disque mpe etindaki yango na espace, na ntina ete bato misusu ya mayele bamona yango.
I was so soft-hearted that it was obvious I'd get taken advantage of.	Nazalaki na motema munene nayango ezalaki pete pona basokisa ngai motema.
Judging by that gorgeous tan, it looks like you spent most of your vacation at the beach.	Nakotala lolenge oyindi tuu, ezali lokola olekisi ba mikolo ya bopemi nayo na plage.
"Then, renewing our eager questions, unaware of the dreadful art his words concealed, we pressed him at length to continue his account."	"''Na yango, tobandela mituna na biso ya pamba, /bozangi koyeba nde ebatamaki na sima ya maloba na ye, / uta mikolo ebele tozali kosala ete misala ekoba. """
The occupying forces used cluster bombs as well as white phosphorus bombs in areas inhabited by hundreds of thousands of civilians.	Ba mapinga ya bapaya oyo bayingelaki na mabele na biso bazalaki kosalela ba bombes ya phosphore ya pembe na bisika oyo Ba civils nkóto nkámá bazalaki kovanda.
After taking leave of the minister of war, Bolkonsky set off into the night intending to rejoin the army, which he no longer knew where to find, and fearing he might fall into French hands.	Na sima ya kotika mokonzi oyo atali makambu ya bitumba, Bolkonsky akendaki na butu na likanisi ya kokota mapinga, oyo ayebaki lisusu te esika ya kokutana na bango, mpe azalaki na bobangi ete akweyisama na maboko ya ba Français.
That's precisely why I have no interest in art.	Na ntina na yango nde nazali na sepelaka soki mukie te na art.
Widespread in Europe and pretty much everywhere in the world, chickweed is a very common plant in France.	Epanzana bisika nyonso na Europa mpe na mokili mobimba, mouron ya pembe ezali nzete oyo eyebani mingi na France.
The job earns him half a million yen a month.	Mosala epesaka ye kati kati ya million ya mosolo ya ba japonais na suda ya sanza.
The neighbors say that Marie beats her husband.	Ba voisins balobaka ete Marie abetaka mobali naye.
The best doctors in the world are: Doctor Diet, Doctor Quiet, and Doctor Merryman.	Ba minganga ya malonga na mokili bazali : munganga ya bileyi, munganga ya kimia ipe munganga ya esengo.
The figure on the left ruins the unity of the painting.	Mutu oyo azali na logbook ya quasi azali kobebisa kitoko ya tableau.
It's really great to have a laptop when the first nice days arrive and you can work on Tatoeba to the sound of birdsong.	Ezali malamu mingi kozala na telephone ntangu mikolo malamu mizali koya mpe tokoki kosala mosala ya bolimboli maloba na nzela ya internet ntangu ba ndeke bazali koyemba.
Love, too, must be learned and tried out, and you don't always immediately meet your partner for life.	Bolingo mpe esengeli koyekolama mpe komekama pamba te tokutanaka mbala moko te na molongani ya libela.
I could lie to you, but if you want the truth, we have not yet found anyone who could last even one minute in front of their interrogator's questions.	Nakoki kokosa bino, kasi soki bolingi koyeba bosolo, naino tomoni te moto oyo akoki kotelema ata pona miniti moko liboso ya mituna ya baluki na bango.
This guy drives me crazy.	Muana mobali oyo azali kopesa ngai liboma.
"""I only accept it so you won't think I'm impolite."" He said this with the frightened look of a victim, said the employee, but in his eyes one could read the words ""Long live corruption!""."	"""Nazali kondima yango te, pona ete bokanisa te nazangi botosi."" Azali koloba yango na bobangi ya moto oyo azwi likama, elobaki basali, kasi na miso tokokaki kotanga maloba ""Kaniaka ewumela!""."
I could have answered all the difficult questions. But the teacher said he wanted to ask me a few simple questions. And it completely fell apart.	Nakokaki koyanola mituna nyonso ya pasi. Kasi molakisi alobi ete alıngaki kotuna ngai mituna ya pete. Mpe esimbaki te.
It would have been nice if Timéo had listened more carefully to what I was saying.	Elingaki kozala malamu soki  Timéo ayokaki maye nazalaki koloba na ye na bokebi.
Without reason, the genuine love of men misses its mark just as much as the hatred of powerless men.	Nakozanga ntina, holing nyonso ya mibali esimbaka te lolenge moko na nkanda ya mibali oyo bazanga makasi.
To the sorrowful tones of her moaning voice, / I weep, I answer in broken sounds / with a few disjointed, disordered words escaping me:	Na lolenge ya pasi mungongo naye ezalaki kolela,/ na leli, na yanoli na mungongo ya kokata / na maloba ezanga ntina mpe makanisi.
One must have no regret for the past, no remorse for the present, and unshakable confidence in the future.	Esengeli kotika komitungisama pona maye maleka, komitungisamaka soki mukie te pona maye mazali koleka lelo, mpe kozala na kondima ya makasi pona maye makroya lobi.
Put it in the oven at 240°C (gas mark 8), and after 5 minutes lower it to 200°C (gas mark 6-7); leave it for another 10 minutes. Watch the cooking closely!	Kotia na four na  240°C (thermostat 8), mpe kokitisa moto sima ya miniti mitano (5) na 200°C (thermostat 6-7) ; tiki lisusu miniti zomi (10). Landela malamu lobelia tango  !
It was perfectly clear, I understood the whole explanation of the problem.	Ezalaki pete pona kososola, nasosoli likambo nyonso.
That's the true genius of America: that America can change. Our Union can be perfected. What we have already achieved gives us hope for what we can and must achieve tomorrow.	Ezali mutu ya mayele makasi na Amerique : Amerique ebongolama. Lisanga na biso ekoki kobongama. Oyo tosali ti esiba oyo ezali kopesa biso elikya pona oyo tokoki kosala lobi.
Roger Miller started writing songs because he loved the music he heard on the radio.	Roger Miller abandaki kokoma ba nzembo, po ete alingaki mindule azalaki koyoka na radio.
I saw the guy jump over the fence and run away.	Namonaki moto apumbwaki likolo ya efelo ya ndako mpe akimi.
Yet, despite this whole strange appearance of humility and this contempt for human reason, he ventures into the boldest assumptions.	Ata dengue azalaki komonana lokola moto amikitisa mpe lolenge ya vomito na ye, ape saki makanisi moko ya kokamwa makasi.
The world is like a house with two doors: you come in through one and go out through the other.	Mokili ezeli lokola ndako ya bikuke mibale, okoti awa mpe obimi kuna.
News of the recent explosion is all over the radio.	Ba nsango ya bombe oyo ebetaki mazali koleka bisak nyonso na radio.
If you ask her too directly whether she has a boyfriend, she'll become guarded and answer: "Why are you asking?"	Soki otuni ye mbala moko soki azali na likangu, akozala na bobangi mnpe akoyanola yo boye :  « Pona nini ozali kotuna ngai motuna ? ».
The young lawyer came to pick up his fiancée to take her to dinner.	Mosambeli ya elenge aye kozwa likangu na ye  po bakende kolia.
If you look gloomy in this business, customers won't come.	Soki ozo sala elongi ya mama na mosala oyo, batu bakoya te.
I'm certainly not going to tidy my room right now, mom! I mean, I'm a secret agent and I have to save the world!	Nakobongisa chambre na ngai sikoyo te, maman ! Sikoyo, nakomi mutu ya service secret mpe esengeli na bikisa mokili !
A man who is able to admit he was wrong and ask for forgiveness is a man worthy of my love.	Mobali oyo akoki kondima mbeba naye mpe kosenga bolimbisi azali mobali oyo asengeli na bolingo na ngai.
When you try to control everything, you don't enjoy any moment. Relax, breathe, let go, and live!	Ntangu ozali kopek kolandela nyonso, oko misepelisa na ngonga moko te. Zwa kimia, pema, zala a l'aise mpe vivre !
A woman is well within her rights, and she even fulfills a kind of duty by striving to appear magical and supernatural; she must astonish, she must charm; as an idol, she must gild herself in order to be worshipped.	Muasi azali na ndingisa na ye, mpe asengeli amonana lolenge ya kokamwisa, kosepelisa, kokumisama, esengeli angenga po ete balula ye.
When he was placed in custody, we knew things would have to be handled carefully.	Ntangu batiaki ye na boloko po na mikolo mikie, toyebaki ete alingaki asala makasi.
He read into my words a message I hadn't intended.	Atangi na maloba na ngai nsango moko oyo ngai nakanaki te.
If I lose my key, I won't be able to lock the door anymore.	Soki nazwi fungola na ngai, nakokoka lisusu te kokanga ekuke.
Harry couldn't keep up with the level of the class.	Harry akokaki lisusu te kolanda lolenge ya kelassi.
I thought I couldn't stand the sight of my own face, but thinking it over carefully, it's actually the image others reflect back at me that I can't stand.	Nakanisaki ete nazalaki kokoka lisusu te komana elongi na ngai, kasi ntangu na kanisi malamu, ezeli nde lolenge basusu bazalı kotala ngai nde nazo koka lisusu te.
When we saw her get off the train with her hat on and her gloves, we immediately understood she wasn't coming back from Marseille.	Ntangu tomanaki ye kokuta na engunduka na ekti na ye na ba gants, tososolaki biso nyonso ete awutaki Marseille.
Hmm. I have the feeling I'm going to get lost, whichever road I take.	Hum. Nazali koyoka  lokola na kobunga, ata nazwi nzela nini.
However, once the sun of the Middle Ages has completely set, once the Gothic genius has forever faded from art's horizon, architecture grows dull, fades, and disappears more and more.	Na yango, ntangu moyi na eleko ya kala ezalaki kokota, ntangu molimo azalaki kaka komonisama, architecture ebebaki, elimwaki mukie mukie.
Even when I want to say "that's out of the question!", sometimes I end up, against my will, answering "no problem!"	Ata soki nalingaki koloba « ekoki kosalema soki mukie te! », ntangu misusu, ata soki nalingi te nasukaka kaka nakoyanola « likambo eza te! ».
The internet has extended the range of my sex life; a bit like switching to ballistic missiles.	Internet ekoti na bomoi na ngai ; ekomi lokola nalekaki na etumbelo.
Jane skipped the questions she didn't know how to answer.	Jane a tikaki mituna oyo akokaki te koyanola.
Life belongs to the living, and whoever is alive must expect change.	Bomoi ezali pona batu oyo bazali na bomoi, mpe moto oyo azali na bomoi esengeli andimaka mbongwana.
For some city dwellers, the countryside is unbearable because its silence mirrors their inner emptiness.	Pona bato bawuti na engumba mokonzi ko vanda na mboka ezali likambu ya kitoko te samba te kimia oyo ezali na mboka etungisaka bango.
Can you arrange things so she appears on that TV show?	Okoki kosala ete aleka na émission ya teve oyo?
When you speak, you're only repeating what you already know. But if you listen, you might learn something new.	Ntangu ozali koloba, ozali kaka kobandela makambo osi oyebi. Kasi ozali koyoka, okoki koyekola eloko ya sika.
The Camargue Regional Nature Park, a vast wetland in the Rhône delta, is magnificent!	Parc naturel oyo ye etuka ya Camargue, bisika ya minene oyo ezali na delta ya Rhône, ezali kitoko !
I would tell you everything you want if the sounds I make could be what you hear.	Nakoyebisa bino nyonso bolingi soki bolingi koyoka makele ya mungongo na ngai.
Groups are a good way to share an interest with a small circle or with the whole world.	Lisanga ezali lolenge malamu ya kokabola boyebi na bato mukie to pe na mokili mobimba.
You'll see that everything has become very beautiful, and you'll be able to show the guests something truly impressive.	Okomona ete ekomi kitoko mpe okoki kolakisa eloko ya kokamwisa na ba paya.
They were ready to take the risk of being shot at by the enemy.	Bandimaki soki kozwa masası ya monguna.
Do you still trust that guy even though he has already broken his promise twice?	Ozali lisusu kondimela mwana mobali oyo ata soki atosi maloba naye te mbala minable ?
He is usually direct and sincere, and thereby earns the trust of those he meets.	Azali malamu mpe sembo mpe batu nyonso akutanaka na bango ba ndimelaka ye.
You probably think you know how to do that, but let me explain it once more.	Bokanisi penza ete boyebi lolenge nini kosala yango, kasi tika ngai na sosolisa yo yango lisusu mbala moko.
Forming an information infrastructure, the real impact of the information superhighway lies in the expected development of the new economy driven by the shift from a tangible computer-hardware industry to an intelligent-software industry.	Ndenge esali ba lolenge ya ko tambwisa ba nsango, mosala malamu ya nzela pona kotambolisa nsango ezali pona komema na kobongisa nkita koleka na industrie ya informatique pona ba logiciels ya sika.
My hometown is located 10 miles (about 16 km) south of New York.	Engumba esika na botama ezeli na ba kilometres zomi na sud ya New York.
The former Minister of the Environment is responsible for the rise in gas prices.	Mokonzi ya kala ya Environnement nde amatisi essence.
As far as meaning goes, the two sentences are - in principle - equivalent. However, the second allows for a broader interpretation.	Na oyo etali lolenge ya kozalela, maloba mibale mazali kokokana. Kasi, oyo ya mibale ezali kokotisa na mozindo.
One second, I'll be right back. Don't hang up!	Ngonga moko, nazo zonga sikoyo. Kokata telephone te!
Aeneas sends for Ascanius, who had stayed with the fleet; but Venus, fearing the queen's fickleness and Carthaginian treachery, decides — to secure his heart — to spirit young Ascanius away.	Énée atindi baluka Ascagne oyo atikalaki na mayi; kasi  Vénus, oyo azalaki kobangela bozangi kozwa mokano ya mokonzi ya mwasi mpe mayele mabe ya batu ya Carthage, pona koyeba na motema ete azmi mokano ya kolongola elenge Ascagne.
How's it going, buddy?	Esimbi, moninga na ngai ?
When he displeases a nasty neighbor, even the kindest person may not be able to live in peace.	Soki ndeko oyo azali kovanda na nzinga nzinga azali motema mabe, oyo ya motema malamu akoki kovanda na kimia te.
If we have to wait for the cops to show up, then we're done for!	Soki tosengeli kozela ba pulusu baya, wana tosambwe !
They fired with explosive bullets to kill.	Babetaki masasi na ba masasi oyo ya bombe pona koboma.
"Go, take your people from this ill-fated place, / spare them the insult of the Greeks' triumph: / Ilium entrusts to you the keeping of their worship. / Seek them a refuge, and may, beyond the seas, / their new city rule the universe!"	"""Kende, mema batu nayo na bisqua ya mate ana, / Kolonga ya ba Grecs ezangisi bango kofingama : / Ilion apesi bango lokumu epayi na bango. / Lukela bango esika ya kobatama, musika na ba ebale / mboka na bango ya sika ezali kokumbela mokili ! """
I spent hours looking for the key I had dropped.	Nalekisi ba ngonga pona koluka fungola oyo nakweyisaki.
I apologize, but I won't be able to attend the meeting in person.	Nasengi bolimbisi mpo nakokoka te koya na likita.
To offer friendship to someone who wants love is like giving bread to someone dying of thirst.	Kopesa bondeko na moto oyo alingi bolingo, ezali lokola kopesa lipa na moto oyo azali kokufa na posa ya mayi.
But let whoever you find your gods with perish! In the presence of our brothers, examine what belongs to you in my possession, and take it. Jacob did not know that Rachel had stolen them.	Alakelama liwa moto oyo okokomisa nzambe na yo ! Liboso ya ba ndeko na biso ya mibali, tala nini yayo ezali epayi na ngai, mpe zwa yango. Jacob ayebaki te ete Rachel ayibaki bango.
The fastest runner cannot run the 100 meters in 9 seconds.	Mutu oyo akimaka mango koleka akoki te kokima ba metres nkámá na ba secondes libwa.
The feeling of being pitied is horrible.	Mposa ya kosala ete bayokela yo mawa ezalio mposa moko mabe.
Henry James was American by birth.	Henry James azalaki américain uta kobotama naye.
There is merit even in a legislator who is intellectually slow. He asks the questions everyone is afraid to ask for fear of looking simple-minded.	Ezali na lokumu, ata epayi ya mosali mibeko oyo azali na makanisi mukie. Atuni mituna oyo batu nyonso bazali kobanga kotuna pona bobangi ya komonana lokola bayebi te.
Having been pursued by the Greeks, he loses his wife: noticing her absence, he turns back to look for her; her shade appears to him and tells him that Cybele is keeping her in Phrygia.	Ba Grecs balandi ye, abungisi muasi naye : ntangu amoni bozangi naye, abaluki pona koluka ye ; elilingi naye ebimeli ye, mpe ayebisi ye ete Cybèle azalaki na Phrygie.
Isn't love supposed to last forever?	Bolingo esengeli te kowumela libela ?
And suddenly this thought of death stirred in him a whole series of distant, intimate memories — his farewell to his father, to his wife, the early days of his marriage, and his love for her!	Mbala moko likanisi oyo ya liwa elamusaki mabanzo ya kala ebele mpe ya bomoto naye, kolaka papa naye, muasi naye, ba ntangu ya ebandeli ya libala naye mpe bolingo naye pona muasi naye !
If possible, the Japanese seem to prefer choosing a spouse similar to themselves, seeking a stable position that ensures slow but steady promotion, and putting their savings in the bank.	Soki ekoki kosalema, ba Japonais balingaka kopona balongami oyo bakokani na bango, koluka lolenge moko ya kimia oyo ekowumela mpe komatisa mutu malembe malembe kasi malamu mpe kotia nkita na bango na banque.
Maria bought Nathan a copy of "How to Win Friends and Influence People" by Dale Carnegie.	Maria asombeli Nathan mokanda ya « Lolenge nini kokoma na baninga mpe kondimisa batu » ya Dale Carnegie.
Leave right now, or you'll be late for school.	Kende sikoyo, soki te okozala na sima na kelassi.
I hope you get a good rest and that your migraine goes away quickly.	Nabanzi ete bokozala mosolo ya malonga mpe pasi na bino ekosila na lombango.
Hey boys, stop fighting. Come on, break it up!	He bana mibali, botika kobunda. Koma, bokabwana !
There truly is no people who, over the last hundred years, has endured as much as the Jews.	Ezali na batu moko te na mokili, oyo uta mibu nkámá eleka, banyokwama koleka ba Yuda.
I'm canceling my reservation for flight number two to New York on May tenth.	Nabomi ba réservation nasalaki pona pepo ya mibale pona New York ya mokolo ya zomi na sanza na mitano.
"To think you can buy a 64GB USB drive for 16 euros... We're living in an amazing era." "And that price will have dropped even further in ten years..."	« Koloba ete nakoki kosomba USB ya 64 Go na 16 euros ... Tozali koleka eleko moko ya kitoko makasi. » « Motuya yango ekobongwana lisusu na mibu zomi oyo mazali koya... »
"I'm part of a think tank." "Ah well, I don't know how much thinking you do in that circle of yours, but yeah, you're pretty tanked."	« Nazali modo ya batu oyo bapesaka makanisi na ba konzi » « Ah nayebi te soi okanisaka mingi, kasi wana na bisika nayo, kasi eh, okanisi mabe. »
Can a being create fifty billion galaxies, each with a hundred billion stars, and then take delight in the smell of goat meat being burned?	Ekelamu moko akoki kokela millards ntúkú mítáno ya galaxies,moko nango ezala na ba milliards nkámá ya minzoto, mpe na sima nango kosepela na musuni ya ntaba oyo bazali kotumba?
She had become dark and strange again; her last answers were incoherent or mocking, her heart had closed off.	Azkomi lisusu muindo mpe lolenge moko ya kokamwa; biyano naye ya suka mazalaki malamu te to pe ya litio, motema naye ekangamaki.
The suspect had hidden in the mountains for three weeks.	 Mutu oyo bakaniselaki likambu abatamaki na ba ngomba pona mposo misatu.
Slaps delivered by displeased mothers on the cheeks of their daughters, who had sneaked off to the dance, rang out amid the laughter of the young people who had permission to have fun.	Mipepe oyo ba mamans na kanda basalaki na matama ya bana na bango ya basi, bayaki kobina na ndenge ya kobatama, kati na koseka ya bilenge oyo bazalaki na ndingisa ya kosakana.
Marie locked herself in the bathroom and refuses to come out.	Marie akangamaki na kikozo mpe aboyaki kobima.
It's nice of you to try to cheer me up.	Ezali malamu mingi indegne ozali kopesa ngai makasi.
Obviously, a game like that can have very serious consequences for people who keep a pair of flowery socks inside the drawer reserved for blue polka-dot gloves.	Ya solo, lisano ya boye, ekoki kozala na ba makambu ebele ya minene pona batu bazali na ba chaussettes ya folklo na kati ya bibombeli na bango.
I'm sorry I didn't understand you; you're speaking too fast.	Nazali na pasi ya kososola bino te ; boyo loba mbangu mingi.
Lieutenant, my patience is shorter than my sword.	Lieutnant, kimia na ngai ezali mukuse koleka mbeli na ngai.
I'm sorry to bring you all this trouble.	Esali ngai pasi ndenge na memeli yo makambu oyo.
Be reasonable in all circumstances? One would have to be crazy...	Esengeli kozala na makanisi na ntangu nyonso ? Esengeli opal na liboma...
"Can" is the correct word to express ability, and "may" is the one for asking permission.	«Nako » ezali liloba oyo esengeli pona kolakisa bokasi mpe «Nakoki », pona kosenga ndingisa.
I have often noticed that young girls do not know how to take an interest in serious works, though they are written for their own good. This baffles me, I admit, for nothing could do them more good than instructive reading.	Na sosoli ete bilenge bana basi bayebi te indegne ya koyeba makambu ya malonga, oyo ebongisami pona bolamu na bango. Ezali kobungisa ngai, na ndimi, pamba te eloko moko te ekoki kosala bango malamu koleka kotanga makambu oyo ya koteyisa.
Algerian power is corrupt and criminal against the Kabyle.	Algerian power  ezali lisanga ya miyibi mpe babomi oyo bazali kobundisa ba Kabyle.
Despite the rain, we played soccer.	Ata mbulam tobetaki lisano ya ndembo.
Although fat, short and potbellied, with thick legs and thick hands, he had the shrewdness of the Swiss innkeepers he resembled.	Ata munene, mukuse mpe libumu, makolo minene mpe maboko minene, azalaki na makoki ya ko pumbwa lokola basali ya hotel ya Suisse, oyo akokanaki na bango.
Algerian Arabs are pleased when Kabyles are killed by their Arab-Islamist army.	Ba arabes ya Algérie bazalaka na esengo ntangu ba Kabyles ba bomaka bango epayi ya mapinga ya arabo-islamiste.
Keep all your goals in mind and decide on the details according to circumstances!	Bomba makanisi nano nyonso na molimo mpe zwa mokano ya makambu na lolenge makambu ezali.
If you were more responsible and didn't spend all your money, you could pay for it now.	Soki bozalaki batu ya makanisi mpe bosilisaki misolo na bino nyonso te, bokokaki kofuta sikoyo.
"I attest to you here that, faithless toward me, / my country has forever released my pledge; / that I may at last break the oath that binds me, / reveal its secrets, and devote to it my hatred."	""" Nazali koyebisa bino awa, ata soki ebosanaka ngai / ekolo na ngai ekozala kaka na makanisi na ngai ; / ete nakoki kolapa ndayi oyo ezali kokanga ngai na miniololo, / kopanza ba sekele naye, mpe kopesa ye koyina. """
Don't worry, I'll be discreet and won't say what they didn't know well.	Kobanga te, nakozala na nkunku mpe na koyebisa te oyo bayebi malamu te.
Life's experiences leave vivid marks on the sensitive plate of his mind.	Mayele ya mokili na bomoyi etikaka bilembo na molimo na biso.
"The controversy continues over the ""White Collar Exemption,"" which exempts certain white-collar workers from the ""8 hours a day, 40 hours a week"" work schedule mandated by the labor law."	Koswana ezalaki kokoba na oyo etali ''Bolengeli ba modega ya pembe'' kolengele basali ya biro oyo bazalaki kobengama basali ya modega ya pembe, bazalaki kosala kaka pona ngonga ''mwámbe na mokolo, ngonga ntúkú mínei na poso'' ndenge mobeko elobi na maye matali gonga ya misala.
Shall we play cowboys and Indians? I declare myself sheriff and you all have to obey me.	Tosali kosala lisano ya mpuku na miawu? Na mibengi mokonzi esengeli botosa ngai.
If you want my opinion, Dan has never set foot in Italy — otherwise how would you explain that he doesn't know a single word of Italian even though he claims to have lived there for ten years?	Soki olingi oyeba likanisi na ngai, Dan atikala kotia matambe naye te na Italie, soki te ndenge nini akoki koloba ata liloba moko te na lokota ya italie kasi alobaka avanda kuna pona ba mibu zomi ?
He's a boy of average height, wearing a blue plaid shirt and gray shorts. He's wearing horrible socks and blue sneakers.	Azali elenge mobali moko ya nzoto minene te mikie mpe te kati kati, azo lata simisi ya langi ya bulé na pantalo moko ya mukuse ya langi ya mbwé. Azali kolata soseti ya mabe penza mpe sapatu ya langi ya bulé.
It'll be fine, you can do it! Keep believing in yourself! You're already an outstanding swimmer.	Eko simba, okoki kosala yango! Zala nakondimba na yo moko! Osi okomi mobeti monene ya mayi.
Ha ha ha! Do you want to kill all the flies?	kiekiekie! Olingi obuka ngai panzi na koseka?
It's without a doubt one of the worst ideas I've ever heard.	Ezali solo likanisa ya mabe oyo nano nayoka te.
I betrayed the marital faith I had sworn to Don José, my husband.	Na buki mobeko ya libala, oyo na lapaki ndayi epayi ya sango José, mobilai na ngai.
Maxime spent the whole evening searching the internet for photos of celebrities.	Maxime alekisi mpokwa mobimba koluka na internet bilili ya baye bakenda nsango.
The occupying forces are desperately carrying out mass arrest campaigns to try to prevent a general uprising in the occupied territories. However, this uprising remains inevitable if this inhumane occupation continues.	Mapinga ya ba paya oyo bayingela ontei ya ekolo bazali kokanga bato mingi mingi pona kopekisa botomboki ya bakolo mboka bisika basili koyingela. Na yango, botomboki yango esngeli kaka esalema soki koyingelas ya ba paya oyo ezali kokoba.
Leave right now, or you'll be late.	Boloba sikoyo, soki te bokozala na sima.
Always keep an open mind for new knowledge.	Bozala na mayele ya kofungwama pona boyekoli makambu ya sika.
Everywhere there are good men to denounce to those in power those ill-tempered individuals who want to depose princes and, without consulting it, uproot a society.	Ezali na bato ya malamu pna kofunda bakonzi ya mitema mabe oyo balingi bozwa mikano kasi batuni bakonzi ya likolo te, koningisa ekolo mobimba.
Boys, don't you dare think that beast will get into the house.	Bana mibali, bokanisa kutu te nyama oyo akokota na ndako.
"You know full well that you shouldn't wake a sleeping lion." "Of course you shouldn't wake it; you should take the opportunity to defeat it!"	« Oyebi malamu ete esengeli te kolamusa nkoyi na pongi. » « Solo esengeli te kolamusa ye ; kasi kobeta ya na ntangu azali kolala pona kolonga ye ! »
I entered that state of mind where a man listens and listens and begins to fervently wish to catch sight of a police officer.	Nakomi na esika oyo moto ayokaka ayoki mpe abandi kolikia ete akomona ata pulusu moko.
Honey, could you pick up the kid from school tonight?	Bolingo, okoki koleka na eteyelo ya mana po ozwa bongo, na mpokwa ya lelo ?
Detective Dan Anderson returned to Linda's house armed with a search warrant.	Molukisi Dan Anderson azongaki na ndako ya Linda na mokanda ya mandat de perquisition.
Looking ahead is necessary: whoever doesn't look forward won't make progress; and as you make your bed, so you must lie in it (as you prepare your meals, so you eat).	Bomoni mosika ezali na litomba penza: moto oyo atalaka liboso te akendaka musika te; lolenge moko tobongisaka mbetu, pona kolala (denge tolambaka biloko, pona kolia).
It was bad enough that he was in the habit of arriving late to work, but showing up drunk is the last straw, and I'm going to have to let him go.	Ezalaki mabe mingi lolenge amesanaki koyaka mosala na sima ya ngonga, kasi koya na mosala na kwiti wana penza ezali mate koleka, mpe esengeli nakabwana naye.
It's as if you had no family, so you talk about mine.	Ezaslik lokola bozali na libota te, bozali kolobela ya ngai.
The herpes virus kills many baby elephants, all over the world.	Mikolobe ya herpès ebomaka bana ya nook mingi, bisika nyonso na mokili.
Every generation, no doubt, believes itself destined to remake the world. Mine, however, knows it will not remake it. But its task may be greater. It consists in preventing the world from falling apart.	Génération nionso, ekanisaka ete bakobandela mokili ya sika. Ya ngai eyebi ete ekobandelisa yango te. Kasi mosala ya kosala ekoki kozala munene koleka. Ezali kopekisa mokili epanzana.
Go down to the cellar and get some wine.	Kita kende kozwa vino na nse.
No one imagines that the future could be different from the past.	Moto moko te akanisaka ete lobi oyo ekoya ekokesena na lobi oyo eleka.
You should arrive early so he can read your manuscript before your speech.	Esengeli boya na liboso ya ntangu po ete atanga makomi na bino liboso ba ntanga yango na misu ya bato.
At a time when women's voices were silenced and their hopes dismissed, she lived to see them stand up, speak out, and reach out to cast a ballot.	Na ntangu oyo bazalaki kokangisa basi minoko mpe koboma elikya na bango, alongaki po ete amona bango lelo kotelama mpe kotanda loboko pona kopesa ya bango likanisi na maponami.
All on embroidered couches admire in turn / the bearing, the bright gaze, the features of the false Ascanius, / his gentle voice, his gifts graced with charm.	Banso zinga zinga ya mbeto ya wolo, kolula moko moko / lolenge, etaleli ya makasi, bilembo ya Ascagne ya lokuta, / mongongo na ye ya Pete, mpe libonza lye ye oyo ezalaki elongo.
If a guy buys you a drink at a bar, you can be sure he's trying to sleep with you.	Soki mobali asombeli yo nkopo ya masanga na ekala, okoki kososola ete alingi ayeba nzoto nayo.
Dr. Miller would like you to wait a few moments.	Munganga Miller alingi ozela mukie.
The use of maggots for wound care is far more effective than modern medical treatment, because maggots eat only the dead tissue, without damaging the living flesh around it.	Bosaleli ba nkusu pona kobikisa mpota ezali makasi koleka nkisi ya mundele,  pamba te ba nkusu baliaka kaka mposo oyo ekufa, kati na kobatela mposo ya bomoi oyo ezali zinga zinga.
It is a sign of a malicious mind to show joy when reprimanding or punishing someone; be very careful, then, not to fall into that fault.	Ezali molimo ya bokotisi mayele mabe soki ozalitten koyika ensengo, ntangu ozali konyokola to kopesa moto pasi ; Bosala keba makasi ya kokweyisama na mbeba wana te.
If you want your employees to be happy, you must pay them a decent wage.	Soki olingi basali na bino bazala na esengo, bosengeli kofuta bango lifuti ya malonga.
Suggesting that foreign students come study in France in English is the most foolish proposal I've ever heard.	Kosenga na bana kelassi baya kotanga na France na lokota ya Anglais ezali likanisa ya buzoba oyo naino nayoka te.
Do you think chest hair is sexy?	Okapis ete nkunza na ntolo ezali kitoko?
With what songs, with what music can we evoke this figure, at once supremely terrible and supremely good, who today veils herself in brightness and falls asleep in the light?	Na ba nzembo nini, Mindule nini tokoki kotangela elongi wana ya kitoko, oyo lelo etondisami na nasa mpe elali na nse ya pole.
Don't lose faith, Mike.	Kobungisa elikiya te Mike.
On the ground floor of the palace are a ballroom, a hall of mirrors, a dining room, a hunting-trophy room, and a Chinese cabinet.	Na nse ya ndako ya etezi ezali na ndako ya mayangani, ndako ya matalatala, ndako ya kolia, ndako esika ba coupes ya bokila mazali mpe ndako ya b a chinois.
Always yield the right of way to vehicles coming from the right.	Botika mituka mazali kowuta na loboko ya mobali baleka liboso.
This pigeon flew from San Francisco to New York.	Ebengá oyo apimbwe kolongwa San Francisco ti New York.
I am like that madwoman from Sainte-Agathe who stepped out onto the doorstep every minute and looked, hand shading her eyes, toward the station, to see whether her son, who was dead, might be coming.	Nazali lokola liboma ya muasi oyo Santu-Agathe oyo azalaki kobima ngonga nyonso liboso ya ekuke mpe azalaki kotala, liboko na misu, na ngambo ya ndako ya engunduka, pona kotala soki muana na ye ya mobali oyo akufa azalaki koya te.
I'm going to get in touch with Jim and ask him to come.	Nazo kende kokutana na Jim mpe na senga ye aya na biso.
A counseling unit was set up at the high school following the attack.	Lisanga moko ya balandi mitungisi ya makanisi esalami na eteyelo sima ya attentat oyo esalemaki.
Some mistakenly believe that video games are the source of our troubles.	Basusu bakanisaka, na bozangi koyeba, ete masano ya nitendo  nde mazali komemela biso mankama.
It would be really cool if Obama grew a nice thick afro.	Ekozali kitoko mingi soki Obama akolisi suki naye ya bato moindo.
The neighbors can see that the mailbox isn't empty.	Ba voisins bazali Pomona ete exila ya boyambi mikanda ezali polele te.
In the love between a man and a woman, there is always a moment when that love reaches its highest point, when it has nothing calculated and nothing sensual left in it.	Na bolingo kati ya muası na mobali, ezali kaka na ngonga moko oyo bolingo ekomaka na suka nango, oyo eloko ya koloba to pe ya lolango esilaka.
A sequence is convergent if it has a finite limit. It is divergent otherwise.	Lisolo ekobaka soki ezali na esika ya kosuka. Soki te ekomaka pasi.
I'm sure you must have a lot of questions.	Nayebi ete bosengeli kozala na mituna ebele.
"The Danes say ""I love you."" They've completely given up on their own language!"	Ba Danois balobaka ''Nalingi yo''. Babosani lokota na bango !
The link tool is above the sentence being translated and is the first icon on the left; it looks like a combination of a Japanese character and the letter A.	Eloko ya kosangisa maloba ezali likolo ya ndelo oyo ezali kolimbolama mpe ezali elembo ya liboso na loboko ya muasi; ekokani na makomi ya ba japonais mpe na nkoma ya A.
"Your misfortunes are over, your refuge secured; / you need not seek on distant shores / an unknown empire, fleeting lands."	""" Ba mpasi na bino exile, Ngunda na bino endimami ; / bokokende koluka na ba mboka musika te / oyo eyebani te, mabele ya bakimi. """
Elizabeth Taylor was my favorite actress.	Elizabeth Taylor azalaki actrice na ngai oyo nalingaki mingi.
Don't touch me, you pig!	Kosimba ngai te, ngulu !
I'm eagerly awaiting the day Miss Cobb comes back, I can tell you.	Nazali kozela mukolo oyo mademoiselle Cobb akozonga, nayebisa bino.
I repeat to you, my beloved Ethel, that I will soon return to tear you from this prison or be buried in it with you.	Nabandeli koyebisa bino, wa ngai wa bolingo Éthel, nakoya kala te kobimisa bino na boloko oyo to nakokufa na bino elongo.
The crafty speech of a Greek left behind in the camp wins over the people.	Nsango ya lokuta oyo ya Grec oyo atikalaki na camps na nbatu.
The offenses of the people's representatives and officials must never go unpunished. No one has the right to claim to be more inviolable than other citizens.	Ba mbeba ya batindami na ba peuple mpe basali nan bango esengeli te ezanga mbano. Moto moko te akoki komikanisa likolo ya baimboka basusu.
Open your book to page 17 and read the whole text quietly to yourselves. In fifteen minutes, I'll ask you questions about this text to check whether you understood it well.	Bofungola buku na bino na lonkasa ya zomi na sambo mpe botanga makomi nyonso na mongongo ya nse. Na miniti zómi na mitano, nakotuna bino mituna na makomi oyo, mpo ya koyeba soki bososolaki yango malamu.
Remember that a painting — before being a battle horse, a nude woman, or some anecdote — is essentially a flat surface covered with colors arranged in a certain order.	Kozongisa makanisi ete etando — yambo ezala mpunda ya etumba, mwasi ya motakala, to pe lisapo songolo — ezali na bonene etando eye ezipami na langi oyo isangisami malamu na lolenge songolo.
Hear, O Israel! The Lord our God, the Lord is one!	Yoka,  Israël ! Mokonzi, Nzambe na biso, azali kaka moko !
Since Marika isn't around and has no interest in getting back in touch with you, you'd better forget her.	Lokola Marika azali wana te mpe azali na ntina te ya kokutana lisusu na yo, ekozala malamu obosana ye.
Colonel Collins is married and has a daughter. When she has free time, she likes to run, play golf, and go camping.	Colonel Collins abala mpe azali na mwana moko ya mwasi. Ntango azalaka na mwa ngonga, asepelaka kokima mbangu, mpe kosakana na lisano ya golf mpe kovanda na  zamba.
For him, the Arctic climate of Arkhangelsk was hell on earth, but for her, having grown up in that region, Arkhangelsk was paradise on earth.	Mpo na ye, ntango ya arctique ya Arkhangelsk ezalaki lifelo o kati ya mokili, kasi mpo na ye oyo akoalaki na engumba wana, Arkhangelsk ezalaki paradiso o kati ya mokili.
It will take two weeks before you receive the item.	Esengeli na bino mposo mibale liboso boyamba makomi yango.
Take it easy and things will get better right away.	Sala malembe mpe ekoleka sika malamu.
It looks like a gunshot wound fired at point-blank range.	Ezali lokola mpota ya masasi babeti mpembeni.
Once that competitor has no more customers, they'll have to close up shop!	Ntango moto oyo azali koluka kokokana na biso akozala lisusu na basombi te, akokanga bikuke naye !
For Ray Bradbury, "Jules Verne symbolizes the entire history of humanity."	Mpo na Ray Bradbury, « Jules Verne azali elembo ya bomoto ya mokili mobimba ».
The very sick baby was under close medical supervision.	Mwana moke oyo azalaki kobela makasi azalaki na botali maboko ya ba minganga.
It's very kind of you to send me such a lovely gift.	Olakisi motema malamu na yo na likabo ya kitoko oyo otindeli ngai.
At that time Tony was well into his sixties and was still able to work hard, but by then he had a brand-new truck, a new mower, a whole bunch of other tools, and three people to help him.	Na eleko oyo Tony akokisaki mpenza mibu ntúkú motóba mpe azalaki kaka na makasi ya kosala mosala makasi, kasi azalaki na motuka monene ya sika, masini ya mandefu ya sika, bisaleli misusu mpe bato basato mpo na kosunga ye.
In addition to the general curriculum, there are specialized courses in the fundamentals of mechanics; training is also provided for acquiring the skills and knowledge needed to operate different types of machines.	Kolongola bibongiseli ya monene ezali na mateya oyo masalemi mpo na boyekoli mecaniki, liteya ebongisami mpo na kolengela boyebi bolamu ya bosaleli  masini misusu na lolenge esengeli.
Sami is gay and he will go to hell.	Sami azali pede mpe akokende lifelo.
I want to buy a shirt for my little sister.	Nalingi nasomba simisi mpo na leki na ngai ya mwasi.
The doctor pulled the paper out of his pocket.	Monganga abimisi lonkasa na libenga na ye.
One day we will reconcile (Sooner or later, the memory of the breast that nursed us will bring us back together).	Mokolo moko tokoyokana (Mokolo moko to mususu mabanzo ya libele oyo tomelaka elongo ekozongisa biso makanisi).
Call options give the right to buy a security at a certain price, called the strike price, on a given date. Put options give the right to sell.	Maponi mpo na kosomba epesi ndingisa ya kosomba eloko na motuya songolo, oyo ebengami motuya ya bosaleli, na mokolo moko songolo. Iye ya koteka, ipesi ndingisa ya koteka.
A dreamer is someone who can only find his way by moonlight, and his punishment is that he sees the dawn before the rest of the world.	Moloti azali moto oyo akoki komona nzela na ye kaka na kongenga ya sanza, mpe etumbu na ye ezali ete amonaka ntongo liboso ya bato.
I was afraid to ask questions because I didn't want to seem stupid.	Nazalaki na bobangi ya kotuna mituna mpamba te naboyaki nabima zoba.
I have the feeling he's not going to let me off so easily.	Nakanisaki ete akotika ngai te nabima na mpete nyonso.
It started raining right when I wanted to go out.	Mbula ebandi kobeta makasi kaka ntango nalingi nabima.
My younger sister is losing patience, because her husband often comes home from work drunk.	Leki na ngai ya mwasi  abungisaka nkimya, mpamba te mobali na ye azongaka mingi mosala na milangwa.
Sorry about the mess!	Mawa mpo na mobulu !
Hey! Your ball just broke my window!	Hé ! Bale na yo euti kopanza tala-tala na ngai !
Alas, no elephant lives in the magnificent land of the Sorbs.	Mawa, nzoku moko te avandaka na mboka kitoko ya ba Sorabes.
I hope you know that the last thing I want to do is hurt you.	Nabanzi ete boyebi likambo ya nsuka nakosala ezali kozokisa bino.
You're blushing and smiling to yourself, Ethel; you're happy, because you're not blushing over the past, and you're smiling at the future.	Ozali kosilika mpe koseka yo moko, Éthel ; ozali na esengo, mpamba te ozali kosilikela te maye maleka, mpe ozali koseka mpo na maye makoya.
We're going to begin the conference in a few seconds, but first I'd like to thank my colleagues, with whom I've worked over these past three years.	Tokobanda likita na secondi moke kasi liboso nakolinga kotonda banınga na ngai ya mosala, baoyo nasalaki na bango mibu misato miwuti koleka.
No man can know them, no hunter can shoot them with powder or lead — thoughts are free!	Ata moto moko te akoki koyeba bango, moto ya bokila moko te akoki kobeta bango masasi ya putulu to mpe ebende - Makanisi mazali pole!
I thought you would be killed. I'm glad I was wrong.	Nabanzaki ete ozalaki ya kokufa. Nasepeli mpo na mikosamaki.
If you have any questions at all, about the courses or about administrative matters, don't hesitate to email me — I'll try to answer as quickly as possible.	Soki ozali na motuna, na maye matali mateya, to mpe makambo ya bino, kobanga te kokomela ngai na internet (email), nakosala nyonso mpo na koyanola yango na lombango.
Back in her office, she picked up her phone and dialed Charlie's number.	Kaka ntango azongi na bilo, azwi telefone na ye mpe abeti nimero ya Charlie.
Hello! Who am I speaking with? Don't you recognize me? It's me, Aldo!	Alo! Nazali kosolola na nani ? Ozali koyeba ngai lisusu te ? Ezali ngai, Aldo !
Some like it hot, they say. Maybe they're talking about milk, or maybe about a hedgehog. What do you think it is?	Basusu balingaka yango ya moto, ndenge balobaka. Ntango mosusu azali kolobela miliki, to mpe mboke. Okanisi ezali nini ?
The French really are a strange people: among those reading this sentence, one out of two will go check whether the space before the colon is a proper thin, non-breaking space.	Ba Français bazali mpenza bato moko ndenge: kati ya bato oyo bazali kotanga lisakola liye, moko likolo na mibale kati na bango akokende kotala soki ntaka liboso ya mputu mibale ezali malamu.
I don't care who your father is. You still have to obey my orders.	Nazali na ntina te ya koyeba nani azali tata na yo. Osengeli mpe otosa mibeko mya ngai.
I know the kid who's running.	Nayebi mwana oyo azali kokima mbangu.
Hot dogs, nuts and seeds, chunks of meat or cheese, whole grapes, hard or sticky candy, popcorn, lumps of peanut butter, raw vegetables, raisins, chewing gum, and marshmallows are known choking hazards for children.	Lipa batia boudin, mukokoli mpe mbuma, eteni ya mosuni to mpe fromage, mbuma ya mimbimba, bonbons ya makasi to mpe sukali, masangu, mwamba ya ngumba, ndunda ya mibesu, mbuma ya kokawuka, mpe bazoka izali makama mayebani mpo na kokanga bana mpema.
In order to be eligible for nursing care coverage as provided under the nursing-care follow-up insurance, the necessity of that care must first have been recognized (authorization for nursing care).	Mpo ya bozwi lisungi ya minganga ndenge ebongisami na assurance elandelami na lisungi ya minganga, esengeli sikoyo koyeba soki lisungi wana esalemi na ndenge elongombani (ndingisa ya kolanda lisungi ya  minganga).
The Cold War may be over, but the fear of war has not yet vanished from people's minds.	Bitumba esila ntango mosusu, kasi bobangi ya bitumba esili naino te na mitu ya bato.
"Sarah the sorceress. Apparently some call her ""The Great Mage"" or something like that."	Moto ya soloka Sarah. Liboso, basusu babengaka ye ‘‘Moto ya soloka monene'' to mpe nkombo moko songolo.
This offer is reserved for customers who receive this email: don't forget to log in on the site to take advantage of it!	Likabo oyo ebongisami na basombi oyo bayambaka nsango oyo na nzela ya internet: kobosana te komikomisa na site ya Internet mpo na ozwa likabo yango !
There are too many people in this room.	Bato baleki ebele na esika oyo.
The hazy memory of a guy who had talked to her the night before resurfaced from the depths of her mind.	Mabanzo ya molili ya mwana mobali oyo asololisaki ye na butu oyo elekaki ekomaki kozonga na moto naye.
Well, would you look at that!	Ah totala naino !
By legalizing surrogacy, we have ushered in the worldwide sale of babies over the internet. Will you be able to afford a rich person's baby, or will you settle for a poor person's baby?	Na bondimi mibeko ya bomemi zemi mpo na moto mosusu, bafungoli nzela na mombongo ya boteki bana mikie na Internet. Okozala na makoki ya kozwa mwana mukie ya moto ya mbongo to mpe okozwa kaka mwana mukie ya mobola ?
How did it go recently, Frank?	Elekaki ndenge nini na mbala ya nsuka, Franck ?
Sorry, it's past 4 p.m., the department is closed. Call again tomorrow morning!	Mawa, tosili toleki ngonga ya zomi na motoba, bilo ekangamaki. Benga lisusu lobi na ntongo !
Hey! Please don't go into the garden!	Hé ! Kokota na bilanga te nabondeli yo !
The awareness of his own superiority gave his dealings with women a certain shade of disdain, which had the gift of awakening in them curiosity, fear, even love.	Boyebi ya bozali likolo ya bato nyonso ezalaki kokomisa bomoto na ye liboso ya basi lokola mwa lolendo, moto oyo azalaki kolamusa boluki boyebi, bobangi, mpe bolingo.
I will go wherever you want me to go.	Nakokende bisika nyonso okolinga nakende.
Condillac, through sensationalism, revolutionized the concept of the mind, making language and gesture the forerunners of ideas, and shattering Locke's conception of language as a mere passive medium.	Condillac, na bosikisiki, akotisaki mbongwana ya molimo, akomisaki maloba mpe misala ntoma ya makanisi, apumbwisaki na mopepe makanisi ya Locke oyo ezalaki na maloba ya mpamba etonda goigoi.
Solar energy seems to offer more promise than other energy sources, particularly because the water-consuming regions are located fairly close to the equator and have relatively clean air.	Nguya ya moi ezali kopesa elikya koleka biloko misusu oyo epesaka nguya, mpo ete bingumba misusu oyo basalelaka mayi bazali mpembeni mingi ya équateur mpe bazali na mopepe ya mpeto.
I'm sorry I missed your birthday.	Nazali na mawa ya kozanga mokolo ya mbotama na yo.
When I asked Nico what it took to become a "trusted user," he told me you had to sleep with someone. Ah, bravo!	Ntango natunaki Nico ndenge nini esengeli kosala mpo na kozala «moto oyo bakondimela », ayanolaki ngai ete esengeli kolala. Ah! Longonya!
The remark you made at the party about Lisa's weight was completely out of line.	Liloba oyo olobaki na nteke na maye matali monene ya Lisa ezalaki mpenza malamu te.
It is a truth universally acknowledged that a single man in possession of a good fortune must be in want of a wife.	Ezali bosolo oyo eyebani mokili mobimba, ete mobali ya likombe oyo azali na bomengo ya makasi asengeli azwa mwasi.
Johnny proposed to Alice and she said yes.	Johnny asengaki abala Alice mpe ye andimaki.
Théo feels responsible for what happened.	Théo azali komimona na mokonzi mpo na maye malekaki.
AI stands for Artificial Intelligence.	IA elingi koloba mayele moto asali.
You're kidding yourself!	Ozali komitia mosapi na liso !
Know how to be yourself, and you will never be a plaything of fate.	Yeba kozala yo moko, mpe okozala ata mokolo moko te eloko ya kosakanela lobi.
Please, please, keep singing out of tune!	Tobondeli yo, tobondeli ya, koba na koyemba mabe !
I'm really glad that "brol" has finally made it into the Robert dictionary: it's one of my favorite Belgian words!	Nazali mpenza na esengo ete « brol » asili kozonga na Robert : ezali moko ya maloba na ngai ba belges balingaka !
The soldiers obeyed their commander without asking questions.	Basoda batosaka mokonzi na bango kasi batunaka mituna te.
Old age etches more wrinkles on the mind than on the face; and one rarely, if ever, finds a soul that, in growing old, does not come to smell of sourness and mustiness.	Bobange enunisaka biso mingi molimo ke elongi ; mpe emonisamaka te, mingi te, nakonuna tomimonaka nkele.
Love has its own rules and a rhythm that legislation can hardly keep up with.	Bolingo ezali na mibeko ya yango moko mpe lolenge oyo mibeko ya leta ekoki kolanda te.
I had to pay a large sum to get it back.	Nafutaki mbongo ebele mpo na kozwa ye.
Having received no answer, he began to run, knocking the ghost down the stairs in the process, so that it tumbled down ten steps and lay motionless in a corner.	Na bozangi kozwa eyano, akomaki kokima mbango, kokweisa bongo elima na ematelo, ata soki akweyaki na bimateli zom mpe atikalak nye na ebombamelo.
For the past few weeks, nothing special has happened.	Euti koleka mwa mposo, eloko moko te ya malonga esalemaki.
I hear you won the competition; congratulations!	Emononaki lokola olongaki masano; longonya!
What is a fool? Perhaps he is merely an undemanding mind content with little. Could a fool be a wise man?	Zoba elingi koloba nini? Ntango mosusu ezali molimo makasi te eye esepelaka na makambo ya mike. Zoba akomaka moto ya bwanya.
No sinner is ever saved after the first twenty minutes of a sermon.	Ata mosumuki moko te abikaka nsima ya miniti tuku mibale ya botubeli.
Because he was a particularly brilliant aeronautical engineer in 1930s Japan, who fulfilled the dream of thousands of children: designing an extraordinary airplane.	Mpo ezalaki ingenieur moko ya bwana na mboka Japon na mobu nkoto yoko na nkama libwa na ntuku isato (1930), oyo akokisaki ndoto ya bana nkama : kokela mpepo ya ndenge mosusu.
Sorry, I accidentally deleted the email you just sent me. Can you resend it?	Mawa, nabomi na libunga email oyo otindelaki ngai. Okoki kotindela ngai yango lisusu ?
Listen up and see for yourself!	Yoka mpe tala!
If you know someone who is being abused, this brochure may be useful to them.	Soki oyebi moto oyo bazali konyokola ye, buku eye ekoki kozala na ntina mpo na ye.
If you want to marry my daughter, you'll have to respect our family traditions.	Soki olingi kobala mwana na ngai ya mwasi, osengeli kotosa bonkoko ya libota na biso.
Pierre de Coubertin's sporting spirit has been completely surrendered to the money changers in the temple.	Molimo ya masano ya Pierre de Courbetin esundolamaki na bateki ya tempelo.
I have some inside information about the company's plans for a stock market listing.	Nazali na nsango ya sekele ya kati na ntina ya mikano oyo mitali mosolo ya kompani.
I'm going to go pick up my uncle — he's had a bit to drink, so I'll take the car in his place to bring him home.	Nakokende koluka noko na ngai, ameli mwa ndambo ya masanga, bongo nakei kozwa motuka mpo nakumba ye.
Nothing is less than the present moment, if by that you mean that indivisible boundary separating the past from the future.	Eloko moko te eleki ngonga ya sikoyo, soki oyoki wana nde ndelo oyo ekaboli lobi oyo eleka na lobi oyo ekoya.
Only a poor young man can know what a passion costs in cars, gloves, clothes, linen, and so on. If love stays platonic a little too long, it becomes ruinous.	Elenge mobali ya mobola nde akoki koyeba nini elakisi kozala na bolingo mpo na mituka, ba gants, bilamba, etc. Soki bolingo etikali mpo na ntango mokie komonisama te akomaka mobola.
The FBI has been watching him since 1987.	FBI elandelaka ye uta mobu nkoto yoko na nkama libwa na ntuk mwambe na sambo (1987).
Pierre no longer spent his nights partying the way he used to love doing.	Pierre azalaki lisusu te kolekisa butu na ye na kosakana lolenge azalaki kolinga kozala kala.
Come back next week and the clothes will be ready.	Zonga mposo ekoya bilamba ekozala ya kobongama.
We'll see each other at New Year's.	Tokomonana na ebandeli ya mbula.
No way to remember where I stashed my money!	Nakoki te koyeba bisika natie mbongo na ngai !
I bet Kylia liked her birthday present.	Nazali na kondima makasi ete Kylia asepelaki na libonza na ye ya mbotama.
You should have warned me that was going to happen.	Esengelaki oyebisa ngai ete ekokaki koya.
"The occupation of the entire city of Jerusalem will constitute an essential step and the beginning of a ""final solution"" in the annihilation of the indigenous Palestinian people."	Bozwi mboka ya Yerusalem mobimba ekozala eyano na likambo ya ntina  mpe ebandeli ya ''eyano ya nsuka'' na bosilisi ba nkolo mboka ya palestine.
Look what she brought for my birthday party!	Tala oyo amemeli ngai mpo na nteke ya mbotama na ngai !
Say whatever you want, it doesn't bother me.	Loba eloko olingi, ekosala ngai eloko te.
The tree line, beyond which no tree grows anymore, lies, in the German Alps, at an altitude of about eighteen hundred meters.	Mondelo ya zamba, koleka bisika oyo ata nzete moko te ezali kobota, ezali, na nzete ya ba Allemands, na likolo ya mpembeni ya ba metele nkama  mwambe.
What you're asking me is a significant commitment; let me think it over...	Oyo ozali kotuna ngai ezali ndayi ya motuya ; tika ngai nakanisa...
I'm sorry I missed your birthday.	Nazali na mawa ya kozanga mokolo ya mbotama na yo.
Your father would have liked to see you become a respectable officer in the regular army, not some special-forces thug.	Tata na yo alingaki amona yo kozala moto ya botosi na mapinga ma ekolo, kasi te moto ya yauli ya makasi ya ndenge mosusu.
One of the greatest Heavy Metal singers has just passed away in the person of Ronnie James Dio.	Moko ya bayembi minene ya Heavy Metal awuti kotika mokili na nkombo ya Ronnie James Dio.
Have you played The Legend of Zelda?	Obetaki lisano ya The legend of Zelda ?
The first to arrive will get the best seats.	Baye bakokoma liboso bakozwa bisika ya malamu.
I'm so tired of your arrogant comments that now I barely read anything you write, just to avoid running into one of your haughty nonsense remarks.	Nalembi maloba ya bato ya lolendo, sikoyo,natangaka lisusu makomi na yo te mpo nakokima kokwea na yoko ya bozoba na yo ya lolendo.
Okay, I'm glad you can come.	Ok, nazali na esengo ete ozonga.
Everyone charged with a criminal offense is presumed innocent until proven guilty according to law in a public trial at which they have had all the guarantees necessary for their defense.	Moto nyonso oyo afundami kosala likambo ya mabe azali lokola azali na likambo te ti mokolo oyo mbano na ye ekokatama na bazuzi  ntango esambeli na ye nyonso ekosila.
I watched her gypsy-like sway of the hips and wondered what the point was of worshipping the Holy Virgin.	Natalaki etamboli na ye ya kovanda esika moko te mpe na mituni ntina ya kokumisa santu Maria.
Parents see the new generation as one that is very detached from reality and busy chasing unrealizable dreams.	Baboti bamonaka bana ya mikolo oyo lokola bazalaki mosika na mokili ya solo mpe balandaka ndoto oyo ekosalamaka te.
Drink your glass of tomato juice right now!	Mela mbala moko nkopo na yo ya jus ya tomate!
The more you knock around the world, the more scenery you see!	Soki omipesi na mosala okokoma !
What? Alex was a girl? I always thought it was a boy.	Nini  ? Alex, azalaki mwana mwasi   ? Nazalaki kokanisa ete azalaki mwana mobali.
Actually, it's a trial, but it's great fun.	Yango kosamba, kasi ezali elengi.
We should spend our time creating content for our website rather than wasting time worrying about minor cosmetic details.	Tosengeli kopesa ntango na biso mpo na kosala site internet na biso kasi te kolekisa ntango na botali maye mazangi ntina.
President Ho Chi Minh wandered the world for thirty years in search of the path to national salvation.	Mokonzi ya Ho Chi Minh atambolaki mibu ntuku misato na mokili mpo na koluka nzela ya kimia ya mboka.
Danny has no sense of beauty.	Danny ayebaka eloko ya kitoko te.
We thought cholera had disappeared for good, but it's coming back stronger than ever.	Tobanzaki ete choléra esilaki libela, kasi ezongi lisusu.
All you have to do is sit there and answer the doctor's questions.	Oyo esengeli na yo kosala ezali kovanda kuna mpe koyanola na mituna ya monganga.
During sleep, the brain first processes the information it has acquired and turns it into long-term memory. Even a short period of sleep can already help improve a newly learned skill.	Na ntango ya mpongi, bongo ezwaka liboso makanisi nyonso oyo ezwaki mpe ebongolaka yango na makanisi ya ntango molayi. Ntango moko ya mpongi ya mokuse ekoki kosunga na kobongisa makasi oyo oyekoli.
Jason, who was in charge of the project, was fired for corruption.	Jason, oyo azalaki kokamba misala yango , babenganaki ye mpo na kanyaka.
They all say they don't want people to be interested in them only for their looks, yet they all spend three-quarters of their time taking care of just that.	Balobaka bango nyonso ete balingaka te tolanda bango mpo na nzoto na bango, kasi balekisaka ntango na bango nyonso na kotonga nzoto.
The cat is locked in the closet. Can you let it out?	Nyawu akangemi na armoire ya monene. Okoki kotika ye abima ?
I noticed I had grown up when I started following my parents' advice.	Nayaki koyeba ete nakoli ntango nabandaki kolanda mateya ya baboti na ngai.
In short, you should have accepted that responsibility.	Na mokuse, okokaki kondima mokumba oyo.
Marie disappeared without a trace. Maybe she was kidnapped.	Marie abungi mpe atiki elembo te. Ntango mosusu balimwisi ye.
A pay slip shows: gross pay and net pay.	Na mokanda ya kofuta ekomami : lifuta ya monene mpe lifuta ya şoke nsima ya kofuta mpako.
Hey! I didn't expect to run into you here! Small world, isn't it?	He  ! Nabanzaki te ete nakokutana na yo awa ! Mokili ezali mokie, bongo te ?
Wait at the station, I'll come get you.	Bozela na esika engunduka etelemaka, nakoya kozwa bino.
I hope nothing bad happens to us.	Nabanzi ete eloko ya mabe ekokomela biso te.
When the wise man points at the moon, the fool looks at the finger.	Ntango moto ya bwanya azali kolakisa sanza, zoba azali kotala mosapi.
Yeah, I have a new job, but there's nothing special about it.	Eh, nazwi mosala ya sika kasi ezali mpenza likambo ya motuya te.
When you stand so close to death, knowing it won't touch you, you feel something special!	Ntango bokokoma mpene ya liwa, yeba ete ekosimba yo te, okoyoka eloko ya ndenge mosusu.
I will never be able to forget that horrible episode from my childhood.	Ata mokolo moko te nakoki kobosana likambo oyo ya mabe ya bomwana na ngai.
Jim looked right and left before crossing the street.	Jim atalaki na loboko ya mobali mpe na oyo ya mwasi yambo ya kokatisa nzela.
We speak too fast for foreigners who come to France.	Tozali koloba mbangu mpo na bapaya oyo bawuti France.
Hey! You forgot your kiss. Sorry, your keys!	Eh ! Obosanaki lipwepwe na yo. Mawa, bafungola na yo  !
I have a goal, a task, let's say the word, a passion. The craft of writing is a fierce and almost indestructible one.	Nazwi mokano, mosala moko, liloba moko, mposa moko. Mosala ya kokoma ezali makasi mpe lokola ya koloba te.
You shouldn't trust that things can't happen, because it's precisely those things that do.	Esengeli te komipesa na biloko oyo bikoki kokoma te, yango nde ekomaka.
Stop, wait!	Telema, zela !
The professor ordered a few new books from New York.	Molakissi abengisi buku ya sika na New York.
The chance to save lives will soon be lost.	Libaku ya kobikisa bomoi ya bato ekolimwa kala te.
She was sitting at the bar, downing whisky glasses one after another.	Avandaki na nganda, kolandisa nkopo ya masanga makasi moko nsima ya mosusu.
I know you think you understood what you thought I said, but I'm not sure you realize that what you heard isn't what I meant.	Nayebi ete okanisi ososoli oyo okanisi nalobaki, kasi nandimi te ososoli ete maye okoki mazali te oyo ngai nalingaki koloba.
"First, this Latium, this fated land, / you believe it separated by only a short distance; / but the sea, ever widening before you, / will lengthen the course of your long journey."	""" Liboso ya Latium, mabele ya lima oyo, / okanisi ete bakabwani na mwa ntaka ; /kasi mayi ya minene, liboso na yo ezali kokoba kaka, / na mosala na yo ya molai ekokolisa mateya. """
By continuing to massacre civilian populations despite widespread international condemnation, this racist, colonialist state seeks to normalize the mass killing of civilians.	Na bokobi na koboma bana mboka ata soki mokili mobimba efundi likambo yango, Leta oyo ya misala mabe mpe balingaka bato ya loposo mosusu te balingi kokomisa bobomi ya ba bana mboka ebele eloko mpamba.
Some will say that the number thirteen brings bad luck.	Moto moko te akoloba ete nimero zomi na misato ememaka libaku mabe.
The slightest word of criticism makes her nervous.	Liloba moko kaka ya kotonga ekomisaka ye nkanda.
I had felt a pressure on my shoulder and had turned around.	Nayokaki kilo na lipeka na ngai mpe nabalukaki.
Brian bought lipstick for Kate.	Brian asombaki epakoli mbebu ya motane mpo na Kate.
Garlic gives off a strong smell.	Ayi epesaka nsolo ya makasi.
We had to adapt our lives to the new circumstances.	Esengelaki na biso komesanisa bomoi na biso na makambo ya sika.
If you wind up the doll with the key on the side of its torso, it will make circles with its arms and move forward doing somersaults.	Soki totie fungola na ntolo ya mwana popi, akosala ba selekele na maboko ma ye mpe akopusana na kobaluka baluka.
I would be delighted if you could join us for lunch.	Nakozala na esengo soki okoki koya kolia na biso bileyi ya ntongo.
If you find an error, please leave a comment.	Soki bomoni mbeba, matondo mpo na kotikela biso liloba.
Don't let any stupid ideas come to mind!	Makanisi ya buzoba mayela yo na molimo te  !
Take That's new album is awesome!	Album ya sika ya « Take That », ezali kitoko !
The past is a broken egg, the future is an egg being hatched.	Kala ezali liki oyo epasuka, lobi ekoya ezali liki ya mobimba.
I realize I may not be the most attractive man in the world, but I still hope you'll consider going out with me.	Nasili kososola ete nazali mobali ya kitoko koleka na mokili te kasi nazali kolikya ete okondima kobima na ngai.
Television viewers only see what the camera shows.	Batali na teve bamonaka kaka oyo camera elakisaka.
I refuse to answer such a stupid question.	Naboyi koyanola motuna ya buzoba.
It was dark, the Moon shone with a clear light, snow lay upon the green countryside, while a car, slow as the speed of lightning, moved around the circular bend.	Ezalaki molili, Sanza engengaki na pole, neige ekweyaki likolo ya matiti ya langi ya mpondu, ntango motuka, ezalaki koleka na mopanzi.
Kylia refused to let me call an ambulance, so I took her to the hospital myself.	Kylia aboyaki nabenga ambulance yango namemaki ye ngai moko na lopitalo.
When I got home, I found it strange that the door was open.	Ntango nazongaki na ndako, namonaki na bokamwi ndenge ekuke ezalaki ya kofungwama.
If we had to name countries after the first words heard there, England would be called "damn it."	Soki esengeli tobenga mboka na mboka na nkombo oyo toyokaka bato balobaka mingi, Angleterre elingaki ebengama “damn it”.
Tommy didn't know how to answer the last question.	Tommy ayebaki kopesa eyano te na motuna ya nsuka.
They left for New York.	Bakendaki New York.
There's no way to convince him. He absolutely insists that the only way to solve the problem is his own.	Ezali na lolenge moko te ya kondimisa ye. Azali kotingama kaka ete lolenge moko ya  kosilisa likambo ezali kaka oyo ye azali kokanisa.
Nothing new ever happens. It's always the same old stories happening to new people.	Ya sika ezali te. Ezali kaka makambo moko wana ya kala nde ekomelaka bato ya sika.
"Are you sure you want me to tell you?" "I'm all ears!"	«Ozali nakondima ete olingi nayebisa yo yango?» «Nafungoli matoyi ! »
We spent hours trying to figure out how to fix this.	Tolekisi ba ntango koluka ndenge nini kosilisa yango.
She's so stubborn. I bet if she's ever reincarnated, she'll be a bacterium capable of surviving in the vacuum of space.	Azali matoyi mangbongi (Moto makasi). Nabanzi soki azongi na bomoi, akozala mikolobe oyo ekoki kowumela ata bisika eloko ezali te.
And so, in that spirit, let me speak to you as clearly and openly as I can about certain specific problems that I believe we must, ultimately, face together.	Mpe yango, na molimo wana, botika ngai nayebisa bino, mpe na lolenge ya nsembompe polele ete nakoki kosala yango, makambo misusu nabanzi ete tosengeli kobunda na yango elongo.
One of the best uses of the internet is learning Esperanto and getting in touch with members of other peoples.	Moko ya bisaleli ya malamu ya internet ezali koyekola esperanto mpe kosolola na bato ya bisika bisusu.
If your brother says to you: "I am alone, weak and weary," / your duty is to offer the help of your arm / to your brother.	Soki ndeko na yo alobi nayo : « nazali ngai moko, na makasi te mpe ya kolemba, » , / etinda na yo ezali kopesa loboko na yo / Na ndeko na yo.
When Jesus began his long Passion, the spit a tormentor cast upon his pale brow instantly became, in heaven, a constellation!	Ntango Yesu abandaki monyokoli na ye ya molai, nsoyi babwakelaki ye na elongi ezalaki na ngonga wana na likolo lokumu monene!
Hi, I'm Ryan.	Mbote, nkombo na ngai Ryan.
"The flowers that I picked" — since the direct object complement is placed before the verb, there is agreement, hence "-ies" for "picked" (cueillies).	Ba fololo oyo nabuki, ezali complement d'object direct oyo etiamaka liboso ya likelelo (verbe).
Wow, that's pretty. The sea is sparkling.	Oh, ezali kitoko. Mayi ya monene ezali kongenga.
I have enough of my own problems to worry about, without worrying about yours.	Nazali na makambo ebele mazali kotungisa ngai mpo namitungisa na oyo ya yo.
The prosecutor called for fifteen years in prison without parole.	Mokonzi ya bazuzi akati etumbu ya mbula zomi na mitano ya boloko.
Civilization, in the true sense of the word, does not consist in multiplying needs, but in deliberately, willingly reducing them. That alone brings true happiness, true contentment.	Kimundele, na ndenge ya solo ya nkombo, ezali te mpo na kobakisa mposa, kasi kokitisa yango na makasi te. Oyo kaka nde ememaka esengo ya solo, esengo ya solo.
I carelessly left at home the important documents I wanted to bring to the office. Would you be kind enough to bring them to me now?	Nabosanaki na bokebi te mikanda ya motuya na ndako oyo nalingaki namema na esika ya mosala. Okazala na motema malamu ya komemela ngai yango sikoyo?
I feel a sense of emptiness.	Nazali koyoka lokola polele.
Daniel has a good job.	Daniel azali na mosala ya kitoko.
"I'd like a suit, please." "May I ask what occasion it's for?"	« Nalingaki kazaka, nabondeli yo. » « Nakoki kotuna yo ezali mpo na likambo nini ? »
French Finance Minister Christine Lagarde headed to Brazil as part of a tour aimed at gathering support for her candidacy.	Minsitre ya mwasi oyo atali misolo ya mboka France Christine Lagarde akendeki mombembo na mboka Bresil, mpo na koluka lisungi mpo na maponami na ye.
He's my buddy. Do you guys know him?	Azali moninga na ngai. Boyebi ye, bilenge mibali ?
If he has the nerve to show up here again, call me right away.	Soki ozali na nkanza ya koya awa, benga ngai mbala sikawa.
Mark hits on anything that moves.	Mark alulaka nyonso.
Hugo asked Marie several questions, but she refused to answer them.	Hugo atunaki mituna ebele na Marie, kasi aboyaki koyanola.
An easy success crowns his message: / he speaks, he softens proud Carthage, / tames the pride of her powerful queen, / and the Trojans are already assured of a warm welcome.	 Lokumu moko ya mpete ezalaki na nsango na ye : / azali koloba, azali kolembisa Carthage, / mokonzi na ye ya mwası ya kitoko azalaki kopesa lolendo, / mpe ba Troyens bazalaki kobongama mpo na koyamba ye malamu.
On your marks, get set... go!	Na bilembo na bino, bobongami.... Bokende !
The star was sitting in the back of the black limousine.	Moto akenda nsango avandaki na kiti ya nsima ya limousine ya mwindo.
The value of a work of art can change greatly depending on the presumed identity of the artist, even though the work itself does not change.	Motuya ya mosala ya ntoki ekoki kobongwana makasi kolanda nkombo ya mokeli na yango, ata soki mosala yango ebongwami te.
Angela has to go get the money.	Angela asengeli kokende koluka mosolo.
How could Her Majesty be mistaken...?	Ndenge nini mokonzi akoki komikosa..?
The conformity of the signature on the back with the original is hereby officially certified.	Bokokani ya mokoloto na nsima ya mokanda na oyo ya solo ezali, na yango, endimami libela.
If I had known your phone number, I would have called you.	Soki nayebaki nimero na yo ya alo alo (telefone), nalingaki nabenga yo.
There was an explosion in the lab.	Bombe ebetaki na kati ya labo.
I have read, understood, and accepted the privacy statement.	Natangaki, nasosoli mpe nandimi monkanda ya bobombi sekele.
The hostage-takers escaped with a police officer, despite a brief exchange of gunfire.	Bato bazwaka bato na makasi bakimaki na pulusu moko, ata nsima ya ngonga moke ya bobetani masasi.
Two weeks have passed and I haven't seen you.	Mposo mibale ileki mpe namonaki bino te.
You must sit down and rest.	Bosengeli kovanda mpe kopema.
If you had read the schedule more carefully, you wouldn't have gotten on the wrong train!	Soki botangaki linaka na bokebi, bolingaki bobunga engunduka te!
Don't move, I'll be right back.	Koningana te, nazali koya.
Today, the new lawyers will be sworn in.	Lelo, ba avocats ya sika bakolapa ndayi.
I wish you hadn't found me.	Nalingaki nasepela soki okutaki ngai te.
I'm getting little pimples on my face. I wonder if I'm getting enough sleep these days.	Nazali kobima mbuma mike na elongi. Nazali komituna soki nazali kolala ndenge elongombani mikolo oyo.
You'll have plenty of chances to meet girls once you go to college.	Okozala na libaku mingi ya kokutana na basi ntango okokende na université.
In Washington, no one knew what to expect.	Na Washington, moto moko te ayebaki nini ekoya.
I was watching the news.	Nazalaki kotala nsango.
You mustn't give up just because you have no talent.	Esengeli otika kaka boye te mpo ozali na likabo ata moko te.
The mysteries will be solved once the chest is finally opened.	Mabombami makoyanolama ntango sanduku ekosila kofungwama.
Ammonia is a colorless liquefied gas with a strong smell.	Ammoniaque ezali mopepe ya mayi ezanga langi na nsolo ya makasi.
The company's accountant was sent to prison for tampering with the accounts.	Motali mosolo ya company atindami na boloko mpo asimbaki misolo ya mosala malamu te.
He's really annoying, constantly coming out with his lame jokes.	Ezali mpenza buzoba mpo na kosalele biso maseki ezanga ntina ntango nyonso.
You're supposed to help your friends when they're in trouble.	Osengeli kosunga baninga na yo ntango bazwami na mikakatano.
"The gentle aspect of the Xanthus softens your fates; / our Ilium lives again, raised up by your hands. / May a gentler destiny honor your work! / May Greece at least spare Troy's image!"	""" Lolenge ya nkimia ya Xanthe ezali kolembisa lobi na bino ; / nkosi na biso etelemisaki na maboko na bino. / Lobi moko ya nkimia elanda misala na bino ! / Grèce ya Troie ebatela ata elilingi ya mpamba ! """
The girl jumped for joy at the chance to leave for New York.	Fata a sarit in sus şansa şansa plecării New York.
You only watch TV on Fridays.	Otalaka tele (etando eke) kaka vendredi.
I am the best friend, the best support, the best partner you will ever have.	Nazali moninga monene mpenza, mosungi monene, mosalisi monene koleka oyo nyoso okozala na ye.
The driver more or less made it out okay, but the guy in the back hadn't put on his seatbelt and died instantly.	Motambwisi motuka abikaki mwa moke, kasi moto oyo azalaki na nsima atiyaki mokaba na ye te nde akufaki kaka wana.
Good night! I hope you'll be ready tomorrow.	 Butu elamu! Nalikyi ete okobongama lobi.
But, tenderly troubled over his absent son, / the hero longs to see him; he wants Achates, / promptly seconding his tender impatience, / to run and fetch Ascanius, and bring back before his eyes / this precious pledge of the Trojans' hope.	Kasi mpo na mwana na ye oyo azali te ya kopalangana na malembe, / elombe alingi amona ye ; alingi na bowelisi / Achate, na kosalisa na motema lukuluku na ye na ye, / akimi koluka Ascagne, mpe azongisa na miso na ye / elikya ya ba Toloyé elaka ya motuya.
"When will you go to Caen?" Myriam asked Eddie.	Ntango nini okokende na Caen ?  atunaki Myriam na Eddie.
Her eyes studied my facial expression to see whether I was speaking to her honestly.	Miso na ye etalaki ezaleli ya elongi na ngai mpo na koyeba soki nazalaki koloba na ye na bosolo.
Honestly, Hugo is a Star Trek fan.	Solo, Hugo azali molandi ya Star Trek.
Get back in the van.	Zonga na kati ya lungu.
When you send military trucks without license plates, carrying troops with no national insignia, into your neighbors' territory, it means not only that you are invading them but also that you are ashamed of it.	Ntango bazali kotambwisa mituka ya mapinga ezanga plaque d'immatriculation, na komema mapinga bazanga bilembo ya bozalisami ya ekolo, epai ya baninga, ezali kaka te ete topunzi bango kasi mingi mingi, toyokeli yango nsoni.
"O horrible catastrophe! O dreadful memory! / Alas! Hearing these painful tales / of Ulysses, of Pyrrhus, authors of our woes, / what barbarous soldier would not shed tears?"	"""O Likama ya nsomo ! O bokundoli ya kobangisa ! / Mawa ! na koyoka sango oyo ya mpasi, / ya Ulysse, ya Pyrrhus, bakomi mabangisi na biso, / soda mabe nini oyo akosopa mpizoli te ? """
Send the kids to bed!	Tinda bana na mbeto !
Thanks to his advice, we were able to finish earlier than planned.	Mpo na toli na ye, tosilisaki liboso ya ntango tokaniselaki.
It is much easier for a philosopher to explain a new concept to another philosopher than to a child. Why? Because the child asks the real questions.	Ezali makasi mpenza mpo na moyi-makanisi na kolimbola likanisi moko ya sika na moyi-makanisi mosusu koleka na mwana. Mpo na nini? Mpo ete mwana azali kotuna mituna ya solo mpenza.
I'm almost certain Mathis lives on Park Street.	Nazali na kondima ete Mathis avandi na Park Street.
One evening, however, when Miss Baker returned to the school a few minutes before all the students were supposed to be back, she found a car in her parking spot.	Kasi, mpokwa moko, ntango Miss Baker autaka na kelasi na ngonga moke liboso ya bayekoli nyoso basengelaki kozonga, azuaki mutuka moko na bisika na ye ya parkingi.
Some reports say the explosion took place inside a black metal box, others say inside a trash can.	Balapolo misusu elobi ete ekindo esalemaki na kati ya sanduku ya libende yoko ya moindo, misusu na kati ya fulu yoko.
The baby will be able to walk in a few days.	Mwana akotambola na nsima mikolo mike ekoya.
Bobby Womack was a legend of American soul music.	Bobby Womack azalaki nkombo monene na nzembo ya soul ya amerika.
When she arrived at the ticket window, she could no longer find her entry ticket in her handbag.	Ntango akomaki na lininisa, azuaki lisusu te na saki ya ye ya maboko mokanda na ye ya kokotela.
You haven't fallen in love, I hope! I couldn't bear it! That man becoming my brother-in-law — I absolutely could not stand that!	Okwei na bolingo te nalikeyi ! Nakokoka kokanga motema te ! Mobali oyo akoma semeki na ngai; nakokoka kokanga motema na eloko wana te!
"You must go..." Anna Sergeyevna continued in a whisper. "Do you hear me, Dmitri Dmitrich?"	Esengeli ete okende... ekobaki Anna Sergeevna na koloba na mongongo ya nse. Oyoki ngai, Dmitri Dmitrich ?
You're going to have to put in some serious work if you want to get a passing grade in math this year.	Ekosenga kotiya mongombo ya kingo soki olingi kolonga ndambo na maths mbula oyo.
Live in the present, and don't keep stirring up a past you can do nothing to change.	Bika na ntango ya lelo, mpe kolamusa te mbala na mbala ntango eleka eye okoki kobongola eloko moko te.
The occupying forces have just launched a large-scale operation aimed at arresting or killing as many resistance fighters as possible.	Mapinga ya bobotoli mauti kobanda misala yoko ya monene ya kotelemisa to koboma motuya monene ya batomboki.
There are things that intelligence alone is capable of searching for, but which it will never find by itself. These things, instinct alone could find, but it will never search for them.	Ezali ba biloko oyo kaka mayele nde ekoki koluka, kasi na yango moko kaka ekozua te. Biloko oyo, molimo yango moko ekozuaka yango, kasi ekolukaka yango te.
I keep saying I'm innocent, but no one listens to me.	Nazali kokoba koloba ete nazali mpeto, kasi ata moto moko te atikali koyokela ngai.
Tony took off his shirt and used it to clean the piano.	Tony alongolaki simisi naye mpe asokolaki piano na yango.
In general, you can't really rely on whether a phrasing sounds natural or not. For instance, it often happens that something sounds off, when it's really just due to a lack of experience.	Mingi-mingi, tokoki kolikya mpenza te ete monyoko ekoki kozala ya mokili to te. Ndakisa, ekomaka mbala na mbala ete eloko moko eza lokola ya mbata, kasi na ezali kaka pona bozangi ya boumeli na bisaleli.
Larry Ewing is married and the father of two children.	Larry Ewing abalà mpe aza tata ya bana mibale.
Father suddenly felt ill and we called a doctor.	Tata akomaki maladi na ko sutuka  kaka boye mpe to bengisaki dokotolo moko.
I promise to return this videotape to you within a week.	Na laki ko zongisela yo bande ya video na poso moko.
The decree helps the government obtain more money, since it allows it to take the property of religious communities, seize their profits, and reduce the income of their members.	Mobeko esalisaka mbulamatari pona ko zua mbongo mingi na ebakisi, mpo ete esungi ye na ko zua biloko ya masangani ya bitonga, ko kamata ya bango matomba mpe ko kitisa bozui ya bayangani na yango.
The Telethon is a French TV program held every year to raise funds to finance medical research.	Téléthon ezali émission yoko ya TV ya ba falansé oyo esalamaka bambula nyoso pona ko sangisa mbongo na tina ya ko sala bolukiluki ya kisi.
The American Navy apologized after pilots drew a giant penis in the sky.	Mapinga ya mayi ya amerika esengaki bolimbisi na sima ya kumbi-pepo ko sala elilingi ya libolo monene na likolo na lola.
Théo was obviously worried about what might happen.	Théo azalaki na ko mi tungisa pona oyo ekokaki ko koma.
Maxime was a truck driver before becoming a race car driver.	Maxime azalaki motambwisi ya mutuka liboso ya ko koma mokumbi ya mituka ya masano ya kokima mbangu.
Never has so much wit been spent trying to make us stupid; one feels the urge to walk on all fours after reading your book.	Nanu basalela te molimo na bokasi boye pona ko komisa biso ba zoba ; epesi posa ya ko tambola na makolo minei tango moto atangi buku na yo.
A new EU guideline has been reported. As a result, in the future only bananas curved to the right will be permitted.	Molongo ya etamboleli ya sika ya UE epesamaki. Na tina, na mikolo ezo ya kaka bitabe engunzami na ngambo ya loboko-ya-mobali nde eko ndimama.
I hope you'll be able to resolve the situation quickly.	Na likyi ete boko kata likambo wana na lombango.
"Gabriel gave Marie a box of pralines and a long-stemmed rose for her birthday." "That's really sweet."	« Gabriel apesaki Marie molangi ya pralines mpe fololo-rose ya nzete molayi pona mbotama na ye. » « Eza penza kitoko. »
The winner isn't the one who fired first, but the one who hit his target first.	Molongi eza te oyo abetaki ya liboso, kasi oyo asimbaki ya yambo na motambo.
All things being equal, the result is better than I had hoped.	Biloko nyoso na bokokani bisika mosusu, eyano ezali malamu koleka ndenge na likyaki.
There may be a way to scare the beast off.	Eza tango mosusu na nzela ya ko kimisa nyama.
You hadn't told me you were a doctor.	Oyebisaki ngai te ete ozalaki dokotolo.
Would you mind leaving the room for a few minutes so I can ask your son a few questions?	Okoki ka bima na bisika pona ngonga moke mpo ete natuna mituna nzike na mwana na yo?
Eric is on our soccer team.	Eric azali na lisanga ya biso ya ball ya makolo.
In the beginning, he drew caricatures, and many of his works and letters — even legal files — contain illustrations by his own hand.	Na ebandeli, azalaki ko sala mayemi ya maseki mpe mingi ya misala na ye mpe makomi na ye -ata mikanda na ye liboso ya mibeko- etondi na mayemi esalemi na maboko na ye.
You know what hell looks like.	Oyebi na nini lifelo ekokani.
You must try Chicago deep-dish pizza.	Osengeli ko meka pizza Chicago ya poso monene.
Andy hung his shirt up in the closet.	Andy atiyaki simisi na ye na lomwale.
Gabriel's gun has disappeared.	Munduki ya Gabriel ebungaki.
I checked everywhere.	Na luki bisika nyoso.
Don't hesitate to ask your pharmacist for advice about over-the-counter medications.	Ko banga te ko senga toli epayi ya moyi-kisi wa yo ko landana na bakisi na boteki ya pwasa.
You can lead a horse to the river, but you still can't make it drink.	Oko koka na komema farasa na ebale, kasi oko melisa ye na makasi ata soki moke te.
Prince Vasili was certainly doing everything necessary to succeed in marrying his daughter to Pierre, but he did it nonchalantly and without realizing it, with the obvious confidence that his conduct was perfectly straightforward.	Kunzi Basile asalaki na bosolo nyoso oyo akokaki pona ko koma, na ko balisa mwana na ye ya mwasi epayi ya Petelo, kasi asalaki yango na goigoi mpe na kozanga ko sosola, elongo na ko ndima makasi ete ezaleli na ye ezalaki ya pepele penza.
To put it briefly, she's on the No Fly List, and we may have been tracked here by a drone.	Na mukuse, azali na No Fly List mpe tokoki ko zala kolandamaki kino awa na drone.
Given global energy problems, we cannot afford to neglect the energy of the masses who share a declared common enemy.	Kolandana na makambo ya lotiliki na bomoko, tokoki te ko mi tinda ko vandela lotiliki ya masangani oyo bazali na monguna baponi ya bomoko.
Some firmly believe that a guardian angel protects them.	Ba ike ba ndimeli makasi lokola libende ete anjelu mokengeli moko azo batela bango.
He calls me Pete.	Abengaka ngai Pete.
Don't you remember what happened yesterday?	Ogundoli te oyo elekaki lobi loleki ?
I won't pretend to be sorry.	Nakosala te lokola nazali ya ko yoka mawa.
I spent two hours yesterday trying to fix that broken radio.	Na lekisaki ngonga mibale pona ko meka ko bongisa radio wana yakobeba.
So you don't know, Sarah, how much this cup is worth?	Oyebi kasi te, Sarah, boni ntalo ya kopo oyo ?
After my death, I hope people will say of me: "That guy sure owed me a good chunk of money."	Na sima ya liwa na ngai, na ikyi ete bato bako loba likolo na nga: « mobali oyo azalaki solo-solo na motango malamu ya mbongo na ngai. »
I won't let anything bad happen to you.	Nako tika te eloko ya mabe ekomela yo.
"Luca, which girl do you think is the prettiest in class?" "Hmm, maybe Marie..." "Huh, Marie? She's not that pretty, is she?"	« Luca, mwanamwasi nini nde omoni aza ya kitoko koleka na kilasi ? » « Hmm, tango mosusu Marie… » « Hein, Marie ? Aza na ye mpe kitoko penza te, boye te ? »
Marie pulled out her gun and fired.	Marie abimisaki munduki na ye ya muko mpe abetaki.
Uh...	Heu...
Just a second! This call could be important.	Kaka segonde moko! Ebengeli oyo ekoki ko zala ya motuya.
At the hospital, the nurse read him most of his wife's letters.	Na lopitalo, munganga atangelaki ye mingi mikanda ya mwasi na ye.
I'm sorry you didn't sleep well.	Na yoki mawa ete okokaki ko lala malamu te.
The first thing Andrew did was find his brother Simon and tell him.	Eloko ya yambo oyo Andrew asalaki ezalaki ko kutana na ndeko na ye ya mobali mpe ko beta ye lisapo.
They searched everywhere, but in vain, for the missing boy.	Balukaki bisika nyoso, kasi na bozangi, mwana-mobali alimwaki.
Look, Mom, I can read!	Tala M'man, na yebi ko tanga !
The first four boys who were rescued can now eat normal food.	Bana mibali minei ya liboso baye ba bikisamaki baza lelo na makoki ya ko lia bilei ya sembo.
We break camp at dawn.	Tozo bimasa makoki lobi na tongo makasi.
You didn't know that Marie liked to cook.	Oyebaki te ete Marie alingaka ko lamba.
It's obvious that the Pirate Party is going to solve all of Germany's, Europe's, and maybe even the world's economic and financial problems.	Eza ya ko monana pwasa ete lingomba ya ba Pirates eko silisa makambo nyoso ya mombongo mpe bozui ya Allemagne, ya Europe mpe tango mosusu ya mokili mobimba.
Hey there! Don't pull me so hard!	He wana! Bo beta nga masasi mabe makasi boye te!
When one person is crazy, we consider them crazy, but when thousands of people share the same madness, we call it religion.	Tango moto aza liboma, ba monaka ye kaka boye, kasi tango bankoto ya bato ba zuami na liboma oyo wana kaka, ba bengaka yango lingomba.
I read the New York Times.	Na tangaka New York Times.
The CIA conducts a detailed background check on all new employees.	CIA esalaka bolukiluki na bozindo ya bisaleli ya basali nyoso ya sika.
Your lips are blue, you should get out of the water.	Bebo na yo eza bulu, osengelaki obimisa na mayi.
You help a person more by giving them a favorable image of themselves than by constantly confronting them with their flaws. Every being naturally strives to resemble their best image of themselves.	Ba salisaka mingi ekelamu na ko pesa ye etaleli ya ye moko ya malamu koleka ko tiyaka tango nyoso liboso ya botau na ye. Ekelamu nyoso asalaka makasi pona ko kokana na elilingi na ye ya kitoko ko leka.
That's the most charming baby I've ever seen.	Aza mwana kitoko koleka na baye nyoso nasi na mona.
He turned off the engine but left the keys in the ignition.	Akataki motelo kasi atikaki fongola nakati ya contact.
I'm leaving for France to study painting.	Na kei na bofanlansa pona ko tanga ko sala mayemi.
An attendant brought the little boy back into the room in a wheelchair after his surgery, followed by a long line of worried parents.	Mokengeli moko a zongisaki na kati ya engumba mwana mobali moke moko likolo ya kiti ya kotambola na sima ya bopasuli na ye, na kolandama na molongo molayi ya baboti batondisami na ko banga.
One must always be drunk. So as not to feel the horrible burden of time that breaks your shoulders, you must get drunk without respite. On wine, on poetry, or on virtue, as you please. But get drunk!	Esengeli mikolo nyoso kozala molangwi. Pona ko yoka te kilo somo ya tango oyo ebukaka mapeka nayo, esengeli ko langwa na kozanga bokati. Na masanga ya bosambeli, na nzembo to na bolamu, na lolenge nayo. Kasi langwa na yo!
I immediately kicked that disruptive boy out of the class.	Na benganaki mbala moko mwana-mobali wana motungisi ya kilasi.
Hey son, get back home quick!	Eh mwana, zonga na mboka noki!
The end of his tie was in his coffee cup, but he didn't notice.	Songe ya nkekele naye ezalaki na kati ya kopo naye ya kawa, kasi ayebaki te.
It's an unhoped-for opportunity we'd be foolish to let slip by; we need to strike hard.	Eza ndingisa elikyamaki te oyo tokokaki ko zala bazoba pona ko lekisa yango, esengeli ko beta mbata ya monene.
Tears may well roll down your face, I won't look back.	Pinzoli ekoki ata ko kita na elongi na yo, nako tala na sima te.
After setting the alarm to go off at 7 o'clock, she went to sleep.	Na sima ya ko bongisa lompete ya ngonga pona ko beta na 7 h, akendaki ko lala.
Mountain rescue teams are on alert around the clock.	Bobikisi na kati ya bangomba bazalaka miso nga ngonga 24 likolo ya 24.
Absolute privacy protection on Facebook is an illusion; it doesn't actually exist.	Bokengi ya malonga penza ya bomoyi ya bomoto na Facebook eza lokuta, ezalaka n'ango penza na bosolo te.
Previously, the distribution of taxes across the three estates was not balanced: indeed, the first two estates were exempt from them.	Na mikolo mileki, bokaboli ya mpako likolo ya milongo misatu ezalaki ya sembo te: ya solo milongo mibale ya yambo ezalaki ya nsomi.
Faith is taking the first step, even when you can't see the whole staircase.	Bondimi ezali ko banda etamboli ya yambo, ata tango moto azo mona te mobimba ya ebuteli.
Don't throw any object out the window.	Ko bwaka ata eloko moko te na lininisa.
I'm sorry to bother you, but there's a phone call for you.	Na sengi bolimbisi na ko tungisa yo, kasi ezali na ebengli ya allo-allo pona yo.
You should let the wine breathe for a few minutes before drinking it.	Esengeli otika masanga epema ngonga moke liboso ya ko mela yango.
Normally I pay by credit card rather than in cash.	Na bizaleli na ngai, na futaka na kalata ya credit koleka na mbongo ya maboko.
"Well, thank God the fresh eggs you pelted him with weren't red! Otherwise he would have thought you'd wounded him!"	« Eh malamu, Nzambe matondi, maki ya mobesu oyo bo tutaki ye n'ango eza ya motane te ! Na ndenge mosusu, akokaki ko kanisa ete ozokisaki ye! »
No one is responsible for the Wall Street crash. No one organized the speculation that preceded it. Both are the result of the free choice and decisions of hundreds of thousands of individuals.	Moto moko te aza ebandeli ya ekwelakwela ya Wall Street. Moto moko te asalaki bolimboli ezalaki liboso na yango te. Bango nyoso mibale bazali mbuna ya maponomi mpe ekateli ya bankama nkoto ya bato.
When you have a positive attitude, you look for solutions to the problems you can handle, and you ignore the things that are beyond your control.	Tango ozali na ezaleli ya kondima, olukaka biyano na makombo oyo okoki ko kata, mpe otiki biloko eye ezali libanda ya makoki na yo.
"In signing the Treaty of Tripoli in 1796, our second President John Adams wrote: ""The United States has in itself no character of enmity against the laws, religion, or tranquility of Muslims."	"Na ko ndimela onzela ya elembo liyokani ya Tripoli na mobu 1796, mokonzi ya mibale ya ekolo na biso John Adams akomaki : ""Amerika ezali na yango moko ezaleli ata moko te ya bozindo kotelemela mibeko, lingomba to kimya ya baislamu."
Sometimes he laughs at his own foolishness.	Na tango mususu, asekaka likolo ya bozoba na ye moko.
In difficult times like these, no ordinary effort can pull our company out of the red.	Na batango ya matata lokola wana, bokasi moko te ya nsomi ekoki ko longola kompanyi na biso na botane.
A baby is adorable.	Mwana moko, eza kitoko.
If I use French to talk philosophy, I go crazy.	Soki na saleli lifalansé pona ko lobela boyi-makanisi, nakomaka liboma.
A major outranks a captain.	Major azalaka likolo ya capitaine.
Well, he's a funny one! He should have been there on time if he wanted us to take him along.	Ben ezalaka mosepelisi, ye! Azalaki kaka ya ko koma na tango, soki alingaki to mema ye.
You received a significant shock.	Ozuaki likama monene.
Prison guards will be on strike for three days starting at midnight.	Ba kengeli ya boloko bakozala na grève pona mikolo misatu kobanda minuit.
I finally understood what you were trying to tell me.	Na limboli suka-suka oyo ozalaki ko meka ko yebisa ngai.
If you keep trying, you'll make progress.	Soki otiki te ko meka, oko sala ya minene.
The villagers were convinced that the series of murders was linked to a satanic cult.	Bana-mboka bazalaki na ko ndimisama ete bikela ya liwa ezalaki ya ko kangama na lingomba ya satana.
Wait a second, I'll be right back. Don't hang up!	Zela seconde moko, nazo zonga kaka kala mingi te. Ko kata te!
What matters isn't the university where you got your degree, but what you learned while you were there.	Ya malonga, ezali te kelasi ya likolo esika ozuaki dipoloma na yo, kasi biye osalaki tango ozalaki wana.
Time gone by will never return; no one knows the future.	Tango eleki eko zonga lisusu te; moto moko te ayebi lobi.
A dog meets a crocodile. The crocodile says to the dog: "Hi, flea bag!" And the dog replies: "Hi, handbag!"	Eza mbwa oyo akutani na ngando. Ngando alobi na mbwa : - Mbote, saki ya bampese ! Mpe mbwa ayanolaki ye : - Mbote, saki ya maboko !
My watch costs less than yours.	Montre na ngai ezali ya talo mingi kolela oyo ya yo.
In my first C class, I couldn't understand a single thing in class. Thank God I got a programmer friend to explain to me how the whole thing worked.	Na kalasi na nga ya yambo ya C, nazalaki ko koka ko yoka eloko moke te na kilasi. Matondi na Nzambe nazuaki lisungi ko huta moninga moko ya programmeur mpo alakisa ngai ndenge nini biloko nyoso wana etambolaka.
Annie is a brunette and Madeleine is a blonde.	Annie aza suki ya langi ya kawa mpe Madeleine mosuku.
He felt the private joy of a man who, after a long wait, at last sees the first rays of the happiness he longed for begin to shine.	Azalaki ko yoka elengi ya moto oyo, na sima ya ko zela molayi, amoni suka-suka ko ngenga miinda ya esengo elingami.
As much as love is charming in the hearts of young people, it is just as unbecoming in one who has passed the flower of youth.	Na montango bolingo eza ya kitoko na motema ya bilenge, na montango eza ya somo na kati ya oyo alikisa fololo ya eleko.
Thomas is a really nice guy to hang out with.	Thomas aza mobali ya malamu pona ko zala na ye.
Sport can bring joy, it can free the mind, and it can beautify life.	Lisano ekoki ko yela esengo, e koki ko fongola molimo mpe e koki ko benda bonzenga na bomoyi.
One must translate, comment on, publish, print, reprint, stereotype-plate, popularize, distribute, proclaim, explain, recite, spread, give to everyone, give cheaply, give at cost price, give for nothing, all the poets, all the philosophers.	Esengeli ko balola, ko sapola, ko sakola, ko komisa, ko komisa mbala mosusu, clicher, stéréotyper, ko koma na bililingi, ko kabola, ko ganga, ko limbola, ko tanga, ko tangà, ko pesa na banso, ko pesa na ntalo moke, ko pesa na ntalo ya suka, ko pesa pamba, bayembi nyoso, bayi-makanisi.
He only listens to rock bands from the fifties.	Ayokaka kaka ba lisanga ya rock ya mibu ntuku mitano.
Look away for a minute! I'm going to change quickly.	Tala esika mosusu na minute moko ! Nazo kenda ku balola bilamba kaka noki.
I might have left more space on the left, in the direction the model is looking.	Nakokaki kotika tango mosusu esika monene na gauche, na ngambo ya etaleli ya ndakisa.
Jump on the creature to kill it.	Pimbwa lokolo ya ekelamu pona ko boma yango.
Dave is the fastest swimmer among my classmates.	Dave nde azali mobeti mayi ya mbangu na kati ya baninga na ngai ya kilasi.
It is not the strongest species that survives, nor the most intelligent, but the one most responsive to change.	Ezali te motindo ya makasi, nde etikalaka na ko bika, eye ya mayele koleka mpe te, kasi eye ya ko yanola malamu na mbongwama.
We all try to be what none of us could be, except when some of us would be what the rest wished for.	To mekaka biso nyoso ko zala eye ata moko te na kati na biso ekokaka ko zala, soki te baike na kati na biso bakozala biye misusu balingaki.
I was afraid to ask questions because I didn't want to look stupid.	Nazalaki na somo ya ko tuna mituna mpo na lingaki te na zala lokola zoba.
The romantic charm of space still lives on in some of us.	Bemba ya bolingo ya mpepo ezali na kaka baike kati na biso.
The doctor checked the patient's heart rate and blood pressure.	Dokotolo a talaki etamboli ya motema ya mokoni mpe mopepe arterielle na ye.
God keep me from my friends; as for my enemies, I'll take care of them myself.	Nzambe abatelaka ngai liboso ya baninga na ngai; na oyo etali banguna na ngai, na taleli yango ngai mei.
I was just wondering what languages you speak.	Nazalaki kaka ko mi tuna minoko nini olobaka.
The overburden making land ownership costly, the humble landowner abandoned his field, or sold it to the powerful man; and fortunes became concentrated in fewer hands.	Libakisi na bokomisi bozuwi ya mabélé ya ntalo koleka, mokolo atikaki bilanga na ye, to atekaki yango epa ya moto ya makasi; mpe bongo ya konzo etikalaki na maboko ya batu mike.
He was entrusted with a top-secret mission.	Apesamaki mosala ya sekele makasi.
Clark says he will never forget working for one of the most revered presidents of the United States.	Clark alobi ete ako bosanaka ata soko moke te ko sala epayi ya moko ya bakonzi ya lokumu ya ekolo ya  Amerika.
Please wait, as you will be transported home by ambulance.	Tosengi ozela, mpo oko memama epayi na yo na ambulance.
Aunt Kelly invited us today to taste some ice cream.	Tata-mwasi Kelly abengisaki biso lelo pona ko meka balafe.
A minute equals sixty seconds.	Munite moko ezali ba segonde ntuku motoba.
In 2006, Business Week magazine declared Bhutan the happiest country in Asia and the eighth happiest in the world, according to a survey conducted by the University of Leicester in 2006 called the "Happiness Map."	Na mobu ya 2006, buku ya Business Week esakolaki Bhoutan kozala ekolo ya esengo na bikolo nyoso ya Asia mpe ya mwambe na kati ya mokili mobimba, ko landana na bolukiluki yoko esalemaki na université ya Leicester na mobu ya 2006 ebengami « Carte du Bonheur ».
Hold the baby gently.	Zua mwana na malembe.
You can see on his face that he's joking.	Emonani na elongi na ye ete azo sala liseki.
However great the summer heat may be, it is impolite to appear before anyone with bare legs, chest, stomach, and neck exposed.	Elandi te monene ya molunge na eleko ya moyi makasi, ezali mabé ko koma liboso ya moto moko te na makolo bolumbu, tolo, libumu mpe kingo polele.
I'm terribly busy because the report deadline is approaching.	Naza na mosala mingi mpo ete mokolo ya suka epusami.
The trust of the innocent is the liar's best lever.	Elikya ya moto ya peto nde ezali fimbo ya mokosi.
The back-to-work season will begin the second week of September.	Bozongi ya batu eko salema na mposo ya mibale ya sanza ya libwa.
Last year I was living in Sanda City.	Mbula eleki nazalaki ko bika na Sanda City.
Tonight again, I am Charlie, I am a cop.	Na pukwa ya lelo, ngai nde Charlie, nazali pulusi.
If you back down, you won't do business.	Soki ozongi sima, okoki ko sala mimbongo te.
The Kurdish alphabet consists of thirty-one letters: a, b, c, ç, d, e, ê, f, g, h, i, î, j, k, l, m, n, o, p, q, r, s, ş, t, u, û, v, w, x, y, z.	Alfabet ya bakurde ezali na bilembo ntuku misantu na moko : a, b, c, ç, d, e, ê, f, g, h, i, î, j, k, l, m, n, o, p, q, r, s, ş, t, u, û, v, w, x, y, z.
In the presence of strangers, this wife is an angel; with her husband, she is a real demon.	Na miso ya bapaya, mwasi wana azali anjelu, na miso ya mobali na ye azali molimo mabe.
Finally, it was decided that the stores would be equipped with surveillance cameras.	Suka-suka, ezuwamaki ete ba magasins eko tiyama na ba caméras de surveillance.
Please arrive at least fifteen minutes before the meeting starts.	Motondi pona ko koma na mokuse na ba minute ntuku na mitano liboso ya ebandeli ya likita.
Hugo laid the baby down on a blanket.	Hugo alalisaki mwana na bolangiti.
The thief or swindler who has amassed a great fortune through his misdeeds has a better chance than the petty thief of escaping the law's harsh penalties.	Moyibi to moto ya lokuta oyo asi a tondisa mbongo kouta mabe na ye aza basanse ko leka moyibi moke ya ko kima lifuti ya matata ya mibeko.
I can't believe he had the guts to ask the boss for a raise.	Nakoki  ko ndima te ete azalaki na makasi ya ko tuna libakisi ya lifuti na patron.
The museum curator wanted the Egyptian painting sandwiched between two thick sheets of plexiglass.	Mokolo ya musée alingaki ete peinture ya boégiputo ezuwama na bokangami kati ya biloko mibale ya plexiglas.
She knew her reaction had been stupid.	Ayebaki ete ezaleli na ye ezalaki ya bozoba.
I really didn't know you felt that way.	Na yebaki ete ozalaki na koyoka wana te.
As you know, we gathered here to celebrate my birthday.	Ndenge boyebi yangu, to sanganaki awa pona mbotama na ngai.
A year has passed since she came here.	Mbula moko eleki tango ayaki awa.
OK, that now! The combination of this and that could be really sexy!	OK, oyo sikoyo ! Ko tiyama elongo ya biloko oyo mpe ekoki ko zala kitoko makasi !
The officer on duty felt an old man approaching behind him.	Moto ya pulusi ya mosala oyakaki mobangé moko azo pusana sima na ye.
One can question the fact that a person knows how to communicate in more than five different languages yet lists eleven on their profile.	Moto akoki ko ndima mpo ko tia tembe ete moto ayeba ko loba minoko mitano mpe kasi ko koma zomi na moko na profil na ye.
Helenus, pondering these deep mysteries, / lowers the garlands from his sacred head, / offers Jupiter a solemn sacrifice, / implores Apollo's protective kindness, / leads me into his temple, and tells me:	Hélénus, na ko kanisa basekele ya bozindo, / na mutu na ye mosantu ekitisaka bafololo, / alakisi na Jupiter sacrifice monene, / asengi  n'Apollon bolamu ya bokengeli, / a kumbi ngai na tempelo, mpe ayebisi ngai:
It lags behind or runs ahead. Sometimes, it walks alongside us for a little while; happiness.	Azo tikala na sima to akimaka liboso. Na bangonga, etambolaka muke pembeni na biso; bolamu.
Martin Luther King Junior had convinced Black citizens to demonstrate peacefully.	Martin Luther King Junior andimisaki batu ya mboka ya moindo na ko tambola na boboto.
It's this little detail that tipped me off, otherwise I would never have known.	Eza détail muke oyo nde efungolaki nga matoyi, nde nakokaki ko yeba yango te.
I can tell from your face that you have good news.	Na sosoli na elongi na yo ete ozali na basango malamu.
"I think you'd make a lovely couple." "Huh?!"	« Na kanisi ete bokokaki ko sala libala kitoko. » « Hein ?! »
The midterm exams will take place starting next week. Cramming the night before won't get you anywhere, and there are only impossible questions. So start working right now.	Mimekano ya ndambo ya semestre eko salema ko uta mposo ezo ya. Bachoter kozanga ko lala eko bakisela yo eloko moko te, mpe eza kaka na mituna impossible. Sikoyo banda sika awa ko sala.
The fact that wisdom comes with the years is not seen, until wisdom and the years have already passed.	Eleko ete mayele eyaka na bambula emonanaka te, liboso mayele mpe bambula esili ko leka.
Rachel Corrie was an American who was killed in Gaza.	Rachel Corrie azalaki moamerika oyo abomamaki na Gaza.
"Don't you recognize me? I'm Ethan." "Ethan! Of course! Why didn't I recognize you right away?"	« Oyebi ngai lisusu te ? Nazali Ethan. » « Ethan ! Ngai nde! Pona nini na yebaki yo te kaka tango wana ? »
Rockefeller was governor of New York.	Rockefeller azalaki mokonzi ya engumba ya New York.
Shh... you're talking too loud.	Chut...ozo loba makasi penza.
He gave the police a fake name and a fake address.	Apesaki na pulusi kombo ya lokuta mpe bisika ya kofanda ya lokuta.
I'm sorry to cause you all this trouble.	Limbisa ngai pona ko salela yo ba makambo oyo nyoso.
"Will you give me a piece?" "Okay, we'll split it fifty-fifty."	« Opesi ngai ndambo ? » « Boye, tosala ndambo-ndambo. »
He told me that, whatever might happen, he was prepared for it.	Ayebisaki nga ete, elandi te eloko oyo eko koma, azalaki ya ko bongama.
Are you rather looking for another position in IT? Don't hesitate to get in touch, so that one of our consultants can help you in your search for an interesting position.	Ozali ko luka mosala mosusu na kati ya informatique ? Ko banga te sikoyo ko kota na bosololi, na lolenge ete moko ya ba consultant na biso akoka na ko salisa yo na kati ya bolukiluki ya esika ya mosala ya malonga.
"How do you say ""good bye"" in German?"	"Ndenge nini balobaka ""botikala malamu"" na ki allemand ?"
How can one expect a woman to be happy with a man who insists on treating her as if she were a perfectly normal human being?	Ndenge nini moto akoki ko zela ko uta mwasi ete azala na esengo elongo na moto oyo azo sala makasi pona ko zua ye lokola moto ya sembo ?
According to the test results, it seems clear that the first solution is the best.	Ko landana na ba matomba ya mimekano, ezali lokola eyano ya yambo nde ya malamu.
I would rather be a superb meteor, every atom of me radiant with magnificent brilliance, than a sleepy planet. The function of man is to live, not to exist.	Nalingi mingi ko zala météore kitoko, moko na moko ya ba atomes na ngai ya ko pela na ko ngenga kitoko koleka planète yako lala. Mosala ya moto ezali ya ko bika kasi te ya ko zala.
He told me that in June, he would go to France.	Azalaki ko yebisa nga ete na sanza ya motoba, akokende na bofalansa.
I thought you liked learning new things.	Nakanisaki ete olingaki ko yekola biloko ya sika.
Back again!	Re !
I beg you, listen to what I have to say all the way through before you throw a fit at me.	Na sengi na yo, yoka oyo nalingi ko yebisa yo ti na suka liboso ya ko palangana likolo na ngai.
The New York Times checks its gallery all the time.	New York Times etalaka galerie na yango ngonga nyoso.
For your sentence to sound natural, it's not enough that you speak the language you're writing in, you must also know how to write.	Po ete elobeli na yo ezala lokola ya mbotama, esengeli kaka te oloba monoko oyo ozali ko koma, esengeli oyeba mpe ko koma.
Clear off, kids!	Bobima, bana !
No matter how hard you try, you won't be able to finish this in a day.	Okokaki komeka ndenge nyoso, okozala na makoki ya kosilisa oyo na mokolo moko te.
Here's a bottle of white wine I brought for us.	Tala molangi ya vino ya mpembe oyo na yelaki yo.
I have the feeling that someone is watching my every move.	Nazo yoka lokola moto moko azo landela misala mpe bisaleli na ngai nyoso.
What makes one unhappy in love is less about not being loved when one loves, than about still being loved when one no longer loves.	Oyo esalaka pasi na bolingo, ezali te kolingama te tango olingi, koleka ko lingama lisusu tango moto alingi lisusu te.
Tuck your shirt into your pants!	Kotisa simisi nayo na kati ya patalo nayo !
His cover of "All Along the Watchtower" as a tribute to Jimi Hendrix left fans wanting more.	Esaleli na ye ya « All along the watchtower » na lokumu ya Jimi Hendrix etikaki balandi likolo ya nzala na bango.
It's not immoral for a novelist to lie. On the contrary, the bigger and cleverer the lies, the more the common people and the critics will praise you.	Ezali mabe te pona mokomi ko kosa. Na ndenge mosusu, na mingi lokuta ezali monene mpe makasi, mpe mingi bato ya mboka mpe ba critiques bako kumisa yo.
You can see on his face that he's lying.	Emonani na elongi na ye ete azali ko kosa.
So-and-so has died. Why should I go to his funeral since, I'm certain, he wouldn't go to mine?	Moto songolo akufi. Pona nini nako kende na ekundama na ye mpo ete, naza na ko ndima, ako kende na oyo ya ngai te ?
Jules turned off the light in the living room and went up to his room.	Jules abomaki mwinda nakati ya salon mpe amataki na chambre na ye.
She loved tennis and became a coach.	Alingaki lisano ya tennis mpe akomaki molakisi.
The price is twice as high as last year.	Ntalo ezali mbala mibale likolo koleka mbula eleki.
Good night! I hope you'll be ready tomorrow.	Butu elamu! Nalikyi ete okozala prete lobi.
Thomas came to pick me up after my dance class.	Thomas ayaki ko luka ngai na kilasi na ngai ya mabina.
They launched a fundraising appeal to help refugees.	Ba lansaki mobengo ya mbongo pona ko salisa ma ba réfugiés.
A blank check? That's something you only see in movies!	Chèque moko ya pembe ? Oyo to monaka ete kaka na bafilm!
The future has many paths - choose wisely.	Mikolo ezo ya eza na ba nzela mingi - pona na mayele.
This guy is good at throwing curveballs.	Moto oyo aza makasi na ko bwaka ba balle na nzela ya ko tengama.
I was told yesterday the pleasant news that you had returned from your trip.	Ba yelaki nga lobi loleki sango ya esengo ete ozongaki uta na mobembo nayo.
Kylia is a Red Sox fan.	Kylia aza molandeli ya ba Red Sox.
The loud noise of the drill gave her husband a headache.	Makelele ya mongongo ya perceuse epesaki mabe na mokuwa ya mutu ya mobali na ye.
According to police, the victim did not die instantly, but as a result of her injuries.	Na maloba ya bapolisi, victime oyo abebisami akufaki mbala moko te, kasi pona na bapota.
Even though it's called Mac OS X, that doesn't mean the source code has been updated.	Oyo eza bien na kobengama Mac OS X, elingi kolobate ke mibeko ya eutelo etiamaki na ntango.
Timéo held a small flashlight in his left hand.	Timeo asimba ki mwinda ya poche ya moke na loboko ya mwasi.
I'm sorry, I have to answer some messages.	Limbi sa nga, esengeli na zongi sa ba nsango.
If you go up the stairs and turn right, you'll find your room.	Soki bo mati na basikalie mpe bo balouka na loboki ya mobali, boko mona esika na bino ya kolala.
From the start, I noticed that something was wrong.	Banda ebandeli, na monaki ete eza na eloko ezalikotambola te.
If you step on my left foot, you won't catch my right one.	Soki ba tambolisi nga na likolo ya mobali, bako simba nga na lotomo te.
It seemed clear that the senator would reject the treaty.	Ebandaki komonana ete ke senateur ako bwakisa traite.
The mutual love of brothers and sisters secures the family's future.	Bolingo moko ya ba ndeko ya mibali na ba ndeko ya basi ebongissaka mikoli ezali koya ya libota.
People must be left to invent their own values by giving them, from the start, the maximum freedom of creation. Because at a certain depth, if a culture is real, it is liberating. Mouloud Mammeri	Botikaka bato na mabongi si ya kosala komeka na bangomoko nako pesa nbago banda ebandeli bosomi ebele ya kosala. Mpamba te na tango ya nivo ya bozindo, soki mimeso ezali ya solo, ezali bosomi. Mouloud Mammeri
Don't worry, guys, I'll take care of it.	Bo mitoungisama te ba ninga, nako talela yango.
I don't have to look for a job, I'm offered one constantly.	Esengeli na louka mosala te po ete bazo nsenga ye mbala ebele.
Maxime caught the ball with his left hand.	Maxime a yamba ki balle na loboko ya mwasi.
Be a dear and use the caliper instead of your ruler: it's still more precise!	Ekozala bien pona yo na kosalela likolo ya koyeba ke ba regle nayo: Ezali polele mpenza !
The strange-looking woman was mistaken for a witch.	Mwasi azalaki na bomonana ya bokyesano te azwa maki lokola ndoki.
That's the stupidest thing you've ever done.	Ezali eloko ya buzoba osala nani te.
If you dream of starting your own business but you just stand there having fun and doing nothing about it, you won't achieve anything.	Soki ozali ko loto ko banda zulunalo nayo mpe ozo fanda kaka nakosakana sans kosala eloko, okoka ko sala yango te.
It would be great if you had a wedge of lime that I could squeeze into my ice water.	Ekozala malamu soki bozali na bandimo ya ngai ya mayi ya pondu po te nafika yango na mayi na ngai ya mpio.
I'm going to go buy a ticket, so please watch my bags for a minute.	Naliki kokende kosomba tike, bongo nakotondo yo botondi soko okokengele basakosi na ngai ngonga moko.
Where are you from, Karen?	Ozali moto ya wapi, Karen?
I was trying to kill time.	Nazalaki kolekisa ntango.
It's hilarious to see otherwise educated people submit, in order to organize their lives, to the sorcery precepts of another age and ridiculous superstitions like those of Feng Shui.	Ekosekisa komono ete bato, baye penza matanga, komipesa, kobongisa bomoyi bwa bango, na mitindo ya bondoki ya mbula esusu pe biyambayamba esila ngala lokola oyo ya Feng Shui.
A bone says to a dog: watch out, I'm tough. The dog replies: that's fine because I have nothing else to do.	Okuwa elobi na mbwa: sala keba nazali makasi. Mbwa eyanoli ye: ekosala eloko te, po ngai nazali eloko esusu ya kosala te.
He holds an important position in the company.	Azali na mosala ya motuya okati lingomba.
Take off your stockings, keep your mask on!	Tika boye, batela dongolomiso nayo!
All truly great men like to let themselves be tyrannized by a weak being, and Gaudissart had in Jenny his tyrant.	Bato nyonso ya minene ya solo, bamitikaka kokonza na makasi na moto motau pe Gaudissart azalaki na Jenny mokonza naye.
Chuck Norris can win a game of Connect Four in three moves.	Chuck Norris akoki kolonga eteni ya nguya inei na makofi misato.
Thomas appeared on Questions for a Champion.	Thomas azalaki na momekano ya motuna po na molongi.
You can't throw a habit out the window. You have to make it go down the stairs punch by punch, step by step.	Tokoki te kobwaka ezaleli na lininisa. Tokokitisa ye na ebuteli na makofi, botamboli sima ya botamboli.
Each year, the Commissioner for Fundamental Rights reports on his activities to Parliament.	Mobu na mobu, komisele ya bosemboya tina enene asangeli misala mya ye na palema.
All things have already been said; but since no one listens, one must always start over.	Makambo manso masili malobami; kasi lokola moto moko te azalaki koyoka, esengeli tango nyonso kobandela.
You're talking nonsense to me.	Ozali kosebisa bozoba.
It was good for me to have to measure myself, in intelligence, against the boys of the village and thus be forced to realize that their heads were just as good as mine.	Azalaki malamu po na ngai komimeka, po na mayele, na bilenge mibali ya mboka pe komono na makasi ete mito na bango mizali na motuya koleka ya ngai.
LibreOffice is a free and open office suite that offers modules for word processing, spreadsheets, presentations, vector drawing, databases, and mathematical formula editing.	LibreOffice ezali eteni ya birotiki ya somi pe ofele eye ekopesa etando ya lolenge ya kosalela makoma, Tableur, bokambi, elembo vectoriel, ebombelo ya sango, pe ebongoli ya formules ya matematiki.
If you went straight home like you said, how come I saw your car parked in front of the pub?	Soki ozongaki mbala moko na ndako lokola olobaki, boni namonoki motuka nayo loboso ya nganda.
Excuse my prying, but are you having problems at home?	Limbisa ngai na bozangi bobombi na ngai, kasi ozali na mikakatano na ndako?
Careful, let's not let this teacher join us, he reports what we say to our principal.	Keba, kotika te molakisi oyo asangana na biso, ayebisaka moyangeli na biso nyonso tolobaka.
I'm getting back together with my ex-girlfriend.	Nazongeli moninga na ngai ya motema oyo ya kala.
They are the first to fight when revolt sounds.	Bazali bato ya yambo kobunda tango botomboki bobandaka.
A curious desire seizes my soul; / I burn to admire so strange a fate, / to see, to converse with Hector's successor.	Posa lya bokamwi ezali kozwa molimo na ngai; / Nazali na moto ya kozala na lisengelo ya bokamwi,/ komono, kobatela mokitani ya Hector.
I don't know what the message of "Lost" is, but I know Twitter's: everyone wants to be important.	Nayebi te sango ya «kobunga», kasi nayebi moto oyo ya Twitter: moto nyonso alingi azala na tina.
When you turn left, you will see a white building.	Tango okobaluka na loboko ya mwasi, okomona ndako ya pembe.
Don't bother trouble before trouble comes to bother you.	Kotungisa mikakano te liboso ete mikakatano maya kotungisa yo.
It was only a decade ago, on May 8, 1980, that Mount St. Helens erupted.	Ezali kaka na eleko ya mibu zomi, na mokolo ya mwambe ya sanza ya mitano o mobu koto yoko kama libwa tuku mwambe (le 8 mai 1980), tango ngomba ya St Helens ebimaki.
More surely than an oppressive regime, excesses will rob us of something perhaps worse than freedom itself: the taste for speaking of love.	Na tembe te koleka mokonzi ya minyoko, bolekisi bikobotolo biso mabe kolela ata bosomi yango moko: posa yakosololoa bolingo.
A lone, vulgar man is worth more than a large, foolish pack.	Moto azali ye moko pe yauli ezali malamu koleka lipinga ya mingi pe bozoba.
The knight and the dragon decided to set aside sword and fire breath and discuss their differences.	Momeli punda pe elima bazwaki mokano ya kotika mopanga pe mopepe ya moto po te basolola maye bazali kokabola bango.
That makes me sick.	Ezali kobelisa ngai.
Could you remind me to call my academic advisor tomorrow at 9 p.m.?	Okoki kosalisa ngai nakundola kobenga na aloalo molaki akademiki na ngai lobi na ngoga ya tuku ibale na moko?
Help Hugo load the truck.	Salisa Hugo atiya biloko na motuka.
Shall we play cowboys and Indians? I'm appointing myself sheriff and you all must obey me.	Tokosakana na kikoboyi pe kiindia. Namibendi sherifi pe esengeli bino nyonso botosa ngai.
Mathematics was used to calculate how the universe was formed immediately before and after the Big Bang.	Tosalelaki bamatematiki po na kotuya lolenge molongo esalemaki mbala moko sima ya Big Bang.
And those who were seen dancing were thought mad by those who could not hear the music.	Pe baye tomonoki bazali kobina bazwamaki lokola bato ya maboma na baye bakokaki koyaka moziki te.
I thought you said you couldn't eat raw fish.	Nakanisi ete olobani ete okoki koliya mbisi ya mobeso te.
What is frightening about this Internet era is this tendency to imagine that only things that make sense on a global scale have any value.	Ya kobangisa ezali ete eleko eye ya internet, ezali lolenge eye ya kokanisa ete kaka maye mizali na tina o mokili mobimba nde bizali na motuya.
But only in the field when no one sees me, otherwise it'll be a disaster.	Kasi ezali bobele na bilanga tango moto te akomona ngai, soki te ekozala mabe penza.
The first thing you hear when arriving in Vegas is the ching ching ching of the slot machines.	Eloko ya yambo okoyoka soki okomi na Vegas ezali makelele ya ching ching ching ya masini ya se.
We combed through the police records concerning this incident but found no mention of witnesses having seen a tall bearded man.	Tozalaki kotongola mikanda mya kala mya polisi botali likambo oyo kasi tomoni eloko yoko te likolo ya banzengeneke baye bamonaki moto ya monene na mandefu.
"Oh no! My coffee has gone cold." "I'll go get you another one right away, darling."	« O te! Kawa na ngai ekomi malili. » « Nazali kokende sika oyo kaka kolukela yo mosusu, bolingo na ngai. »
A brilliant idea came to me this morning. But now doubts are coming to me instead.	Na tongo ya lelo nazwaki likanisi ya motuya penza. Kasi sika oyo bizali nde batembe bizali koyela ngai.
The children of those times thought that all of life's questions could be solved as easily as restarting a computer game.	Baba ya mbula eye bakanisi ete mituba nyonso ya bomoyi bikokaki koyanolama na pete lokola kobeta lisano na lodinatele.
Lucy was the shyest and prettiest girl in the land, Caroll the bravest and noblest boy in the county.	Lucy azalaki elenge mwasi ya soni pe kitoko penza kati ya bilenge basi nyonso na mboka, kasi Caroll azali elombe pe na lokumu kati ya bilenge mibali ya canton.
In the makeup room, she set down on a small table the flowers she had been given, considered her reflection in the mirror for a second, unbuttoned the top of her blouse, and let herself fall into an armchair.	Na ndako ya bokembisi elongi, atie likolo ya mesa eke bafololo maye bapesaki ye, na bokanisi sekondi moko elilingi naye na talatala, na bofungoli likolo ya elamba naye ya mosala pe amibwaki na kiti.
He dangerously held the box of cakes by the ribbon, one finger through the loop, in the center.	Asimbaki mabe kalato ya lipa ya sukali na bolduc, mosapi moko elekaki na lifungu, katikati.
He embodies an incorrigible taste for bragging, an inability to resist the ease of ready-made thinking, an obsession with intrigue. In short, on the part of a minister, irresponsibility.	Amonisi posa ya bosemboli te na lolendo, bozangi makoki ya koboya ya pasi te ya likanisi esalemi, motungisi ya bozangi polele. Na bokuse, kowuta na ministele, bozangi mayele.
I regret to inform you that we have not proceeded further with your trial period.	Nazali na mawa ya koyebisa bino ete topesaki te bolandani ya eleko ya bomeki.
Lisa is upset with Stan.	Lisa alingami na Stan.
We spent a lot of time looking for a parking spot.	Tolekisaki ngonga mingi koluka ebombelo mituka.
Happy is the mortal who, unknown to the world, lives content with himself in some secluded corner.	Esengo na mowei oyo, na mokili ebosana, azali kobika na esengo na ye moko na esika ebombana.
I never learned German, yet that doesn't stop us from exchanging ideas in Esperanto.	Natikala koyekola alemani te, ekopekisa biso te kokabola makanisi na lokoto ya bikolo biike.
Do you think you can be home by half past two?	Okanisi okoki kozala na ndako sima ya ngonga ibale na ndambo?
Every army in the world dreams of having a soldier like Rambo, but the irony is that even the American army doesn't have one. Rambo only exists in the movies.	Mapinga manso ya mokili mazalaki kobanza kozala soda lokola Rambo, kasi litiyo ezali ete ata lipinga ya amelika ezali ata moko te. Rambo azalaka kaka na sinema.
Unroll all the golden threads once more and catch the wind, hope to save your breath by evening and go on ahead! - A single sleep, such long silence.	Fungola lisusu ba singa ya wolo nyonso pe kamata mopepe, likya ete na pokwa okobatela pema na yo pe kende loboso! Kaka pongi moko, kimya molayi.
The gang became Sami's family.	Lisanga ya bato mabe ekomi nde libota ya Sami.
I hope you're joking.	Naliki ete ozali kosakana.
In the opening article of this series, I defined the fundamental concepts we can use when talking about plugins.	Na buku ya bofungoli ya bolandani oyo, nalimbolaki biteni ya motuya penza eye tokoki kosalela tango tokoloba tina ya biteni.
I hate that guy.	Nayina moto oyo.
If you want to punish me about this, as well as for the fact that the Office doesn't respect the schedule, then go ahead.	Soki bolingi kopesa etumbu po na maye, pe lisusu po te bilo etosaka ngonog te, sala yango.
Education is a need for everyone. Society must, with all its power, foster the progress of public reason, and make education accessible to all citizens.	Bolakisi ezali posa ya moto nyonso. Lingomba esengeli kopono na nguya na ye nyonso bokoli ya tina polele, pe kotiya botangisi polele na bana mboka.
The personnel director would like to meet you.	Moyangeli ya bato ya mosala alingi koyebana na bino.
Thanks for agreeing to put me up until I find an apartment. You're taking a huge weight off my shoulders!	Matondo po na kondima ete na vanda na ndako na yo ngonga ete nazwa ndako. Ozali kolongola sende esantu na lokolo na ngai!
I'm glad you invited me to the party.	Nasepeli po ete obengisi ngai na lipati na yo.
Patrick doesn't know how to write properly.	Patrick ayebi kokoma malamu te.
Open the window, we're dying of heat in here.	Fongola lininisa, tozali kokufa na moto awa.
Don't try afterward to cut down on your cigarette consumption; rather, only smoke your own cigarettes, don't ask others for any, and don't accept any from them!	Komeka te kokitisa bomeli likaya kasi, mingi penza, mela kaka makaya na yo moko, kosenga ya bato basusu te pe kondima ya bato basusu te.
Dr. Hideo Noguchi died in Africa in 1928.	Dr Hideo Noguchi akufaka na afrika na mobu koto moko kama libwa na tuku mibale na mwambe (1928).
It's an American-style show.	Ezali etaliseli lolenge ya amelika.
All the boys fall in love with Julia.	Bilenge mibali nyonso bazali na bolingo na Julia.
The company's accountant was sent to prison for forgery.	Botangi mosolo na kopani atindamaki na boloko pona bakomi mabe.
Snails are always ready to mate. No need to play them any Barry White.	Bambembe bazalaka tango inso ya kobongama kosangana. Ezali na tina te kopesa bango Barry White.
Love, like medicine, is only the art of helping nature.	Bolingo ezali, lokola kisi, bobele toki ya kosalisa lizalisami.
The heaviest baggage for a traveler is an empty purse.	Mokumba ya kilo koleka po na mobembi, ezali libenga ya pamba.
I'm not sure I can trust him.	Nayebi te soki nakoki kozala na boliki na ye.
I know someone you work with.	Nayebi moko moko osalaka na ye.
The radio is too loud. Turn down the volume.	Ladio ezali na makelele makasi mingi. Kitisa mongongo.
I should never have let that opportunity slip away.	Nakokaki te kolekisa libaku eye.
None of my classmates live near here.	Moko te ya baninga na ngai ya kelasi avandaka awa.
I wasn't born here, but I spent all of my early childhood here.	Nabotamaki awa te kasi nalekisaki bomwana na ngai nyonso awa.
No other student in the class is as great as him.	Ata moyekoli moko te ya kelasi azali mayele koleka ye.
It's when you see a mosquito land on your testicles that you realize you can't solve every problem with violence.	Ezali tango okomona ngungi na mabumbu na yo ete okomanyola ete babongisaka makambo nyonso te na bokasi.
What problems did they encounter?	Mikakatano nini bakutanaki na yango?
"Teucer, I remember, banished from his country, / came to Cyprus, then subject to our rule, / to beg the power of Belus, my father. / Filled with a great plan, in his new state, / he wanted Belus to protect the cradle."	"""Teucer, nakundoli ete, babenaki ye na mboka naye, / na Chypre, pe amitikaki na botosi na biso. / Nabotondisami na mwango enene, ya ekolo naye ya sika/ alingaki ete Belus abatela mbeto ya mwana. """
An exhibition not to be missed under any circumstances.	Bomonisi moko ya kozala te o nzela nyonso ya lokuta.
Hey, can I talk to you for a second?	Mbote, nakoki kosolola na yo mwa moke?
I remember his face, but I can't remember his name.	Nakutoli elongi naye, kasi nabosani kombo naye.
What are the first two digits of your postal code?	Mitango mibale ya yambo ya elembo ya posita nayo bizali nini?
Self-knowledge is the descent into hell that opens the way to apotheosis.	Bomiyebi, ezali kokita olimbe, eye ekofungola nzela ya lokumu moto akomipesa.
Just look at the highlighted text on the screen.	Tala kaka makoma milendisami na etando.
Our plans fell through at the last minute.	Miango na biso mikweyi na ngonga ya suka.
The revolution Napoleon brought about in the human soul through politics and war, Victor Hugo continued and completed through literature.	Mbongwana ya Napoleon ezalaki na molimo ya moto o nzela ya politiki pe etumba, Victor Hugo akobaki pe akokisai yango o nzela ya koma nzenga.
Would you walk into a meeting room full of people you don't know saying, "Hey guys!"? So why do you do it on a website?	Okokota na esika ya bokutani epayi wapi ezali na bato oyebi te pe koloba: « Mbote bandeko! » ? Kasi po nini okosala yango na etando?
Instinct is the soul on all fours; thought is the mind standing upright.	Lombi, ezali molimo ya makolo minei, makanisi, ezali molimo ngwi.
During his talk, he will speak about finance, the stock market, interest rates...	O tango ya likita naye, akolobela makambo ma nkita, libenga, motuya ya mileki...
No love is ugly, no prison is beautiful.	Bolingo moko te ezali mabe, boloko yoko te ezali malamu.
You must read the rules in full and accept them in order to be entitled to download, install, and use it.	Esengeli kotanga mobimba pe kondima mibeko po ya ndingisa ya bozwi o nzela ya etando, kotiya pe kosalela yango.
Sara has thirty-one pens.	Sara azali na bikomeli tuku misato na moko.
What changes can we expect from augmented reality for brands and stores?	Mbongwana nini bokozela ya bomatiki maye mazali solo po ya bilakiseli pe magazini?
I remember you used to often go have tea at Betty's, when you were a little girl.	Nakundoli ete bozalaki kokende mbala mingi kozwa ti epayi ya Betty, tango ozalaki elenge mwasi penza.
Google has decided to reform the French language and now sticks "y" and "a" together to make "ya," which means nothing...	Gogoli ezwi mokano ya bokangi lokota ya lifalanse pe boti yango banda lelo na ba  «y»  pe na ba  «a» po te ekoma  «ya» eye elingi kolakisa eloko yoko te...
Some babies learn to swim before they're even a year old.	Balezi misusu bayekolaka konana liboso ya bokokisi mbula moko.
He gave me his phone number on a piece of paper.	Apesaki limelo naye ya aloalo na kasa eke.
One day, it will be the United States that faces serious separatist problems on its own territory.	Mokolo moko ekozala ameriki nde ekozwama na mikakatano ya makasi ya bakaboli na mabele na bango mei.
It was the Arabs who brought us 1, 2, 3, 4, 5... Without them, we'd still be stuck with Roman numerals. Can you imagine the hassle?	Ezali balabo nde bayelaki biso makomi moko, mibale, misato, minei, mitano... Soki po na bongo te, tolingaki tozala nanu mitango ya baroma. Bozali kokanisa bwale?
A conceited reader often discovers in others' writings perfections other than those the author put there and perceived, and lends them richer meanings and faces.	Motangi ya bokoki akundolaka mbala mingi makomi ya ès ya bato basusu ya bobongi nye mosusu ete ya mokomi ya y atiaki et amonaki, pe y endimbola tina pe elongi ya bozwi penza.
Please leave a message after the beep, or throw some candy in our mailbox.	Nasengi nayo na bokebi otika maloba sima ya elembo ya kolela to pe tikela biso ba bombo na engbongolo ya mikanda.
I'm sorry, I couldn't write to you sooner.	Nayoki motema pasi, nakokaki te kokomela yo noki.
I will have a meeting with the professor at 1:30 p.m.	Nakozala na lisolo na moteyi na ngonga ya zomi na misato na monuti tuku misato.
He lives in a luxury apartment near Central Park.	Avandaka na ndako ya motuya penepene na Central Park.
Self-confidence is a healthy thing, as long as it doesn't make others sick.	Komindima ezali eloko ya motuya, soki ekopesa pasi te na basusu.
I would be grateful if you could send me information about your establishment.	Nakotondo yo motondi soki otindeli ngai mayebisi matali esika nayo ya mosala.
I'm going to save my game before facing this boss.	Nakobomba eteni na ngai yambo ya kobunda na mokonzi oyo.
What you have in your heart shows on your face.	Maye ozali na yango na motema emonanaka mabe na elongi nayo.
"But," she said, falling to my knees, "there is some horrible mistake: you are the only one I love in the world; you may ask me for whatever proof you wish."	Kasi, yebisa ye ete na bokweyi na mabolongo naye, bizali na bibunga biike ya somo: Nalingaka kaka yo na mokili; okoki kosenga ngai bilembo okolinga.
I thought Ethan was going to ask Henriette to go with him to Boston.	Nakanisaki ete Ethan akosenga Henriette akende elongo naye na Boston.
He was seized by a panic attack and began pounding the wall with his fists.	Azwamaki na somo ndenge na ndenge pe abetaki makofi na efelo.
He is so open to impressions that barely touch the common run of gifted, vibrant minds that he finds this expression admirable and strange: "the ear sees."	Azali penza polele na maye makotuta kaka manso ya milimo mizali pe ya bolengi epayi azwi elobeli ya lisimbi pe ya ndenge: «litoyi limonaka».
Love is a comedy in France, a tragedy in England, an opera in Italy, and a melodrama in Germany.	Bolingi na Fransa ezali lisano, na ekolo ya Baangele ezali likambo ya mawa, na Itali ezali lisano pe na Alemani ezali lisano.
I was wondering when you were going to tell me that you loved me.	Nazali komituna tango nini okoyebi ngai ete olingaka ngai.
The lawyer was waiting for Ben.	Mosambeli azalaki kozela Ben.
It's always the same story. You always forget where you put things. Look in your pockets.	Ezali tango nyonso ezali lisitwale mei. Bobosanaka tango nyonso esika otiyaka biloko. Tala na babenga nayo.
Past a certain age, wounds take a long time to heal.	Boleki mibu miike, bapota bizwaka tango molayi ya kobika.
"Well, I'll leave you in your little corner... I can see you're quite comfortable there," said Miss Schérer as she passed by.	« Malamu, natika yo na ebombamelo nayo eke. Namoni ete ozali malamu penza », moseka Schérer alobi na boleki.
"The traces of a hundred famous battles are sought here: / here proud Pyrrhus showed his boldness; / there Thetis's son arrayed his battalions; / here was their fleet, and there their banners."	"""Na mitumba maye kama ya boyebani tozali koluka elembo:/ awa moto ya lolendo Pyrrhus amonisaki bopikiliki naye;/ esika wana mwana ya Thétis azalaki kobongisa batayo naye;/ awa ezalaki litepa na bango, pe kuna ema na bango. """
I would have liked to have a cute little brother, or a cool older brother.	Nalingaki penza kozala leki ya mobali ya kitoko, to pe yayaya mobali ya malamu.
None of my guys want to enlist in the special forces.	Ata mokote ya baninga na ngai alingi koyingela na mapinga.
No other boy in our class is more studious than Jack.	Ezali na elenge mobali moko te na kelasi na biso azali moyekoli ya mosala koleka Jack.
You can put your belongings in the locker and then choose a code to lock it.	Okiki kotiya biloko nayo na sanduku pe kopona elembo ya bokutu po na kokanga yango.
Get out! Don't play here!	Bobima! Bosakana awa te!
You're arriving too late. The meeting ended thirty minutes ago.	Okomi na sima penza. Likita esilaki eleki bongo minuti tuku misato.
"Hey, is it true you're going out with Ethan?" "What? Who told you that?"	« Loba, ezali ya solo obimaka na Ethan? » « Nini ? Nani ayebisi yo yango ? »
When you say, "Hey guys!" or "Hey folks!" to a group of people you don't know, how do you know one of them might have been your future boss?	Tango olobi: « Mbote baninga! «  to pe « Mbote maninga! » Na lisanga ya bato oyebi te, lolenge nini oyebi ete moko na bango akozala mokonzi na yo mikolo mizali koya?
Good evening, darling!	Mbote, bolingo na ngai!
If you want to know the truth, listen to the mad.	Soki olingi koyeba bosolo, yoka bato ya liboma.
Your future is ahead of you, whatever you do, don't look back.	Makambo mayo ma sima ezali liboso nayo, kasi mingi kozonga sima te.
Move forward knowing that, much sooner than it appears, the wide avenues through which the free man passes will open again, to build a better society.	Kende liboso na boyebi ete, manso makomonana, mbala mosusu makofungwama ba nzela minene otei ya nini moto ya bosomi, ya botongi lingomba eleki malamu.
The Japanese iris, which is associated with Boys' Day (May 5), is not a very pretty flower.	Fololo iris ya ekolo Zapo, lisangisamaka na eyenga ya bana ya mibali (mokolo ya mitano ya sanza ya mitano), ezali fololo ya kitoko penza te.
To find fifty people for a party, you have to send out a hundred invitations in New York. In Hollywood, twenty-five are enough.	Po na kozwa bato kutu mitano po na eyenga, esengeli kotika na New York kasa ya mbelela kama moko. Kasi na Hollywood, tuku mobale na mitano ekoki.
Mathis is apparently a truck driver.	Mathis azali bo mokumbi motuka.
There's nothing like, after a hard day's work, settling down on the couch and watching a movie.	Nini ya kosala sima ya mokolo ya makasi ya mosala ete kopesa na kiti pe kotala ekela ya bilili ya etando.
She fell in love with a gay guy from the gym.	Azali na bolingo na elenge mobali akosala bolingo na mibali na ndako ya galasisi.
Hello. Are you Jackie Scott?	Mbote. Ozali Jackie Scott?
Everywhere on the radio there is news about the explosion that recently took place.	Bisika nyonso na ladio bizali na basango ya ekindo eye asalemaki eleki kala te.
The last time I went to a Lady Gaga concert, even though she had finished all her songs, many people in the audience were not satisfied.	Mbala ya suka nakendeki na konsele ya Lady Gaga, Ata kutu esilisaki ba nzembo na ye nyonso, bato mingi ba ye lisanga basepelaki te.
A diary is an excellent way to keep track of events from your past and think about your future.	Zolonale ya motema ezali lolenge ya malamu penza ya kobomba elembo ya masalami ya bomoyi bwayo ya kala pe kokanisa makambo mayo makoya sima.
I would like you to tell me what happened.	Nalingi oyebisa ngai maye malekaki.
Don't ask questions, just follow orders.	Kotuka mituna mingi te, sepela kolanda mitindo.
They tried to confront our position with their heavy J-23 robots, but we countered the push by deploying thousands of smart mines and concentrating our machine-gun fire.	Bamekaki kobunda etemeli na biso na barobo ya kilo ya J-23, kasi tokangaki bopusani na bango na botieyi koto ya bagelenadi pe kokangama na bobeti ya bamitayezi.
Glue sticks and erasers are among those things you lose more often than you ever see the end of.	Banzete ya mpaka pe gome bizali boko ya biloko biye tobungisa mingi penza tango tokomaka na suka.
An official from the Transitional Council told the press that he expects oil production to reach one million six hundred thousand barrels per day within a year.	Mosali ya leta ya lilako ya boleki alobaki na likita ete azali kobanza ete kosala pitolo ekokoma miliyo moko koto kama motoba ya engbongbolo mbula moko ezali koya.
Every Sunday, I drive to the local Buddhist temple. I drive very fast, with the music blasting.	Mikolo minso ya lomingo, nakendeke na tempelo ya mayembi ya bouddha na esika ebombana. Nakumbaka na lombango penza, na muziki ya se.
Pollution in New York is such that joggers often wear a mask when they run.	Bobebisi ezali ete na New York ete bakimi mbango balataka dongolomiso tango bakimaka mbango.
All the passengers in the car said they wanted to get out and stretch their legs.	Babembi kati ya motuka balobi ete balingi kokita konyolusa makolo.
When I sleep with her, I feel like I'm doing it with an inflatable doll.	Tango na lalaka na ye, nazalaka na liyoki ya kobete popi ya kovimba.
He can run 100 meters in twelve seconds.	Akoki kokima metele mokama na sekondi zomi na mibale.
Say what you want, it doesn't bother me.	Loba maye ozali na mango, yango makobulunginya ngai te.
There, I feel safe, protected by the love of all my family.	Kuna, nazalaka na kimya, nabatelami na bolingo ya baye ya libota na ngai.
Doctors removed the heart-lung block from a brain-dead patient to transplant it into a patient suffering from cystic fibrosis.	Minganga bakamataki libanga motema pe lipululu na mokoni azalaki lolenge ya moweyi ya bokoni ya moto po nakotiya yango na mokoni ya misisa.
Please leave a message after the tone, or some caramels in our mailbox.	Bolimbisi, tika sango sima ya elembo to pe babombo miike na sanduku ya mikanda na biso.
I burned the tip of my finger.	Namitumbi songe ya mosapi.
Amanda and Wolfgang chose Perpignan for their honeymoon.	Amanda pe Wolfgang baponoki Perpignan po ya mobembo na bango ya libala.
Dear diary, today I drove my wife nearly crazy with the music of the Belgian band Telex. It was very funny.	Molingami zolonale, lelo nakomisaki mwasi na ngai penepene liboma na muziki ya lisanga Telex ya beleziki. Ezalaki penza kosekisa.
Seventeen sailors on the dead man's chest... Yo ho ho ho and a bottle of rum!	Basali ya masuwa zomi na sambo na sanduku ya moweyi... Yo ho ho ho pe molangi ya mayi ya bomoyi!
Seen from the Moon, the Earth looks like a ball.	Na botali sanza, mokili ezali lokola ndembo.
What do you have to lose by asking her out on a date? A bit of pride, no doubt?	Okobungisa nini na bobyangi ye na elaka. Mwa lolendo na tembe te?
The children sat around the campfire and listened to Gabriel telling ghost stories.	Bana bavandaki zongazonga ya moto ya nganda pe bazalaki koyoka Gabriel kobetele bango masese ya bilima.
Wherever you go, you will be welcome.	Bisika binso okokende, okotombelama boyei malamu.
It's good to be able to focus your whole mind on your work. But you completely forget the people around you.	Ezali malamu kosangisa molimo naye nyonso na mosala. Kasi kobosana te nye bato baye bazali zongazonga na yo.
Excuse me, but could you move over a little so I can sit down?	Limbisa ngai, kasi okoki te kolongwa mwa moke po te navanda?
Discovering that his wife had often cheated on him, he wants to kill her out of rage, but there's no way to lift the coffin he's been in for two years.	Kokundola ete mwasi naye azalaki mbala na mbala kokosa ye, na kanda alingi koboma ye, kasi azali na lolenge te ya kotombola sanduku esika wapi azalaki eleki bongo mibu mibale.
My sister is an idiot.	Ndeko na ngai ya mwasi azali zoba.
He was trying not to think too much about his own problems.	Azali kolinga mingi penza te kokanisa mikakatano naye mei.
You should get those animals out of the cage.	Bosengeli kobimisa banyama baye na ndako ya bibwele.
This tropical region receives an average of 1800 mm of rain each year.	Etuka eye ya molunge ezwaka mbula nyonso bamilimetele koto moko kama mwabe ya mvula na katikati.
Some Palestinians who live imprisoned near the racist separation wall in the West Bank cannot even see the sunrise from their homes.	Bata bayike ya mokili ya palestini baye bakobika bo bakangemi penepene na efelo ya bokabwani ya botali loposo na Cisjordania bakoki ata te komono bolamuki ya moyi na bandako na bango.
Wow, it had been a while since I last stopped by, things are really happening now on Tatoeba!	Liyanzi, ezali bongo ngonga moke tango nalekaki te, nini ezali koningana sika oyo na Tatoeba!
I would never once have believed that Théo wasn't telling the truth.	Nakokaki kondima ata mbala moko te ete Théo azalaki koloba bosolo te.
I've heard that you should never marry your first love.	Nayokaki koloba ete esengeli te kobala bolingo na yo ya yambo.
He was discussing last night's meeting with his friend Jesse Jackson.	Bazalaki kosolola po na likita ya lobi na pokwa na moninga naye Jesse Jackson.
Sorry for the mess!	Bolimbisi po na mobulu.
Don't be afraid of life. Believe it is worth living and your faith will help create the fact.	Kobanga bomoyi te. Ndima ete ezali malamu kolongama pe boyambi na yo ekosala likambo.
I'm sorry for being so late. The meeting had completely slipped my mind.	Bolimbisi naye penza na sima makasi. Nabosanaki penza ete nazali na likita.
A woman marries hoping her husband will change, but he doesn't change.	Mwasi abalaka na elikya ete mobali naye akobongwana, kasi abongwani te.
I saw a strange man with dark glasses hanging around the ladies' restroom.	Namonaki moto ya bokamwi alati maneti ya mwindo, azali kobaluka zongazonga ya zongo ya basi.
God gave him a magnificent face and a wonderful voice.	Nzambe apesa ye elongi ezenga pe mongongo ya kokamwa.
Thomas asked me for you to go see him right away.	Thomas asengi ngai ete okende komona ye sika sika oyo.
She remembers Mr. Black's car.	Azali kokundola motuka ya tata Black.
This trial dragged on through delays, through the inextricable web of procedure, held up by the roundabout maneuvers of a hateful lawyer.	Kosambisama eye ezali kokende na bosundolami, na bobendi ya bokakoli te ya bolandi,  eye epekisami na bopolele ya mosambeli ya mabe.
Sorry, but I already have a religion, and I don't use it much.	Bolimbisi, nasili nazali na eyamba, pe nasalelaka yango mingi penza te.
I didn't listen to what you were telling me, to be honest I couldn't care less about it.	Nazalaki koyoka te nini ozalaki koloba, ya bosolo namituti lokola babambo na ngai ya yambo ya dragibus.
Dean really eats a lot, doesn't he?	Dean aliyaka penza mingi, eza bongo te?
No key is needed, you enter a code.	Ezali na fungola moko te ezali na tina, totia elembo.
We are ready to do anything to send our child to a good university.	Tomibongisi na nyonso po te totinga mwana na biso na eteyelo ya likolo ya malamu.
"In this way, he spent a year and ten months, after which, on the doctors' advice, they began to take him out, and a fine ox-cart was built thanks to the ingenuity of Jean Denyau."	« Na lolenge eye, alekisaki mbula moko na sanza zomi, sima na yango, na mateya ya minganga, babandaki kobimisa ye pe likalo ya ngombe ya kitoko etongamaki o nzela ya bwanya ya Jean Denyau. »
This isn't a madhouse. It's a clinic for mentally unstable people.	Oyo ezali ndako ya bato ya liboma te Ezali kiliniki po na bakoni ya moto ya kimya te.
Our company's exhibition hall was a hit with the ladies.	Ndako ya bomonisi ya lingomba na biso ezalaki elonga po na basi.
There I found a city; I call it Ilion: / the happy colony applauds its name. / I invite it to cherish its new home, / to build with its own hands its lofty citadel.	Nakobanda site; nakobenga yango Ilion:/libonga ya esengo likobetele kombo na yango maboko. / Na kobyanga ye po te alinga efandelo eye ya sika,/ atonda na maboko maye engumba ya likolo.
Hello! Who's speaking? Don't you recognize me? It's me, Aldo!	Alo! Nani azali koloba? Oyebi ngai te? Ezali ngai, Aldo!
Seek and you shall find. What is not sought remains hidden.	Luka pe okozwa. Eye elukami te etikali ya kobombana.
If you're going to marry a guy who lives in Italy, you should learn Italian.	Soki okobala mobali ezalaka na Itali, esengeli koyekola kiitali.
When you want those who work to be happy, you must pay them a sufficient wage.	Soki  olingi ete baye bazali kosala bazala na esengo, esengeli kofuta bango lifuta likoki.
Far from relegating the arts to the class of useful superfluities, they must be counted among the most precious and important assets of human society.	Mosika ya botindi ba ntoki na kelasi ya bopamba ya litomba, esengeli kotiya o molongo ya biloko bya motuya pe maye ya tina penza ya lingomba ya bomoto.
One must not throw on the ground any bones, eggshells, fruit peel, or anything else that isn't eaten: it is more proper to place them on the edge of the plate.	Esengeli te kobuaka o nse mikuwa te, poso ya liki te, poso ya mbuma te, ata eloko esusu eliamaka te: ezali malamu penza kotiya mango zinga zinga ya sani.
My boyfriend looks like your girlfriend.	Moninga na ngai ekokani na moninga na yo.
The women were terrified, and Nathan's heart pounded fit to break in his chest, as he listened to the pained cries of a being he had once so tenderly loved that he still cherished.	Basi babangaki, pe motema ya Nathan ezalaki kobeta lokola epasuka na ntolo, tango azalaki koyoka bogangi ya pasi ya moto oyo kalakala alingaki na bolingo ya solo pe azalaki kolinga lisusu.
Speak to everyone in the language of love. Do not raise your voice. Do not swear. Do not do ugly things. Do not cause tears. Calm others and show kindness.	Loba na moto nyonso na lokota ya bolingo. Kotombola mongongo te. Kolapa ndai te. Kosala makambo ya mabe te. Kolelisa te. Bondela basusu pe lakisa bango boboto.
You don't want to get married either, right?	Bolingi kutu kobala te, ya solo?
Don't you think the cookies we made today are the best of all?	Okanisi te ete ba bisikiti tosali lelo bizali kitoko ya nyonso?
A woman brought the photographer a photo of her deceased husband, taken while he was wearing a hat.	Mwasi moko amemeli mokangi foto, foto ya mobali naye moweyi, eye akangaki tango alataki ekoti.
Hey guys! We're starting another YouTube video.	Mbote ba ndeko! Tobandi elili ya filime esusu o etando ya Youtube.
The site is already available in seven languages and we hope to introduce new options in the coming weeks.	Esika esili elengelami na kota sambo pe toliki koyindisa maponi ya sika na ba posa mazali koya.
In the United States of America, twenty million new jobs have been created over the last two decades, most of them in the service sector.	Na ekolo ya ameliki, misala ya sika miliyo ntuku ibale ekelamaki na eleko  ya mibu zomi mibale ya suka, mingi o kati ya yango mingi na nzela ya bosalisi.
"Hi! My name's Nick. Nice to –" – "I have a boyfriend."	"""Mbote! Kombo na ngai Nick. Nasepeli, ya yo –"" –""nazali na moninga."""
What did you give Mike for his birthday?	Obonzeli Mike nini na eyenga naye ya mbotama?
I'm sorry to cancel the appointment at the last minute.	Bolimbisi po na kosukisa bokutani na ngonga ya suka.
You lack consistency in your ideas.	Ozali na molongo te na makanisi.
The food is ready!	Bilei bibongisami!
Every time such a failure occurs in another department, I'm tempted to call them idiots, but then people like you show up to demonstrate what real stupidity looks like.	Tango nyonso bokwei ya lolenge oyo eyaka na bosalisi esusu, namekaka komona yango lokola buzoba, kasi, bato lokola bino bomimonisaka po na kolakisa bosoto ya solo ekokani na nini.
Hey, kid! This is our territory!	Mbote, mwana! Awa, ezali mabele na biso!
I've never played golf, but I think I'm going to try.	Nabeta nanu golf te, kasi nakanisi ete nakomeka.
In case you intend to send me money, don't send me too little.	Tango okokanisa kotindela ngai mbongo, bongo kotindela ngai moke te.
They are dispensing love with dirty hands.	Bazali kopanza bolingo na maboko bosoto.
To get some information about Japan's economic problems, you won't find any book very useful.	Po na kozwa mwa basango ya likambo ya mombongo ya Zapo, okomona ata mokanda moko te ya tina.
I went to a new grocery store that opened in the neighborhood and received a free gift of bread.	Nakendaki na magazini ya sika ya episi eye efungwami na kalatye pe bapesi ngai libonza ya mapa ya ofele.
I haven't seen Rick since he got back from New Zealand.	Namonaki Rick te uta azongaki na ekolo Nouvelle-Zélande.
Well, so much the better! That'll kill two birds with one stone!	Na yango, malamu penza! Ekozala ya libanga moko makofi mibale!
I must admit, I wouldn't have understood anything without subtitles.	Esengeli nayeba, ete nalingaki kotongola te na bozangi kombo ya se.
Oh, come on! What next?	Bongo tokomona! Pe nini lisusu?
You were supposed to be my friend!	Esengelaki ozala moninga na ngai!
Allow me to ask you a few questions, please.	Nasengi ete natuna yo mwa mituna, nakosenga yo.
What does it matter if these policies, spread everywhere across the planet, cause social chaos as in Greece or elsewhere.	Ata nini soki bapolitiki eyingeli bisika nyonso o planeti pe bizali kobimisa mobulu ya lingomba lokola na ekolo ya greki pe bisika mosusu.
The man who called an hour ago was Frank.	Moko abengaki eleki bongo ngonga moko ezali Frank.
I went through a terrible ordeal.	Nalekaki na momekano ya somo.
Where do I need to go to be admitted to the emergency room?	Nakokende wapi po te nandimama na ndako ya lombango?
You must study hard to catch up with your class.	Esengeli nayo koyekola makasi po te okoma esika moko na kelasi nayo.
Beware of those cosmopolitans who go searching far off in their books for duties they scorn to fulfill around them. Such a philosopher loves the Tartars, so as to be excused from loving his neighbors.	Bokeba na bato baye ya engumba baye bazali koluka mosika na mikanda na bango misala maye bazali koboya kokokisa zinga zinga na bango. Moto ya bwanya songolo alingi baTartares, po balingisa ye kolinga baninga naye ya pembeni.
Ask and it will be given to you; seek and you will find; knock and it will be opened to you.	Senga pe bakopesa yo; luka pe okozwa; beta pe bakofungolela yo.
How many languages can Charlotte speak?	Kota boni Charlotte akoki koloba?
Forget it! It's too risky.	Totika kaka! Ezali penza komitia na likama.
Don't be afraid! If you help me, everything will be fine.	Kobanga te! Soki osalisi ngai, nyonso ekoleka malamu.
But is he aware of the negative message he's sending?	Kasi azali na boyebi ya sango ya mabe azali kotinda?
The police are certain to apprehend him eventually, wherever he goes.	Polisi ezali na elikya ete suka suka bakokanga ye, ata akei wapi.
If the State persists in systematically imposing new taxes on the French, they will leave France.	Soki leta elendi kondimisa na makasi o nzela ya bwanya bampako ya sika na ba falanse, bakotika ekolo Fransa.
He who does not reach the Yellow River has no peace of mind, and once he reaches it, he has only his eyes left to weep.	Moto oyo akoki te na ebaye ya manzani azangi molimo ya kimya, pe tango akolonga ezali kaka na miso naye po na kolela.
I bet you're wondering how it works.	Nabeti mondenge ete ozali komituna lolenge etambwisamaka.
I don't know the key to success, but the key to failure is trying to please everyone.	Nayebi fungola ya elonga te, kasi oyo ya bokwei ezali komeka kosepelisa moto nyonso.
For the second time in a month, there was a powerful earthquake in Mexico.	Po ya mbala ya ibale na sanza moko, ezalaki na bolengilengi ya nguya ya mabele na ekolo Mexique.
They say that on Columbus Day, the ghost of Christopher Columbus rises from his grave and travels the world punishing naughty children who don't believe in Christopher Columbus.	Baloba ete mokolo ya Colomb, Elima ya Christophe Colomb ebimi na lilita naye pe kotambola na mokili na bopesi etumbu na bana ya kanda baye bandimaka Christophe Colomb te.
Could you explain the last section more precisely?	Bokoki kolimbola eteni ya suka na polele penza.
A computer is like a fridge: you plug it in and it works.	Lodinatele ezali lokola filigo: opelisi yango pe esali.
I'll call you as soon as I'm done with my work.	Nakobenga yo tango nakosilisa mosala na ngai.
Helen always keeps her room clean.	Helen abatelaka elalelo naye tango inso peto.
He works as a teacher, but in reality he's a vampire.	Asalaka lokola molakisi, kasi na bosolo azali elima.
Awake, the memory of his Ethel dominated all his thoughts; asleep, that memory became like a fantastic image that illuminated all his dreams.	akasumuka, ekundoli ya  Éthel naye ezalaki kokonza makanisi maye manso; na bolali, ekundoli eye ezalaki kokoma elili ya kokamwisa eye ezalaki kongengisa ba ndoto naye nyonso.
"Be sure to put the right subject line before sending me your email, otherwise it will end up in the ""spam"" folder."	"Sala penza keba ya kotia tina liboso ya kotindela ngai e-mail, noki te ekosuka na ebombelo ya mikanda ""epola""."
If it's urgent, can I send him a message on his pager...?	Soki ezali na lombangu penza, okoki kotindela ye sango na etando naye ya bokebisi...?
The police officer indicated that it looked like a self-inflicted gunshot wound to the head.	Polisi alobi ete ezalaki lokola pota ya lisasi na moto ya bolingi.
Beautiful lyrics, a beautiful melody. The song immediately became my favorite.	Maloba kitoko, loyembo kitoko. Nzembo eye ekomi mbala moko nzembo na ngai ya bolingi.
My father then orders us to cross the waves again, / to go consult the tripods of Delos, / to learn in what places our sorrows must end, / our ever-renewing labors, our uncertain wanderings.	Tata na ngai apesi mibeko ya kongoma ba mbonge,/ Kende kotuna mosali ya Délos, / koyoka ete na bisika nini ba pasi na biso bikosila, / misala na biso ya mbongwana, bopoti na biso eyebani te.
"For people who understand something about art, there is no need for words. One says ""Hm!"" ""Ha!"" or ""Ho!"", and with that everything is expressed."	"Po na bato baye bakotongolo eloko nini na tina ya ntoki,  tina ya maloba ezali te. Balobi ""Hm!"" ""Ha!"" to pe ""Ho!"", pe na yango nyonso elobami."
I have loved, I love, I will love the idea of Tatoeba.	Nalingaki, nalingi, nakolinga likanisi ya Tatoeba.
If it ain't broke, don't try to fix it.	Soki ebukani te, esengeli te koluka kobongisa yango.
He hopes to come back next year.	Akolikya kozonga mbula ezali koya.
Pity is dead, love is buried.	Ngolu akufi, bolingo akundami.
Please, please, keep singing out of tune!	Soki olingi, soki olingi, koba koyemba mabe!
The unit commander gave the order to lay down arms.	Komanda ya limpinga apesi mitindo ya kokitisa mandoki.
For someone who's supposed to be an expert, you don't seem to know much.	Po na moto oyo asengeli kozala nganga ya mayele, ekozwa bino ngonga mingi te ya boyebi.
Cheerful Ned intended to return the next day to this enchanted island, which he wanted to rid of all its edible quadrupeds.	Mwaesengo Ned asengi kozonga lobi na esanga ya nsai, alingaki kolongola nyonso ya yango ya makolo minei eye elyamaka .
"Don't be naughty," cried Anna Pavlovna, wagging her finger at him.	Bozala na kanda te, Anna Pavlovna agangi na bobangisi ye na mosapi.
Yesterday, Jules was injured in a motorcycle accident, so he won't be able to take part in gym class for the time being.	Lobi, Jules azokaki na likama ya tukutuku, na yango akoki te kozala na liteya ya gasisi na ngonga eye.
You speak first; I'll speak afterward.	Loba liboso, nakoloba sima.
I hope you will join us.	Naliki ete okozala ya biso.
According to my arrangements at that time, the content of this book was to be formed by data which, for the presentation of spiritual matters, would provide information consistent with the thinking used in the field of natural sciences.	Engebene na mabongisi na ngai na tango ena bokwi ya buku eye esengelaki kosalema na bilembo, maye masengeli na bimoniseli ya molimo, ba sango elongobani po na makanisi matina na etando ya zebi ya mokili.
Laser surgery can correct certain vision problems.	Bopasoli o nzela ya laser ekoki kobokisa mikakatano maike ya bomoni.
Well, I'll be darned!	Malamu ngulu na ngai!
Public opinion plays an important role in politics.	Likanisi ya bomoto ezali na motuya monene na makambo ma politiki.
I'll pass the info on to Noah.	Napesi Noah sango.
Admiral, an unidentified vessel is approaching our position.	Amiral, masuwa mayebani te mazali kopusana na etemeli na biso.
I would go get the moon for you if you asked me to.	Nakokende kozwa sanza soki osengi ngai yango.
You should apologize to him for arriving late.	Esengeli kosenga ye bolimbisi po te akomi na sima.
Help! Help! Back, you sacrilegious wretch! Vile! Accursed!	Lisalisi! Lisalisi! Zonga sima, lisantola! Soni! Abeba!
You always leave the window open when you sleep.	Otikaka tango inso lininisa polele tango olalaka.
Has your appetite changed?	Posa nayo ebongwani?
You have to close the door when you go to the bathroom, okay?	Esengeli kokanga ezibeli na bokei zongo, oyoki?
It is your duty to finish this job.	Ezali lotomo nayo kosilisa mosala moye.
When they do not receive you and do not listen to your words, leave that house or that town and shake the dust off your feet.	Tango bakoyamba bino te pe bakoyoka maloba ma bino te, bobima o ndako ena to pe o engumba pe bopupola putulu o makolo ma bino.
I would like to visit New York someday.	Nakolinga mokolo moko kokende New York.
"What if we played catch?" - "Yes, why not?"	"""Pe soki tosakani na bobwaki ndembo?"" - ""Iyo, po na nini te?"""
She loves in words but hardly in deeds. (Love of a hen that has no breast!)	Alingaka na maloba kasi na misala te. (Bolingo ya soso eye ezali na mabele te!)
I vacuumed the bedrooms all morning long.	Nalekisaki ebendi putulu na elalelo tongo nyonso.
What time will we arrive in Akita if we take the 9:30 train?	Tokokoma na Akita na ngonga nini soki tozwi engunduka ya 9h30?
The people are never corrupted, but they are often deceived, and it is only then that they appear to want what is wrong.	Mokolo moko te bakopesa kanyaka na bato, kasi mbala mingi bakokosa bango, pe ezali tango ena kaka ekomonisama bolingi maye mazali mabe.
I don't want to know if you don't like your Aunt Marie. You just have to force yourself to smile and put up with it while she's here.	Nalingi koyeba te soki olingaka tata ya mwasi nayo Marie te. Esengeli osala makasi ya koseka pe kondima tango azali nanu awa.
Before embarking on this type of therapy, the patient's own wishes must be carefully taken into consideration.	Yambo ya komipesa na bosalisi bokono ya lolenge eye, litombeli ya mokoni ye moko esengeli na bokebi penza kopesama lokumu.
The book "I Ask You for the Right to Die" recounts the tragic episode of Vincent Humbert's death.	Buku « Nasengi nayo ndingisa ya kokufa»  elobeli lisolo ya mawa ya liwa ya Vincent Humbert.
If you want things to go well between us, we'll need to lay our cards on the table and not lie to each other like last time.	Soki olingi ete eleka malamu kati na biso, esengeli kozala na bosolo pe kokosa biso te lokola mbala eleki.
Have you ever experienced something really strange that you can't really explain, but which, when you really think about it without ignoring it, ultimately scares you a lot?	Bosila kosala bomeki ya eloko ya bokamwi penza pe bokoki kolimbola penza te, kasi eye, tango bozali kokanisa yango na bobosani te, na suka ekobangisa bino mingi?
Start right away, or you'll be late.	Bobanda sika sika oyo, noki te bokokoma sima.
Georgette thinks Oliver spends too much time on video games.	Georgette akanisi ete Oliver alekisaka tango mingi na masano ya bilili.
He knew they weren't going to go easy on him, that he was in for it.	Ayebaki ete akopesa ye fololo te, ete ekozala lipati naye.
The devil is in the details, as you all know.	Satana abombamaka na makambo mingi, lolenge lona boyebi manso.
You're arresting me for domestic violence? Honestly, guys!	Bokangi ngai po na bokasi etali ndako. Na koloba polele, baninga!
If you want me to kiss you, all you have to do is ask.	Soki bolingi nayokisa bino soni, eloko bosengeli kosala nde kosenga.
People die, normally, if you kill them.	Bato bakufaka, na momeseno, soki babomi bango.
However, there are young people who sleep next to their mobile phone, and one of the first things they do every morning is check their messages and the "missed" calls received during the night.	Nzokande, ezali na bilenge balalaka pene pene na aloalo na bango pe eloko ya liboso basalaka tongo nyonso ezali kotala ba sango et bobengi « bobungi» bazwaki na butu.
Darling, offer the guests some coffee.	Molingami, pesa kawa na bapaya.
"Will you settle here with me for your days? / The ports I am building, these new walls, / all is yours. Go, to these faithful shores / entrust your ships, give yourselves to my good faith: / Trojans or Tyrians will be equal in my eyes."	"""Bolingi elongo na ngai kotya mikolo na bino awa? / bizibeli nazali kosala, ebakata ya efelo eye ya sika, / nyonso ezali ya bino. Bokende, na balibongo eye ya loboko / bobomba bamasuwa, bomipesa na boyambi na ngai: ba Troyens to pe ba Tyriens bakozala lolenge moko po na ngai. """
This car has the trunk under the hood. The engine is at the back.	Motuka eye ezali na mogbukulu nase ya kapo. Masini ezali na sima.
I knew what was on his mind, just as he knew what was on mine; and with killing out of the question, we did the next best thing.	Nayebaki nini azalaki na yango na moto, lokola ayebaki nini nazalaki na yango na moto na ngai ; et koboma ezalaki mwango te, tozali eye ezalaki ya malamu sima na yango.
To tell the truth, I don't like classical music. On the other hand, Molly is really into it.	Koloba bosolo, nalingaka te nzembo ya kimya. Na epai mosusu, Molly azali penza na kati na mozindo.
Mister Brown is looking for his own glasses.	Tata Brown azali koluka ba talatala na ye ya miso.
Children know neither the past nor the future - which is hardly the case with adults - they enjoy the present.	Bana nayebi tango eleka te, tango ekoya te - ezali ndenge moko epai ya bakolo - bakosepela na eleko ya lelo.
He reread every page of the file, hoping to find some new detail.	Atangi lisusu bakasa ya ebombelo ya mikanda na elikya ya komona makambo ya sika.
The police say they know you had an accomplice.	Ba polisi balobi ete bayebi ete ozali na moninga ya likambo.
On your birthday this year, you turned 28, Andrew, didn't you?	Na eyenga nayo ya mbotama, mbula eye, okokisi mibu tuku ibale na mwambe, Andrew, ezali boye te?
It is possible that I am a hundred years old, or more; but I couldn't say, because I have never aged like other men, any more than I remember any childhood.	Ekoki kosalama ete nazala na mbula kama, to ya koleka, kasi nakoki koloba yango te zambi nazali kokoma mpaka te lokola bato basusu, ata moke te tango nakokundola bomwana ata nini.
I love this game, and I warn you, I always win!	Nalingaka lisano eye, pe nalaki bino ete nalongaka tango nyonso.
"In order to exterminate or drive all the Palestinians from their ancestral lands, a policy of dehumanization was adopted, branding them all as ""terrorists."""	"Po na koboma to pe kobengana ba palestini nyonso na mabele ya bakoko na bango, esengelaki kosalela politiki ya bomoto te nakokomisa bango nyonso ""babangisi bato""."
If I had to define life in one word, I would say: "To live is to create!"	Soki esengeli na ngai kolimboma bomoi na liloba lyoko, nakoloba: « Kobika, ezali kokela! »
In the engraving, the clerk carries a scale whose weights declare that equality and liberty bring relief to the people.	Na botubi, kalaka azalaki komema bomeki epai wapi kilo ekoloba ete bokokani pe bonsomi ekomema libondi na bato.
I had the best vacation one could imagine.	Nalekisi bopemi ya kitoko penza eye bokoki kokanisa.
It's my dream to have a son who will take over from me when I retire.	Ezali ndoto na ngai kozala na mwana akokitana ngai tango nakozwa bosili sanza.
Leo started roaring when he was two years old.	Leo abandaki koganga tango azalaki na mibu mibale.
Enzo looks exactly like a guy I know.	Enzo akokani lolenge moko na moto moko oyo nayebi.
Any apartment will do as long as the rent is reasonable.	Ndako ata nini ekozala soki mbongo ya ndako ekanisami malamu.
I wished very much to be able to bring this superb specimen of a bird-of-paradise back to Paris, in order to donate it to the Jardin des Plantes, which does not have a single living one.	Nalakaki penza komema na Paris elembo eye bonzenga mingi ya ndeke eye ya lola, na tina ete napesa yango bo libonza na elanga ya banzete, eye ezali ata na moko te ya bomoi.
It won't hurt you to find yourself ridiculous. Resign yourself to being the fool that you are.	Ekosala yo ata mabe te ya komimona pamba. Tika kozala zoba eye ozali.
Adaptation is the key to survival.	Bomeseni ezali fungola po na kobika sima.
No sport is as popular as soccer in Brazil.	Ezali na lisano moko te eye elingama lokola lisano ya ndembo na Brésil.
He opened the cage and freed the birds.	Afungoli ndako ya ndeke pe akangoli ba ndeke.
I had the feeling you were going to ask me that.	Nazali na liyoki ete olingaki kosenga ngai.
She managed to back up in the narrow driveway.	Alongi kozonga sima na nzela moke.
"This is a photo of when my big brother came to see me." "Wow, he looks exactly like you! Is that you there?" "Wrong! I'm over here."	« Oyo, ezali foto tango yaya na ngai ya mobali ayaki kotala ngai. « « Ah, akokani nayo lokola matanga mibale ya mayi! Ezali yo, awa? »  « Ezangi! Ngai, nazali awa. »
Whoever wants to take part must contact our agency.	Moto nyonso alingi kozala asengeli kosolola na kopani na biso.
Glory be to the Father, and to the Son, and to the Holy Spirit. As it was in the beginning, is now, and ever shall be, world without end. Amen.	Nkembo na Tata, pe na Mwana pe na Elimo Santu. Lokola ezalaki na ebandela pe sikawa pe na bileko binso seko. Amen.
As for Bolkonsky, no one said a word about it; only his closest relatives regretted his premature death and pitied his pregnant young wife and his eccentric father.	Pona Bolkonsky, moto moko te alobaki ata liloba; baboti baye ya pene pene bango moko bazalaki na mawa ya liwa naye ya mbalakata pe bazalaki koyokela mawa mwasi naye ya nzemi pe ya tata naye mei.
Your lives will be spared if you surrender.	Bomoi na bino makobatelama soki bomipesi.
I thought Ethan would have needed help getting in and out of the shower.	Nakanisa ete Ethan akozala na posa ya lisalisi po na kokota pe kobima na esika ya kosukola.
So this unbridled band gave itself over, without restraint, to the pleasures of a mad orgy. Pierre, who alone perhaps had kept his wits about him, made vain efforts to restrain his companions.	Pe lingomba eye ezanga ndelo emisundolaki, na lisengisi te, na bisengo ya ekobo ya liboma. Petelo, oyo akokaki ye moko abombaki mayele maye, azalaki kosala makasi ya pamba po na kopekisa baninga naye.
Thomas got out of prison after 30 years.	Thomas abimaki na boloko na mibu tuku misato.
The circus tent was set up in a parking lot.	Ema ya esika ya masano etyamaki na ebombelo mituka.
Germany and France will face off on Friday at the Maracana stadium.	Alemani pe Fransa bakokutana mokolo mwa mitano na libanda ya lisano ya Maracana.
After many years of effort trying to find the man of her dreams, Barbara decided to give up all hope and agreed to marry Lucien.	Sima ya ba mbula ya kosala makasi po na kozwa mobali ya ba ndoto naye, Barbara azwaki mokano ya kobwaka elikya pe kondima kobala Lucien.
He was beaten with an iron bar in a fight during a soccer match.	Abetamaki na ebende na bitumba tango ya lisano ya ndembo.
Because what has been put down in black and white, one can quietly take home.	Bongo maye babombi na mwindo pe na pembe, bakoki na kimya penza komema yango na ndako naye mei.
Kylia lives in North Carolina.	Kylia avandaka na nordi ya Caroline.
I hope Maxime never gets out of prison.	Naliki ete Maxime akobima mokolo moko te na boloko.
Cabha went to cook, while her mother-in-law continues carding her wool.	Cabha akei kolamba, bongo mama bokilo naye akobi kotonga kunza.
He always comes to express his gratitude at New Year and during the holidays.	Ayaka tango nyonso koloba botondi naye na mobu ya sika pe na tango ya biyenga.
She played cards with Roy.	Abetaki kalati elongo na Roy.
The poems that the author himself read aloud made a great impression.	Makomi lya toki eye mokomi ye mei atangaki na mongongo makasi esepelisaki mingi penza.
"Horrible Celaeno, opposing their wishes, / alone dares to announce to me the wrath of the heavens, / and threatens my days with deadly famine. / Speak: let your wisdom decide my fate."	"""Céléno moto ya somo, atelemelaki bilako na bango, / moto moko amekaki koyebisa ngai kanda ya likolo, pe kokanela mikolo na ngai ya nzala ya koboma moto. / Loba: ete po na libaku na ngai bwanya bwayo mokokana. """
Keep practicing every day, after a while it'll come naturally.	Koba komilengele mikolo nyonso, na sima ya tango ekoya yongo moko.
I'm sorry for having caused so many problems.	Bolimbisi po na kosala mabe mingi penza.
We believe that a free and open internet can help create a better world.	Tokanisi ete etando ya internet ya pamba pe ya polele ekosalisa kokela mokili ya kitoko penza.
The job pays well, but on the other hand, I have to work twelve hours a day.	Mosala ezali kofuta malamu, kasi na ngambo esusu, nasengeli kosala ngonga zomi na mibale na mokolo moko.
We went out, despite the rain.	Tobimaki, atako mvula ezalaki konoko.
He stole his classmate's cell phone and hid it in another student's bag.	Ayibaki aloalo ya moninga naye pe abombaki yango na libenga ya moyekoli mosusu.
Are you really going to Boston next weekend?	Bokokende penza na Boston suka ya poso ezali koya?
I bet you he won't manage it.	Nakopesa yo tike na ngai akoya naye te.
Do you think we didn't understand anything?	 Bokanisi ete tokososola eloko te?
I carelessly left at home the important documents I wanted to bring to the office. Would you be kind enough to bring them to me now?	Natikaki na ndako na bozangi bokebi mikanda ya tina eye nalingaki komema na ebombelo mikanda. Okozala penza na bolingo ya komemela ngai mango sika oyo?
Someone threatened to kill that politician.	Moto moko akanaki koboma moto wa politiki.
Here, shooter, you can really show off your skill!	Awa, mobeti, okoki kolakisa mosala nayo libela.
People get really furious when they feel they're being mocked. That's why those who are confident in themselves rarely get angry.	Bato bazali penza na kanda mabe tango bakanisi ete bazali kotyola bango. Po na yango baye bazali na boliki na bango mei basilikaka mingi mingi te.
My grandma used to say that after the rain comes the sun, she was an optimist, that's all.	Koko na ngai ya mwasi azalaki koloba sima ya mvula moi ebimaka, azalaki moiesengo, nyonso wana.
She's not only cute, but also kind.	Azalaki bobele bonzenga te, kasi pe boboto.
You look at yourself in the mirror and you feel like a pathetic person.	Bokomitala na talatala pe bokomiyoka lokola moto ya mawa.
I would like to see Mr. Terry Tate.	Nalingaki komona Tata Terry Tate.
Be patient, ma'am, he won't be long in arriving.	Zala na motema pio mama, akowumela te koya.
Love makes women pretty and men foolish.	Bolingo ekomisaka basi bonzenga pe mibali banyama.
I'll talk about it with Marty and see what he thinks.	Nakosolola na Marty pe nakomona nini azali kokanisa.
This sorry fellow had a wax seal.	Ezali mawa sire azalaki na tampo ya ekengeli.
It's some kind of totally gimmicky cable with a piece of optic fiber badly glued to a plastic tip, no doubt made in China, and which should be featured in technology's blooper reel.	Ezali lolenge ya singa ya lotiliki nye ya eloko songolo na songe na yango ezali na monkinga ya opitiki etyami mabe na eloko ya plastiki, na tembe te esalemi na ekolo Sini, pe eye esengeli komonisama na zoba ya tekinologi.
This flower gives off a wonderful scent.	Fololo eye elumbaka malasi kitoko.
I'm sorry you're having so much trouble.	Nazali na mawa ete ozali na mitungisi mingi.
They set sail for the Cape of Good Hope, and embarked for the ends of the earth.	Batyaki bilamba ya masuwa na nzela ya Bonne-Espérance, pe bayingeli po na kokende na suka ya mokili.
Raphaël wanted to prove his love to Marie, but I think he went a bit too far.	Raphaël alingaki kolakisa bolingo naye na Marie, kasi naliki ete akendeki mwa mosika.
Sorry to nitpick but the period inside the quotation marks should be removed.	Bolimbisi na kotondolo kasi elembo na kati ya giyeme ezali ya kolongola.
"Ah! if this dreadful people defies the laws of men, / there are, there are gods who, through just punishments, / repay crime and avenge misfortune."	"""Ah! Soki bato baye ya somo babukaka mibeko ya bato, / ezali, ezali ya banzambe oyo, na bitumbu ya semba, / bakofuta bobe pe bakobekola mabe. """
When they make the fools dance, you won't be in the orchestra.	Tango tokobinisa bilema, okozala na lingomba ya miziki te.
Would you mind waiting a minute?	Bokoki soki ekotungisa bino te kozela ngonga moke?
Yanis and Marie went on a cruise near Italy for their honeymoon, but the boat sank and Yanis drowned in his cabin.	Yanis pe Marie bakendaki na bobembo pene ya ekolo Itali po na kosepela sima ya libala, kasi masuwa ezindaki pe Yanis atyolaki na kati ya kabine naye.
Madame Parker greeted him with a smile.	Mama Parker apesaki ye mbote na bosepeli.
Ten minutes after they passed Nara, the car ran out of gas.	Sima ya monuti zomi na boleki Nara, motuka ezangaki esasi.
Drink a cup of milk. It will do you good.	Mela kopo moko ya miliki. Ekosalisa yo.
She is an efficient and trustworthy assistant.	Azali mosalisi ya makasi pe ya lokumu ya boliki.
In this activity you see the result right away.	Na mosala eye tokomona sika sika oyo elembo.
Everyone went to the party, except Jo.	Banso bakendeki na lipati, longola Jo.
It's good to let the baby cry from time to time.	Ezali malamu kotika mwana kolela tango na tango.
Some of his officers protested.	Boko ya ba ofisye naye baboyaki.
You should think about the kind of work you want to do.	Esengeli okanisa mosala nini olingi kosala.
Don't back down!	Kozonga sima te!
Modest and unimaginative, Justin knew evil only by hearsay.	Modeste azangi makanisi, Justin ayebi mabe se na bilobaloba.
Mathis is haunted by the demons of his past.	Mathis atambwisami na ba zabolo ya tango naye eleka.
I'm going back to see the doctor next Friday.	Nakozonga komona monganga mokolo ya mitano ezali koya.
They take turns getting up to dance on the dance floor.	Ezali na ngala ete bakotelema po na kobina na esika ya libini.
Action is a series of desperate acts that buys time.	Ekela ezali molongo ya bikela ya bolongoli elikya eye ekosalisa kozwa ngonga.
What happened, Sally?	Nini elekaki, Sally?
I wanted to portray a man who probably did a lot of harm to the people around him.	Nalingaki kotika elili ya moto oyo nabomoni asalaka mabe mingi na bato zinga zinga naye.
If you learn card tricks, you'll always be the star of the party.	Soki oyekoli kosala zolonganu na ba kalati okozala tango nyonso bobendi ya pokwa.
None of the four boys had an alibi.	Moko te ya bilenge bane azalaki na posa.
Wanting proof that I'm right means admitting that I could be wrong.	Kolinga bilembo ete nazali na tina elingi koloba ete nakoki pe kozala na mbeba.
I hope it will work.	Naliki ete ekotambola.
She didn't say a word and seemed lost in thought.	Nazalaki koloba ata liloba yoko te pe azalaki lokola moto abungi na makanisi maye.
The coldest winter I ever experienced was a summer in San Francisco.	Eleko ya elanga eleki malili eye nabika ezalaki eleko ya molunge na San Francisco.
They want answers to questions you shouldn't ask.	Balingi biyano na mituna eye bosengeli kotuna te.
The Lord drives a Ford.	Lord atambolaka na motuka ya Ford.
You should go out and have fun.	Esengeli bobima pe bosanaka.
Some say it's human nature to root for the underdog.	Baike balobi ete ezali na lizalisami ya bomoto ya kosalisa bopaya.
Tatoeba: ever heard of sentence battles? Yeah, that's what we do to relax.	Tatoeba: Esi oyoka koloba bitumba ya bisakola? Malamu, oyo nde esalemaka po na kopema.
I was in such a hurry that I forgot to lock the door.	Nazalaki penza mbangu ete nabosanaki kokanga ezibeli na fungola.
Well I never! You really believe they're going to lay down their arms? Yeah, right!	Yango pe! Bondimi yango ete bakotika mandoki? Olobi!
Hello, this is Hugo. I'd like to speak to Ann.	Alo, ezali Hugo. Nalingi kosolola na Ann.
One year, Mr. and Mrs. Davis were invited to a Christmas Eve party at a hotel.	Mbula moko eleki Tata pe Mama Davis babyangemaki na butu ya eyenga ya mbotama ya Yesu na lotele.
Although I have almost no money, I'm happy with you.	Ata ko nazali na mbongo soki moke te, nazali na esengo elongo nayo.
No possible escape: it's a dead end. We're trapped like rats.	Mokalo ata moko te ekosalema: ezali nzela ezangi esika ya koleka. Batyeli biso motambo lokola ba puku.
Bruce was terribly disappointed when his girlfriend left him, but he got over it shortly after.	Bruce asisolami makasi penza tango moninga naye wa bolingo etikaki ye, kasi amizongisaki sima ya mwa tango.
Please be kind enough to lock the door when you leave.	Zaka na boboto ya kokanga ezibeli na fungola soki obimi.
I made you be present and alert.	Nabosani yo ozali awa pe na bokebi.
I remember last summer's adventure.	Nakundoli libaku ya eleko ya molunge elekaki.
I wish he had gone to university.	Nalingaki ete akende na eteyelo ya likolo.
Would you like a tray with that?	Bolingi sani na?
It would seem that you were wrong.	Ezalaki lokola bozalaki na mbeba.
Samy is becoming very interested in Islam.	Samy azali kosepela mingi na isilami.
My transfer abroad was an opportunity for me to wipe the slate clean and start over on a new footing.	Motindi na ngai na mboka ya bapaya ezalaki eleko po na ngai kolongola makambo nyonso ya kala pe kobanda lisusu makambo ya sika.
Quintus is angry and hits Marcus.	Quintus azali na kanda pe abeti Marcus.
You crazy person!	Moto ya liboma!
I receive a lot of letters and I always answer them.	Nazwaka ba koma mingi pe nayanolaka mango tango nyonso.
You are the greatest girlfriend I've ever had.	Ozali elenge mwasi bonzenga makasi oyo natikala kozwa te.
My father is good at cooking. As for my mother, she's good at eating.	Tata na ngai azali na makoki penza ya kolamba. Po na mama na ngai, azali na makoki penza ya kolya.
Hey, keep your distance from the boss today, he seems really annoyed about something.	Eh, bozala mosika na mokonzi, lelo, azali komonana asiliki po na likambo songolo.
I have a feeling you might want to see these.	Nakanisi ete okolinga komona maye.
The diamond necklace was fake.	Pauni ya dyama ezalaki ya mabe.
Get out or come in.	Bima to kota.
At only nineteen, Joseph Louis Lagrange laid the foundations of the calculus of variations.	Kaka na mbula zomi na libwa, Joseph Louis Lagrange etye misisa ya mituya ya mbongwana.
"""Draw near: the altar of our gods will defend us, / or beneath the same blade we shall all perish. """	"""Bopusana: na ba nzambe na biso ya lotale bakobundela biso, / po na se ya ebende mei banso tokokufa. """
He married his high school sweetheart.	Abali bolingo na ye ya kelasi.
Reproach is like the wind; if you see it, you feel it.	Epaleli ezali lokola mopepe; soki omoni yango, oyoki yango.
I would like to give Nathan something special for his birthday.	Nalingi kobonzela Nathan eloko ya motuya penza na eyenga naye ya mbotama.
Don't tell Louis you're a cop.	Koyebisa Louis te ete ozali polisi.
The bear left no place unsearched as it looked for juicy insects.	Ours atiki te koluka esika mosusu tango azali koluka nyama eke ya mai mingi.
I cannot ignore the orders of my superior officer.	Nakoki te kobunga mibeko ya mokonzi na ngai.
Since I had forgotten my cell phone, I was glad that there are still emergency call points.	Lokola nabosanaki aloalo na ngai, Nasepeli ete ezali na bisika ya bobengi na aloalo na tango ya lombango penza.
"Ciceron alobaki ete ""Kimia ya bozángi bosémbo eleki etumba esembo""."	"Ciceron alobaki ete ""Kimia ya bozángi bosémbo eleki etumba esembo""."
She dreamed that a prince came on a white horse to take her away.	A loti mwána wa mokonzi aye likolo ya mpunda ya pembe pona ko mema ye.
Gordon is interested in the Japanese way of life.	Gordon a sepelisi na ndenge yako  bika ya ba japonais.
Thanks for the chocolate! I hope you liked the crepes, and I hope you had a good day too.	Matondi pona sokola! Naza na elikya galeti esepelisaki yo, naza pe na elikya ozo likesa mokolo kitoko.
Your boyfriend got tired of waiting for you and just left.	Moninga nayo alembi ko zela. A uti ko kende.
Former French president Nicolas Sarkozy has been placed under formal investigation for influence peddling, active corruption, and receiving stolen goods from a breach of professional confidentiality.	Nicolas Sarkozy, Tata mokonzi ya France atiami na botunituni pona mombongo mwa bonkútú, kanyaka, bobómbi elóko na bobuki ya sekele ya mosala.
The troop was under the command of a lieutenant.	Limpinga ezalaki na see ya molongo ya lietena moko.
A killer robot can select and attack targets without human intervention.	Robo mobomi akoki ko pona  pe ko kobanda kobundisa mokánelami ata lipaso ya moto ezangi.
She looks happy, but deep down inside, she is suffering.	Amonani neti aza na esengo, kasi kati naye, aza na pasi.
Hugo has fun playing a sonatina in C major, going up a semitone using only his right hand.	Hugo azo komi sepelisa nako beta eleli na do ya likolo, azo mata na ndambo ya eleli kaka na loboko ya mobali.
Johnny proposed to Alice and she accepted.	Johnny asengi Alice libala, ye pe andimi.
"""There rises the city of the proud Locrians; / there, ruling in peace over humble Petilia, / Philoctetes is content with a corner of Italy; / and, flooding at last the furrows of Salentum, / Idomeneus afar spreads out his battalions. """	""" Wana, ba fiers Locriens emi monisa na mboka ; / wana, eza yako pesa mibeko na ndenge ya kimya oyo ya humble Pétilie, / Philoctète asepela na coin ya mboka Italie ; / mpe, ba Salente enfin oyo etondisi ba sillons, / Idomenée na mosika azo bongiga mpona ba bataillons naye. """
Berg explained to Vera, with a tender smile, that love came from heaven and did not belong to the earth.	Berg ayonoli Véra na kongwenya ya kolimba, ete bolingo e uti na lola pe eza ya mokili te.
Louis had hidden a little way back, behind a tree trunk, so that she could not see him.	Louis a bombamaki muke na sima ya nzete, na ndenge akokaki ko mona ye te.
Procrastination is like masturbation: it's fun until you realize you're screwing yourself.	Kozongisa ko sala eloko nsima ezali neti ko mi sepelisa yo moko na ba posa ya nzoto: ezali ya esengo ti na tango oko kokisa ete ozo misala pasi yo moko.
Stay tuned. Dan is back after the break.	Tikala na boyoki. Dan ako zonga sima na bopemi.
I don't know any of these boys.	Na yebi ata moko ya mibali oyo te.
The ball narrowly missed Timeo's face as he was leaving the bar completely drunk.	Motopi eleki pembeni ya elongi ya Timeo, na tango azalaki ko bima na nganda nakati ya ko langwa makasi.
"Jerusalem is a city of peace, and for it to be at ""peace,"" all the Palestinians who live there — and even those who have lived there and are buried there — would have to be erased."	"Yerusalemu ezalaki mboka ya kimia, na pona azala na ""kimia"" esengeli ko boma ba nkolo Palestine nionso oyo baza ko vanda kuna, tina na ba oyo bavandaki kuna mpe ba kundami kuna."
Some believe that the British royal family descends directly from the line of King David.	Misusu ba kanisaka ete libota ya mokonzi ya ekólo ya baangelé ba uti semba na etuluka ya nkumu-mobali Davidi.
Justin Bieber is even more famous than Katie Holmes.	Justin Bieber aza na mompela ko leka Katie Holmes.
The aircraft, a Boeing 777-200, which left Kuala Lumpur on Saturday at 0:41 a.m. (Friday 5:40 p.m. in Paris), was due to arrive in Beijing at 6:30 a.m. local time (11:30 p.m. in Paris).	Ndeke, Boeing 777-200, oyo e utaki Kuala Lumpur mokolo mwa mpóso  na 0 h 41 (mokolo mwa mítáno 17 h 40  na Paris), esengaki ko koma na Pékin na 6 h 30 (23 h 30 na Paris).
Satellite tracking tools raise new questions about privacy for a legal system that has not kept pace with technology.	Bisaleli ya bomoni nako leka nzela ya ba satellite ememi mituni ya sika ya boyéi likolo ya mobongisano ya mibeko oyo etikali ko kokana te na mayele ya kosala ya lelo.
The society they live in is very different from ours.	Lingomba ya lelo ekeseni mingi na oyo ya biso ya kala.
The police got the better of him, so he is now in prison.	Ba mbila ba longi ye, yango lelo  asuki na ndako ya kaka.
Jessica had sung a song.	Jessica ayembaki nzembo.
I noticed he's not doing a thing. Feels like vacation time!	Na lembetelaki ete azo kokina ata muke te. Neti tango ya bopemi ebandi!
I will tell you everything you want to know.	Nako yebisa yo nionso olingi ko yeba.
I didn't believe a single word of what Arthur told me.	Na ndimaki ata eloko moko te na oyo Arthur ayebisaki nga.
He tried to catch up on his lack of sleep by taking a nap.	A mekaki ko lala muke pona ko zongela bozangi bua ye bua pongi ya moke.
Christianity has done a lot for love by turning it into a sin.	Matéya ma Krístu esali ebele pona bolingo pe masumu.
For a kiss, what must be considered above all? Singer Max Raabe answers this important question.	Pona lipwépwe,  nini oyo esengeli ko sala liboso? Moyembi Max Raabe ayanoli na motuya oyo ya motuya.
I don't know what weapons World War III will be fought with, but World War IV will be fought with sticks and stones.	Nayebi te soki na minduki nini  etumba ya misatu ya mokili mobimba eko salema, kasi ya mine ekosalema na fimbo pe na mabanga.
Only a male intellectual clouded by sexual desire could have called the fair sex the scaled-down model, with narrow shoulders, wide hips, and short legs.	Mpenza moto wa mayéle ya mobali oyo posa ya nzoto etie na molili akokaki ko benga nzoto ya muasi eloko ya muke, oyo ya lipeka muke, ngei minene pe na makolo ya mike.
Why are you afraid of Derek?	Ozo banga Derek pona nini?
Seatbelts are useless, they've never saved the life of a single Chinese person on the road! Well, then again, it's true they don't wear them...	Nkámba ya ekenge eza tina te, etikali ko bikisa ata Chinois moko te na nzela! Malamu, kasi, oyo ya solo ezali ete bango balataka ango te.
We believe it is our duty, for the sake of human freedom, human dignity, and human prosperity, to reclaim from heaven the goods it has stolen from the earth, in order to give them back to the earth.	Pona lipanda ya mutu, pe pona lokumu na bolamu ya mutu, to sengeli ko botola lola biloko oyo ayiba mokili, pona ko zongisa ango na mokili.
I'm glad you asked that question.	Na sepeli na ndenge otuni lituni oyo.
He often recalls his memories from his high school days.	A betelaka biso lisolo ya ekundoli naye ya tango azalaki ko tanga.
Some young girls are attracted to gang members because it seems exciting to them.	Bana basi misusu baza ko bendama na batu ya ekunda po eza neti esengisi na miso na bango.
Practical recording test on MPEG-4 AVC: traditionally easy to use, it now offers high image and sound quality.	Limeki ya bosali ya libateli na MPEG-4 AVC: na bonkóko ezalaka pete, kasi ekomi sika oyo na elilingi pe na elili ya malonga.
Get the hell out of here!	Bo bima awa!
Happy birthday!	mokangya pona mokolo ya mbotama nayo.
He managed to escape through the window.	Ami bongisi pona ko kima na nzela ya Iininisa.
The attempt to make paradise real on earth always brings hell.	Ko meka ko sala lola ekoma ya solo na mokili ememaka kaka lifelo.
Keep the kid away from the pond!	Ko tika muana pembeni ya eziba te !
Oh, this terrible love has irremediably mowed down all the new flowers of my soul.	O, bolingo oyo ya somo ekati mbe nionso ya elimo na nga.
Sylvie had suddenly resolved to catch the colonel and Pierrette by surprise, seize the letters, and expose the two lovers who were deceiving her.	Sylvie ayanganaki mbalakaka ko kanga kolonele na Pierrette, mpe ko botola mikanda, mpe kobulunganisa ba makango oyo mibale bazalaki ko kosa ye.
Sabu became an FBI informant.	Sabu akoma mokengi ya FBI.
Without knowledge of foreign languages, you will never be able to understand the silence of foreigners.	Kozanga ko yeba minoko ya ba paya eza ko zanga ko kokwa kimya na bango.
Cut the meat into thin slices.	Kata misunyi eteni mike mike.
It is our duty to leave to posterity what we know and what we will have gathered.	Toza na lotomo ya ko tikela ba nkoko oyo to yebi mpe oyo to buka.
There were no witnesses.	Ko zalaki ata nzénénéké moko te.
It seems the new English teacher is a handsome guy who looks like Nathan Cruise.	Na yoki ete moteyi ya angele aza mobali monzenga akokani na Nathan Cruise.
I apologize for what happened here.	Na sengi bolimbisi pona oyo elekani awa.
His nephew lives in America.	Mwana-nkasi naye a vandi na Amerique.
A carbon footprint is the total carbon dioxide pollution we produce through our activities. Some people try to reduce their carbon footprint because they are worried about climate change.	Elembetele ya kaboni ezali abakiso ya bobebisi na nzela ya dioxyde ya kaboni oyo tozali ko bimisa na nzela ya misala na biso. Batu misusu bazo luka ko kitisa elembetele ya kaboni na bango mpo baza na bobangi ya mbongwana ya kilima.
"""I wonder where he went."" ""No use looking for him. He's in the bathroom chatting on his phone."""	"""Nazo mituna alekeli nzela nini."" ''Ntina te ya ko luka. Aza sima ndako azo solola na telefoni."
What a cute baby. Hi there!	Muana muke kitoko mpeza. Mbote!
« What happened to you, Berthe? », asked Noah as he gently carried the poor madwoman to the back.	« Nini ekomelaki yo, Berthe ? », atunaki Noah tango azo mema na malembe muana muasi ya liboma na sima.
He who asks a question risks looking foolish for five minutes. He who doesn't ask questions will remain foolish for his whole life.	Oyo ako tuna aza na likama yako bima zoba miniti tano. Oyo a tuni te ako tikala zoba bomoi naye mobimba.
Hey Thomas, I heard through the grapevine that you and Suzie are dating. Congrats!	Eh Thomas, nayoki na masolo ete yo na Suzie bokomi elongote lisanga. Longonya!
The plane is approaching New York.	Ndeke ekomi pembeni na New York.
The animal at the top left is supposed to be a dragon.	Niama likolo kuna na ngambo ya muasi ekokanisa na engilíma.
They caught the thieves red-handed.	Ba kangi moyibi na likambo na maboko.
Hmm! Can you accept that?	Hum! Yo okoki ko ndima ango?
By pushing his luck too far, he won't be offered anything anymore.	Kolutisa ebele, ako ya ko zanga nionso.
Death is like a competition where everyone hopes to come in last.	Liwa eza neti momekano esika batu nionso balingi bakoma mutu ya suka.
January is the month of the god Janus, the two-faced god of passages and doors.	Yanwari eza sanza ya esesli Janus, eseseli ya elongi lipasa, ya ba nzela mpe ezibeli.
Luca disappeared without a trace.	Luca a limwe neti na ndoto.
The doctor took my pulse.	Monganga azui ngonga na nga.
Evolution proceeds like a tinkerer who, over millions upon millions of years, would slowly rework his creation, constantly touching it up, cutting here, lengthening there, seizing every opportunity to adjust, transform, and create.	Epusaneli aza neti mosalisi oyo, na ba mbula ebele makasi, azo bongola malembe malembe musala naye, nako kata awa, ko benda awa, ako kobumela mondongo nionso pona kolongibinya, kobongolanisa, kokela.
Henry has no more than six dollars.	Henry azangi ata dollar motoba.
Are you able to jump over a chair from a standing position?	Ozali na bokoki ya ko pumbuka likolo ya kiti ko lungwa na etelemelo?
This kid who won't stop yelling is really getting on my nerves!	Muana muke oyo azo ganga boye, azali ko pesa ngai kanda!
At first, I was just looking at the French sentences, but before I knew it, I was captivated by their translation.	Na ebandeli, nabandaki ko tala kaka masakola ya lifalanse, kasi liboso na yelibinya nazalaki yako senginya na libongoli na bango.
You know that's illegal, right?	Oybe ete eza bobuki mobeko, na kosi ?
There is no cure for an inferiority complex.	Kisi ya nsoni ya bonse ezali te.
In the video, you can clearly see one of the occupying soldiers fighting with women as he tries to arrest a twelve-year-old girl.	Na kati ya video emonani na sangisangi ete soda moko ya bobotoli azo ko bunda na bana basi pona ko kanga muana muke ya mbula zomi na mibale.
The commission will make a decision during the winter session, scheduled for late October.	Komisyo eko zua mokano na tango ya mosala oyo eko salema na tango ya malili ya sanza ya zomi.
A false but widespread idea about Christopher Columbus is that he once impressed a tribe of natives by predicting a lunar eclipse. The truth is that he actually caused it.	Likanisi ya lokuta oyo esi panzani likolo ya Christophe Colomb eza ete mokolo moko a kamwisaki ingili ya bai-mboka na tango aloba mambi makoya likolo ya ekilipisi. Solo eza ete ye nde a bandaki ango.
Can you give me the zip code for New York?	Bokoki ko pesa nga kobuba ya posita ya New York?
To my husband, I am the coat rack for his luxury, the signboard of his ambitions, one of his vain satisfactions. He has neither true affection nor trust for me.	Pona mobali nanga nazali ebaka kazaka ya lipombo naye, elembo ya monene-ya-posa naye, moko na bosepeli ya lipombo naye. Aza ata na bolingo to elikiya na nga.
There is a professor who claims that even if Alex uses words well, it would be a serious mistake to call that a language.	Kozali moteyi moko oyo azo loba polele ete soki Alex asaleli maloba oyo malamu, eko zala libunga monene yako benga yango mangala.
"My pitiful life has only contributed to global warming. » « "" "" Don't be so sad. You make me a happy woman. Do you think that's absurd? »"	"Bomoyi na nga ya mawa ezali ko bakisa ndenge mokili ezali kokoma moto koleka. » « "" "" Ko zala mawa te. Komisa nga muasi ya esengo. Okanisi oyo eza eloko ya buzoba? »"
"Many people, even on Tatoeba, mistakenly write ""mn"" instead of ""min"" as the abbreviation for minute."	"Batu ebele, ata na Tatoeba, bazali ko sala mbeba na ko koma ""mn"" esika ya ""min"" pona ko kondisa  ya minite."
The star's meeting with her fans caused a crowd surge.	Bokutani ya oyo ayebana na ba fana naye ememi ebele ya batu.
Watch the place while I'm gone.	Bomba lobwaku tango na bimi.
New Russians, you say? Wonderful! That's exactly what we needed!	Olobi Ba Russes ya sika? Likamwa! Na ndenge tolingaki penza!
Don't be afraid to try new things.	Ko banga te to meka biloko ya sika.
It is not uncommon for great suffering to follow great love.	Monyokoli munene ememaka mpe bolingo munene.
Danny has no sense of beauty.	Danny ayebi makambo ya kitoko te.
Can a being create fifty billion galaxies, each with a hundred billion stars, and then delight in the smell of burning goat meat?	Oyo a keli ntuku itano mobwa ya minzoto, akoki ko sepela na solo ya niama ya ntaba ya ko tumba?
People who talk a lot about themselves — however excellent they may be otherwise — give the impression of being immature.	Batu oyo bami kumsisaka ebele, ata soki eza pona makambo ya malonga koleka, ba zalaka kaka neti bazanga mayele.
Both opinions have merits and demerits, so I won't decide right away which one to support.	Makanisi oyo mibale mazali na ya malamu pe na ya mabe, yango nako kata likambo sika sika oyo te.
He was promoted to the rank of sergeant.	Ba matisi ye na mompete ya seleza.
It seems that a lot of damage was caused by yesterday's battle.	Na moni ete bitumba ya lobi ememi bobebi ebele.
Within an Egyptian temple reigned a spirit of solemn simplicity.	Na kati ya tempelo ya ba egypito kozalaki molimo moko ya bompamba makasi.
Marika is the kind of girl who can give you a solid punch in the face if she gets jealous.	Marika aza lolenge ya basi oyo akoki ko beta yo likofi na elongi soki aza na zuwa.
My favorite TV show has been cancelled.	 Pologalami na nga oyo na linga ya televizo ekolongani.
French Data Network is the association that I chair.	Nazo kamba litondoli ya French Data Network.
The rainy season will end in two weeks or a bit more.	Mvula eko sila moene ya poso mibale.
You'd better think carefully before agreeing to do that.	Osengeli ko kanisa malamu liboso ya ko ndima ko sala ango.
John Wayne was one of the most popular movie stars of this century.	John Wayne azalaki moko na ba oyo bayebana makasi na sekulo oyo.
What are the first five letters of your email address?	Pesa nga kalaka mitano ya liboso ya ngambo nayo?
We would like to go back to the page where we love, and the page where we die is already under our fingers!	To lingi to zonga na lokasa esika bolingo ezali, mpe lokasa esika liwa ezali ekomi naino na misapi!
As far as I know, he is one of the best doctors in the city.	Na ndenge nayebi, aza munganga oyo aleki malamu na engumba.
Can you drop me off at the office on Wednesday?	Okoki ko tika nga na mosala mokolo mwa misato.
The night was full of silence, and the sky had an immense height. Clusters of trees spilled over the long lines of the walls. The whole city was asleep. The outpost fires glowed like stray stars.	Butu etondaki kimia, pe likolo emonanaki likolo yako leka. Maboke ya ba nzete ezalaki ko sopana, likolo yaba nzela ya efelo. Engumba mobimba elalaki. Minda ya ndako ya nsilinzi ebandaki ko ngela neti minzoto.
After one or two large factories are built on the outskirts or within a city, people come looking for work, and soon an industrial zone begins to develop.	Nsima ya ko tonga moko to bisalelelo ya minene mibale na ndelo, to na kati ya engumba, batu baye ko luka misala, na muke ndámbo ya etando monana ekoli.
We don't see each other every day, so every time we meet, we're happy to see each other.	To monanaka mikolo nionso te, yango tangu nionso to monanaka to sepelaka.
"'' Have no doubt about this happy omen; / just go forward, and follow this road; / it leads to Carthage. """	"'' Likolo ya sango oyo ya esengo kozala na tembe te; / kende kaka liboso, pe landa nzela oyo; / eko mema yo na Carthage. """
It seems that Carol and Will broke up.	Na yoki sango ete Carol na Will bakati bolingo nabango.
You're very generous. Well, if you want to pay for me, I don't mind.	Oza mutu ya bikamwisi ebele. Bah, soki olingi ko futela nga, mabe te.
A year and a half ago, I almost died.	Tozalaki mbula moko na ndambu, na lingaki na kufa.
He got out of prison by digging a tunnel.	Akimi boloko na nzela ya nse ya mabele.
In hard times like these, no ordinary effort can pull our company out of the red.	Na ntangu ya pasi neti oyo, makasi ya momeseno ekoki ko bimisa kompani na biso na bokwei te.
The poet said: «I love cats more than dogs because cats don't work with the military».	Mokomi ntoki alobaki: «Na lingi nyawu ko leka mbwa po nyawu asalaka te na sokoro».
It seems you've regained your self-confidence.	Na moni neti ozongisi boliki elikya na yo moko.
Cleanliness is the work of clean people.	Bopeto eza mosala ya batu ya peto.
When trust in our institutions is low, we should reduce the corrosive influence of money in our politics, and insist on principles of transparency and ethics in public service.	Na tango elikia to tia na kati yaba ekonzelo na biso ekomi ngotobobo, tosengeli ko kitisa ebuloa ya eliaka ya mbongo nakati ya mopelengano na biso, mpe kolendendala litosi ya bomonisi pe nkwakolo na mosoko ya bato banso.
I didn't expect what was about to happen.	Nakanisaki te elingaki ko koma.
I don't just feel friendship for you. I feel more than that. Ever since I've known you, I've fallen in love with you.	Naza kaka te na molukano ya mbamba pona yo. Oyo nazo yoka eleki wana. Banda nayebi yo, na linga yo makasi.
Wow! Your idea is brilliant.	Ko kamwa! Likanisi nayo eza ya mayele mpenza.
Would you like to join me to practice ballroom dancing?	Olingi ko pusana pembeni na nga po to meka mabina na ndako?
I know your numbers.	Nayebi ba nimero na bino.
« But the perfect crime doesn't exist », replied the man, on whose property the car was found, « ...at least not until I get my vehicle back ».	« Kasi lizimi ya kobongo nye ezalaka te », ndenge mutu oyo ndako naye ebombaki mutuka azongisaki, nako loba, «...soki na zui nanu lisusu mutuka na nga  ».
Algerians support the criminal Algerian army and the corrupt Algerian regime only out of pure hatred for the Kabyles.	Ba nkolo algerie bazo ko temisa limpinga ya babomi ya algerie mpe na bokonzi monyakami kaka mpona boyini likolo ya ba kabyles.
Beth told Chris to wash up, or else she wouldn't go out with him.	Beth ayebisi Chris a sokola, pamba te ako bima naye te.
You're nothing but a bitch.	Oza kaka bulawayo ya pamba.
The English people think they are free; they are gravely mistaken. They are free only during the election of members of parliament: as soon as they are elected, they become slaves, they are nothing.	Bana mboka ya angleterre bakanisi baza na lipanda, bami kosi makasi; baza na lipanda kaka na tango ya maponami ya batu ya palema: na tango ba ponami, bango bakomi bana misala, bazali eloko te.
She baked an apple pie for her husband.	Asaleli mobali baye lipa ya sukali na mbuma.
We have several projects to finish before considering looking for new clients.	Tozali na ntonga ebele yako silisa liboso ya ko kanisa ko luka basombi ya sika.
Tony runs once or twice a year.	Tony akimaka mbala moko to mibale na mbula.
To begin with, there's the common gray shark, called by sailors the "prosecutor of the seas."	"Pona ko banda, kozali mbisi munene ya mbwe Motaabano, oyo batu ya masuwa ba bengi ""likonzi na mayi »."
I'm listening to a Harry Potter audiobook with the portable player I just bought.	Nazali ko yoka mukanda oyo etangami ya Harry Potter na nzela ya apaleyi ya nzembo oyo na uti ko somba.
Frantz de Galais, the son of the manor — who was a student, or a sailor, or perhaps a naval cadet, no one knew… — had gone to Bourges to find a young woman there and marry her.	Frantz de Galais, muana ya ekpangba — oyo azalaki moyekolo to mutu ya masuwa to tango mususu oyo aza na posa yako koma mutu ya masuwa, to yebaki na biso te...— akendaki na Bourges pona ko luka muasi mpe ko bala ye.
When I'm with a crying baby, I feel like crying too!	Tango nazali na muana muke oyo azo lela, naza na posa nga moko yako lele mpe.
From the earliest years of life, we receive, from our parents and those close to us, a certain number of beliefs that shape our search for further information.	Ko banda mbula ya liboso ya bomoyi, to zoko zua ko uta epayi baboti mpe na ba ndeko, boyambi oyo eko mema biso to luka sango yako bakisama.
No other book is read as much as the Bible.	Ata mukanda moko te etangama ko leka Biblia.
Jim runs as fast as Ron.	Jim azo ko kima mbangu ko leka Ron.
Leading a fulfilling life comes down to a simple question: when you turn off the light at night, and your head rests on the pillow, what do you hear? Your soul singing, or Satan laughing?	Ko zala na bomoi yako mi sepelisa ezo zongisa na lituni obe moko: na tango obomi muinda na butu, mpe mutu nayo elali likolo ya mbeto, nini ozo yoka? Elimo nayo ko yemba to ko seka Satana?
Alain described his wife as an impetuous girl, who spoke fast, knew how to lie, and had no sense of modesty.	Alain azalaki ko komola muasi naye neti muana muasi ya matata, oyo alobaka mbangu, ayebaki ko kosa mpe azalaki ata na soni te.
Say stop to sluggish bowels!	To telemisa bolembu ya libumu.
"""The painting needs to be shifted slightly to the right."" - ""Like this?"" - ""There, that was almost too much."""	"""Esengeni ko tindika etanda muke na loboko ya mobali."" - ""Boye?"" - ""Wana elekaki muke ebele."""
Why would you want to share that kind of information with people you barely know?	Pona nini olingi ko kaba sango ya lolendo oyo na batu oyo o uti ko yebana na bango.
Given her total lack of gratitude, after all the efforts I made for her, I tell myself I might as well have pissed into a violin.	Nako mona kozanga maa ya litondo naye, na sima ya lotomo nionso oyo na sali pona ye, na milobi ete na sali mosala ya mpunda.
Keep walking straight and you'll see the bus stop at the corner of the street.	Koba na ko tambola liboso nayo oko mona etelemelo ya bisi na nsuka ya nzela.
Please notify me by email of any bugs detected or missing features you would like to see included in future versions of the body mass index calculator.	Bo yebisa nga na mokanda ya singa miko yonso boko kutana na ngo to oyo ezangi bolingi to bakisa na masini ma kotuya ya ndenge ya nzoto.
To and arie had suddenly lost their respective letter m, the only one they had in common.	To na arie ba bungisaki na mbala moko kalaka ya m, kalaka oyo bazalaki nango na bomoko.
I love smelling the scent of printed paper.	Na lingaka solo ya lokasa ya mokanda.
The discussion continued at the Ministry of Foreign Affairs regarding social integration and the policy on foreigners entering Japan.	Eweli ekobina na Mosongo ya Mambi ya Bosangani na oyo etali ya bokitisi ya lingomba mpe ya mopelengano ya bokoti ya ba paya na Japon.
Without oxygen, all animals would have disappeared long ago.	Soki mopepe te, ba niama nionso balingaki ko sila kala.
I wanted to have a word with you about what happened.	Na lingaki na yebisa yo eloko moko likolo ya makambo oyo elekanaki.
People often marvel at wonderful red sunsets, which are precisely what reveal to them the extreme level of pollution they live in. We only see what we want to see.	Batu ba kamuaka makasi liboso ya moyi ekotana ya mokobo motane, oyo ezo lakisa bongo ndelo ya bobebi ya mopepe nakati oyo ba zali. To monaka kaka oyo to lingo ko mona.
Thomas says he wants to look like Brad Pitt.	Thomas alobi alingi akokana na  Brad Pitt.
The law condemns false testimony.	Mobeko epekisi bosakoli ya lokuta.
Given her interest in children, I'm certain teaching is the ideal career for her.	Nako landa litomba pona bana mike, naza na ko ndima ete liyekoli ezali musala oyo esengeli na ye.
I felt a light touch on my shoulder.	Na yokaki bokangi ya pepele na lipeka.
If a police officer stops you for improperly driving in the left lane, does he also have free rein to search the contents of your phone?	Soki mbila akangi yo pona ko lekisa ko tambwisa na nzela ya loboko ya mwasi, epesi ye lilingisi pona ko lukaluka nakati ya telefoni mpe?
Diane is also your half-sister, George.	Diana azali mpe ndeko nayo ya muasi, George.
Every evening I listen to the radio.	Butu nionso nayokaka lolaka.
Brian bought a lipstick for Kate.	Brian asombaki bokembisi eteke pona Kate.
And it came to pass at midnight that the Lord struck all the firstborn in the land of Egypt, from the firstborn of Pharaoh who sat on his throne, to the firstborn of the prisoner who was in the dungeon; and all the firstborn of the livestock.	Ekomaki ete na midi ya butu, Nkolo abeti nkoloto ya mboka mobimba ya Egypito, nako banda na muana ya liboso ya Falo oyo avandi na ngwende ti na muana liboso ya mokangemi na boloko; mpe bana liboso ya etonga.
I love him madly. My hands tremble on the keyboard whenever I think of the charm he exudes. I need to get myself out of this situation, which is gradually leading me to my downfall.	Na lingi ye neti liboma. Maboko na nga ezo ko lenga likolo ya ekembe, kaka nako kanisa lisengelo oyo ezo uta epai naye. Esengeli na bima na likambo oyo ezo mema nga na libungi.
Mr. and Mrs. West are on their honeymoon.	Tata na Mama Ba West ba uti ko balana.
"""Did the letter contain anything new?"" - ""No, just old stories."""	"""Na tuni soki mokanda ezalaki na makambo ya sika na kati?"" - ""Te, kaka makambo ya kala."""
No agreement was reached.	Boyokani moko te ezuamaki.
You'll have to watch the movie when you get the chance.	Eko senga olanda film oyo mokolo oko koka.
If one has understood that the will of the people does not exist, then it is not far to recognizing that representative democracy is more democratic than direct democracy.	Soki to sosoli ete ndinga ya mo-mboka ezalaka te, yango eza mosika te pona bosimi ete demokrasi ya lilakisi eleki demokrasi ya nsemba.
Whoever you are who wish to cultivate, enliven, edify, soften, or soothe, put books everywhere.	Ata oza nani oyo alingi ko lona, ko pesa bomoyi, ko kolisa, ko lembisa, ko kitisa motema, bo tia mikanda bisika nionso.
Find a job!	Luka mosala!
When I got home, I found it strange that the door was open.	Na tango na zongi ndako, na monaki ango ya bokamwisi ete ememeli ezala yako fungwama.
I didn't realize my wallet was gone until I got home.	Na sosolaki te ete potomoni na nga elimwaki kaka tango na zongi ndako.
The doctor kept watch over the sick old man all night, pouring sip after sip of whisky into the old man's open mouth until he died.	Munganga atalaki mpaka wana mobeli butu mobimba, ako bonga masanga ya makasi muke muke na kati ya monoko polele ya mpaka tii akufi.
I spent the morning trying to figure out what to do.	Na lekisi mokolo nako luka eloko yako sala.
As for your leave request, you will still have to wait a little longer.	Pina oyo etali bosengi ya pobemi nayo, esengeli ozela lisusu muke.
Scientists have discovered new medications, so there is still hope for people in comas.	Batu ya mayele ba lomboli ba kisi ya sika, ko za kaka elikya pona ba oyo bazali na koma.
I realize I may not be the most attractive man in the world, but I still hope you'll consider going out with me.	Na moni ete naza mobali monzenga ko leka na mokili oyo ako sepelisa batu nionso, kasi nazali na elikia ete oko ndima ko zala na nga.
The Canton of Jura is located 15 km from France.	Mboka ya Jura eza na 15 km mosika ya France.
The guild leader demoted Vince to the rank of subordinate officer because he was abusing his power.	Mokonzi ya Guilde Relagua Vince aza na esika ya mokonzo ya nse po azimbaki na bokonzi.
Blue-green expresses the color of clear water; it is a bright, clear blue.	Bule ya mayi ya pondu elakisi mokobo ya mayi ya bwee; ezali bule ya ngeli ngeli mpe ya bwee.
I especially want to thank our sales team, which broke records.	Na lingi na ndenge ya nga moko na pesa matondo na ekipi ya boteki oyo ba teki ebele ko leka mikolo nionso.
There is a degree of stress in every profession.	Ko banga ezali na misala nionso.
If Thomas finds out I told you this, he'll kill me.	Soki Thomas a ko dindola ete nayebisaki yo makambo oyo, ako boma nga.
When the bell rings, the students go out to the yard to have their snack.	Ntango ngonga ebeti, bana kelasi ba bimi na kulu pona ko lia.
Tommy couldn't answer the last question.	Tommy akokaki ko yanola na lituni ya suka.
Grant refused to admit his defeat.	Grant aboyi ko ndima libomi naye.
Go get the camera.	Bokende ko luka kamela.
Let go.	Bo tika kaka.
I'm not going to let you boss me around.	Nako tika te bo kobyanga nga.
Open your mind to new knowledge.	Fongola elimo nayo na boyebani ya sika.
That makes no damn sense.	Eza na mokendo ata muke te.
My husband is a great guy.	Mobali na nga aza mutu malamu.
And I would not be standing here tonight without the unwavering support of my best friend for the last 16 years, the rock of our family, the love of my life, the nation's First Lady, Michelle Obama.	Pe na lingaki na telema awa te na pokwa ya lelo soki ezalaki ngonzi te ya moninga na nga oyo toyebani ko leka mbula 16, esukeli ya libota na nga, Mwasi ya liboso ya mboka, Michelle Obama.
I'm still waiting for someone to tell me what happened.	Nazo zela kaka ba yebisa nga oyo elekanaki.
Qatar is refusing to let Nepalese workers, hired to prepare for the football World Cup, return home to attend the funerals of their relatives killed in the recent earthquake.	Qatar eboyi ete batu ya misala ya Nepal, oyo ba bamataki na mosala pona ko bongisa coupe du monde, bazonga na mboka na bango pona ko kunda ba ndeko na bango oyo ba kufaki na bolengilengi ya mabele ya kala te.
Vampires live forever, unless they are killed.	Ba kundwi ba kufaka kaka soki ba bomi bango.
Based on the admission and the documents attached to it, the commercial court verifies whether the conditions for bankruptcy are indeed met and declares the bankruptcy open by judgment.	Likolo ya bo ndima mpe na mikanda oyo eyaki na ngo, esambiselo ya monbongo ako tala soki lisengi ya bokwei ezali ya solo, sima ako sangela bokwei oyo efunguami na bosambi.
Yes! I will kill her! You'll see, I will kill her!	ee! Nako boma ye ! Oko mona, nako boma ye !
I spent the whole afternoon looking for my keys.	Na lekisi nsima ya midi mobimba nako luka fungulo na nga.
According to research conducted by Gunnar Samuelsson, Jesus may not have died on a cross. It is possible that he instead died on a post or a tree trunk.	Engebenena ya boluki oyo esalemi na Gunna Samuelsson, eza neti Yesu akufaki na ekukusu te. Ekoki ko zala ete akufaki nde likolo ya likonzi to nzete.
Among a living language, spoken in total by hundreds of thousands of people around the world...	Kati ya monoko oyo ezo lobama na monkama ya nkoto ya batu na mokili.
Put on your rubber boots, or else your feet will get wet!	Ti sapato nayo ya ndembo, pamba te oko kozala na makolo ya ko pola.
It's OK, it's in, it's cool.	Malamu, eza malamu.
She's got a pretty good figure.	Aza na likambo ya mabe.
I personally consider the death of an artist like Lou Reed tragic.	Nazo mona liwa ya moi ntoki nete Lou Reed ya mawa.
Waiting a long time for a friend annoys me.	Ko zela moninga tango molayi epesaka kanda.
Sometimes Spencer is so attached to Trang that it leads her to think he's overprotective.	Tango mususu Spencer aza yako kangama makasi na Trang tino ememi ye akanisa ete kimobateli naye eleki.
My cousin Teddy studied in French at university and studied in Paris for a year.	Ndeko nanga Teddy atangaki na kifalansa na kelasi pe a tangaki na Paris mbula moko.
Robert's dogs are trained to pull a sled in extreme conditions.	Ba mbua ya Robert ba tangi ko benda mituka mike na bisika ya makasi ko leka.
What I had been inclined to regard as a lofty phrase turned out to be a bitter reality, against which people had tried to warn me!	Oyo nalingaki ko mona neti lisakola ya munene eyaki ko bima bozali ya bololo, oyo bolingaki ko kebisa nga.
Daniel looks like a Uyghur.	Daniel akokani na Ouïgour.
« Hello, I'm looking for a formal suit. » « May I ask for what occasion? »	« Mbote, nazo luna elamba ya nkuta. » « Nakoki ko tuna yo ezalaki na eposa nini ? »
The boundary of the solar bubble is the heliopause, roughly fifty astronomical units from the Sun, where the pressure of the solar wind is reduced to the tiny pressure between the stars, in our arm of the galaxy.	Mopaka ya moyi ebangami heliopause, na pembeni ya nkutu itanu ya ndambo yako tanga ya Moyi, esika kilo ya mipepe ya moyi eza yako kita na esika ya minzoto, nakati ya minzoto na biso.
I'm not sure I'm ready for that.	Na banzi te nakomi nyongo pona yango.
One of the hunters was hit by a bullet and had to be taken to the hospital, where he is now recovering quickly.	Moko yaba mokula ezuamaki na lisasi moko mpe ba memi ye na lopitalo esika azo bika mbangu.
Turkey's current situation shows, above all, a deep division in society.	Ndenge yako zala ya Turquie elakisi bokaboli ya mozindo ya lingomba.
Are you sure you don't want me to take you to the hospital?	Ya solo olingi te na mema yo na lopitali ?
I'm sorry to bother you, but there's a phone call for you.	Limbisa mutungisi na nga, kasi kozali mutu azo ko benga yo na singa.
Alcoholic beverages are associated with an increased risk of cancers of the mouth, pharynx, larynx, esophagus, colon-rectum, breast, and liver. The risk increases with the dose.	Masanga makasi ezo tambola elongo na malali ya kansele ya monoko, lilekisi, nzela ya mongongo, zelu, libele pe na libale. Bokebi ya likama ezali kobakisama na kobakisa epimelo.
As global warming intensifies due to climate change, conflicts could then intensify as well.	Lolenge mokili ezali kokoma molunge makasi na tina ya mbongwana ya nzebi, mobulungano, mpe lokola, ekoki koya makasi.
You're strange, I haven't helped you at all yet and you're already calling me a genius.	Ozali na lolenge ya kokamwisa, nayino na sungi yo te kasi ozali kobenga ngayi moto ya bwana mingi.
True love does not hurt on purpose. True love always asks for forgiveness. True love always forgives.	Bolingo ya solo ezokisaka na nko te. Bolingo ya solosolo esengaka tango nyonso bolimbisi. Bolingo ya solo elimbisaka tango nyonso.
Have you decided what you're going to give Nathan for his birthday?	Osoyebi eloko oko bonzela Nathan mpona eyenga ya mbotama naye?
He has no interest in any sport that involves teamwork or quick responses to other players.	Azangi litomba na masano oyo esengaka mosala ya litonga to biyano ya lombango epayi ua banika babeti.
I'm very relaxed.	Nazali kimya penza.
My grandma's nurse is very kind.	Monganga ya koko nangayi azali na boboto mingi.
Oh you, peoples of the world! You surely know that My commandments are the lamps of My loving providence among My servants.	Oh bino, bato ya mokili! Boyebi ete, mitindo na ngayi ezali mwinda ya molingami na ngayi kati ya basali na ngayi.
Electricity has made candles of little use in our lives.	Lotiliki ekomisi minda ya mafuta tina te na bomoyi na biso.
Can I ask you a question that you're not obligated to answer?	Nakoki kotuna motuna moko oyo okoki kopesa eyano to te?
Mark Zuckerberg stole my idea!	Mark Zubeckerberg ayibi makanisi ma ngayi!
"The question arises: ''Is the internet also a mass communication medium?''"	Motuna etunamaki: ''Internet azali mpe nzela ya kosolola mpona bato ebele?''
He's weird and I don't like weird people.	Ezali lolenge mabe, na lingaka bato ya motindo oyo te.
You disgusting pig!	Tala ye kuna lokola ngulu ya bosoto!
"Is it possible to make 70 copies of your report published in ''Le Réseau'' of November and distribute them to our agents?"	Ekoki kosalema ete obimisa ndakisa tuku sambo ya maloba oyo opanzaki na ''Le Réseau'' ya sanza ya zomi na moko mpe okabola yango epayi ya basali na biso?
Who is your favorite TV star?	Nani nde olingaka mingi na television?
The children of Adam are members of a single body, and all come from the same essence.	Bana ya Adama bazali binama ya nzoto bobele moko, mpe bawuti na mosisa moko.
Stop the thief! He ran off with my handbag!	Kanga moyibi! Akimi na sac à main na ngayi!
Open your bag please, so I can see what's inside.	Fongola sac na yo nasengi yo, namona nini ezali na kati.
Because we reject the same thing that people of every faith reject: the murder of innocent men, women and children. And it is my first duty as President to protect the American people.	Mpona ete toboyaka eloko moko mpela moko bato ya biyamba nyonso: Koboma bato, basi mpe bana baye bayebi eloko te. Ezali mosala nangayi ya yambo lokola tata mokambi ya ekolo oyo kobatela bana mboka ya Etats-Unis.
It was on a Thursday evening that I kept the promise I had made to him.	Ezalaka mokolo ya mosala mineyi na pokwa nde nakokisaka elaka na pesa naye.
« Mirror, mirror on the wall, who is the fairest in all the land? » — « Your Majesty the Queen, you are the fairest here, but Snow White is a thousand times fairer than you. »	''Talatala, talatala na etutu, nani nde azali bonzenga koleka ekolo mobimba? '' - ''Nkumu, yonde oleki bonzenga awa, kasi mbula ya pembe ezali mbala koto bonzenga koleka yo. »
The Russians will use all kinds of weaponry to defend their geostrategic interests in the Middle East, and no rogue, terrorist, or criminal state, even a "civilized" one, will make them back down.	Bayi Russi bakosalela bi bundeli ndenge na ndenge mpona kobate esika nabango kuna na ngele mpe Engumba ata moko te ya yawuli, babomi, ''baye bayekola'', bako koka kozongisa bango sima te.
I added my husband's name to mine.	Na samgisi kombo ya mobali nangayi na oyo ya ngayi.
We await the release of the first issue of our magazine with dread and impatience.	Tozali kozela bobimi ya lokasa nayo ya yambo na bobangi mpe motema moto.
You sell used cars, right?	Otekisaka mituka basalela, boye te?
Mike has a few friends in Florida.	Mike azali na boko baninga na Floride.
The Martins invited us to their birthday party.	Babengisaki biso na lipati mpona eyenga ya mbotama yaba Martin.
Kylia put the first aid kit back where she found it.	Kylia azongisaki sanduku ya lisalisi ya yambo esika okamataki yango.
See you soon, Ian.	Olele, lan.
The hostage-takers escaped, despite a brief exchange of gunfire with a police officer.	Baye bakangaki bato bakimaki, atoko matoki mabetaki kati ya bango mpe ba pulusu.
That sparked my interest in how certain international proper nouns are written in Japanese.	Ebendaki bokebi nangayi komona boni boko bakombo ya bato ya bituka misusu ejali kokomama na lokoto ya bayi Japon.
Local industry flourished throughout the country during the Edo period thanks to the promotional efforts of each clan.	Company ya mboka ezalaki kokende liboso na mboka mobimba na eleko ya Edo mpona tina ya makasi mpona tombwa ya libota moko na moko.
"Today, a woman who works as a car mechanic is ""cool,"" whereas a male hairdresser is automatically labeled ""gay"" by many."	Lelo, mwasi oyo azali kosala lokola mobongisi motuka azali ''malamu'', nzoka nde mobali oyo azali kobongisa bato suki abwingami mbala moko ''pede'' na bato ebele.
You must let me handle this.	Botika ngayi na yangela oyo.
Processing time is the time we need to prepare the item for delivery.	Tango mpona kosala yango nde tango oyo esengeli mpona to lengela mokanda oyo ebima.
You've changed since I saw you last year.	Obongwani uta namona yo mobu moleki.
If you don't move immediately, you will be arrested.	Soki okimi sikaawa te, okokangama.
If you want to cross the street, you must wait until it's green.	Soki olingi kokatisa balabala, osengeli kozela ekoma na langi ya mayi ya pondu.
All letters have 'A' as their principle; the universe has the Primordial Being as its principle.	Makoma nyionso mobeka nango ezali 'A'; Molongo ezali na mobeko Ejali ya ebandeli.
I was demanding accountability from my employees.	Nzalaki kosenga basali nangayi bazongisa maloba.
The family had kindly agreed to answer the inspector's questions.	Libota ba ndimaki na boboto nyonso koyanola mituna ya molukiluki.
To think that I wasted years of my life, that I wanted to die, that I had my greatest love, for a woman I didn't even like, who wasn't my type!	Koloba ete na bebisi mibu ya bomoyi nangayi, ete nalingaki kokufa, ete nazali na bolingo nangayi monene, mpona mwasi oyo azalaki kosepelisa ngayi te, oyo azalaki ya lolenge nangayi te!
I hope he understood and will leave me alone.	Nalikya ete asosoli mpe akotika ngayi kimya.
Ethan was surprised by the news.	Ethan akamwaki naba sango.
When I regained consciousness, I noticed I was lying on the floor.	Tango mayele nangayi ezongaki, namonaki ete na lalaki na libaya.
You mathematicians are nothing but a bunch of perverts!	Bino basusu, baye bayekola mituya, bozali etonga ya bato babunga nzela!
Get back in the van.	Bozonga na van
For every dinner where his duty as a loyal subject had obliged him to eat like everyone else, he imposed on himself a penance of two days of bread and water.	Pona biloko nyoso, to mosala naye lokola mondimi etindaki ye koliya lokola bato nyonso, amipesaki etumbu ya mokolo mibale koliya lipa mpe komela mayi.
No matter how hard you try, you won't be able to finish that in one day.	Okomeka nayo ndenge olingi, okokoka kosilisa ango namokolo moko te.
I had to drop out of college and get a job.	Nakomaki nakotika kelasi mpo na kobanda mosala.
We found ourselves short of money.	Tokomaki nakomona ete mbongo esilaki biso.
You can travel from Washington to New York by rail.	Okoki kolongwa Washington kino New York na nzela ya egbunduka.
Send the kids to bed!	Tinda bana bakende kolala!
The zone above eight thousand meters is known as the death zone.	Esika ezwami likolo yaba metres kotomwambe eyebani lokola esika ya liwa.
At New Year's, we spend a long time with family.	Na mbula ya sika, tolekisaka tango mingi na libota.
Jack was tired from fifty miles of walking.	Jack alembaki tango atambolaki ba kilometres tukumitano.
If you look at the lyrics of the song, you realize it barely makes sense, right?	Soki otali maloba ya nzembo, okomona ete ezali penza na tina te, boye te?
The Esperanto alphabet consists of twenty-eight letters: a, b, c, ĉ, d, e, f, g, ĝ, h, ĥ, i, j, ĵ, k, l, m, n, o, p, r, s, ŝ, t, u, ŭ, v, z.	Alphabet ya lokoto espéranto ezali naba lettres tuku mibale n'a mwambe : a, b, c, ĉ, d, e, f, g, ĝ, h, ĥ, i, j, ĵ, k, l, m, n, o, p, r, s, ŝ, t, u, ŭ, v, z.
I lost the bet.	Nakweyi na lisano.
You must stop worrying.	Bosengeli kotika mitungisi.
She kicked her boyfriend out.	Abengani mwa moninga naye.
« Sorry, did I ask an inappropriate question? » « No, not at all. » « Then why aren't you answering? »	''Natungisami, natuni yo motuna mabe? ''''Te, ata muke te. ''''Ebongo pona nini ozoyanola te? »
I'm Mr. Tanaka, your new neighbor. Pleased to meet you.	Nazali M. Tanaka, mozalani nayo ya sika. Nasepeli koyeba yo.
Kevin was raised by his aunt in the countryside.	Kevin abokolamaki na tata mwasi naye na mboka.
I know the girl you were talking to yesterday.	Nayebi mwana mwasi ozalaki kosolola naye lobi.
Disconnect the modem's power supply, wait about a minute, then reconnect the cable.	Longola  modem na lotiliki, zela pene pene ya minuti moko, zongisa yango lisusu.
Let's forget the past and talk about the future.	Tobosana maye maleka, tosolola natina ya lobi.
Love sometimes makes you do foolish things.	Tango mosusu bolingo ememaka moto na bozoba.
Following the same educational approach is very important. If one parent chooses to do one thing and the other parent does the opposite, the child becomes confused.	Kolanda nzela moko ya boyekoli ezali na motuya mingi. Soki moboti moko aponi eloko moko mpe mosusu asali oyo ekeseni, mwana abulanganisani.
Do not blaspheme, young man, said the priest with a frightening seriousness. God would strike you with his curse, he would drive you mad; I fear you already are, for you speak like someone bereft of reason.	Kotuka te, elenge mobali, sango alobaki Nzambe akobete na bilakela mabe, akokomisa bino liboma; nazali nakobanga ete bosili kozwa liboma, mpona bozali koloba lokola bato ya bolema.
Conveying your message is far more important than trying to say it exactly the way a native speaker would.	Kopesa maloba na lolenge mosusu, lokola na bilembo ya nzoto ezali na motuya makasi na tina ya koluka koloba lokola moto abotama na monoko yango.
The plumber pumped the water to get it out of the pipe.	Mobongisi mpompi ebendi mayi mpo ete abimisa tubo.
If you want one, you'll have to find your own.	Soki olingi yango, esengeli oluka ya yo.
Don't keep your dog on a leash if you want it to be attached to you.	Kotika imbwa na yo na bozenga te soko olingi akangama na yo.
Well, I loved it.	Na boye, nasepeli.
From seeing emoticons everywhere, I'm losing the habit of looking for humor within the texts themselves.	Nakozongela komona ba bililingi ya kosekisa bisika nyonso, nabungisi bizaleli ya koluka bisika ya kosekisa na kati ya mikanda yango moko.
The consumer will know what type of fish they are buying, how it was produced, and where it comes from.	Moleyi akoyeba mbisi nini akosomba, lolenge nini babomi ye mpe awutaki wapi.
Keep your moral lessons, your advice, and recommendations to yourself. I'm sick of your arrogant attitude.	Bomba mateya na yo ya bato malamo, toli na mpe mitindo mpona yo meyi. Nalembi bizaleli na yo ya goyi-goyi.
To what extent did he play a role in the research program?	Na mosanda nini asalaki mosala na mosala ya koluka-luka ?
When I was a kid, Mom used to darn our socks when they had holes. Nowadays, most people throw them away and buy new ones.	Tango nazalaki mwana moke, mama abandaki kotonga ba chaussete na biso tango ezalaki ya kotoboka. Na mokolo ya lele, bato mingi babwakaka yango mpe basombaka mosusu ya sika.
Bobby has to go to bed at 7:30.	Esengeli na Bobby alala na 7h 30.
The assignment was so complicated that no one in the class finished it.	Momekano ezala mpasi mingi na tina ete moto moko te akokaki kosilisa yango.
I thought it would be fun to sing a few songs together.	Nakanisaki ete ezalaki na maseki koyemba elongo ndambo ya banzembo.
Grace seemed to be angry.	Grace azalaki komonisa ete azalaki na nkanda.
Turn on the radio; the show is about to start.	Fongola radio; emission elingi ebanda.
But the county of the eponymous cheese, what county was that, actually?	Kasi likambo ya comté ya fromage éponyme, ezalaki likambo ya comté nini, na suka?
Cross of wood, cross of iron, if I lie, I go to hell.	Ekulusu ya nzete, ekulusu ya ebende, soki nakosi, nakokende na lifelo.
The glass bowl broke into small pieces.	Sani ya moke ya mbele epasuki na biteni ebele.
At the sight of the ghost sent by the gods, / I shudder, my voice dies, and my hair stands on end.	Lolenge ya elima kowuta na banzambe,/ nazali na kobanga, mongongo ekimi, mpe suki ya moto etelemi.
My private life is none of your business, and yours doesn't interest me.	Makambo na ngayi etali bino te, ya bino mpe etali ngayi te.
You should apologize to your father for not being home in time for dinner.	Esengeli osenga bolimbisi epayi ya tata na yo mpona kozonga sima ya ngonga ya bileyi ya mpokwa.
Stop dreaming and open your eyes.	Tika kolala mpe fongala miso.
Larry Ewing is married.	Larry Ewing abala.
Speak into the microphone.	Loba liboso ya micro.
Grant failed at almost everything he undertook — until he was given command of the Union army.	Grant alongaki te na pembeni ya makambo nyonso amekaki kosala - kino ete bapesaki ye bokonzi ya mapinga ya Lisanga.
« When the shepherd's star is reflected in the river, it's time to go rest », Maxime would regularly say to Marie with a mischievous little smile.	« Tango monzoto ya mobateli ya bampate epesi mpole na ebale, ezali tango ya kopema », ezalaki koloba na bosongeli Maxime epayi ya Marie na kongwene ya mayele mabe.
Please do not reply to this fraudulent email and under no circumstances click on the links it contains.	Kozongisa eyano te na makanda oyo ya lokuta kowuta na internet mpe komeka kokota soko moke te na banzela ezali na kati na yango.
If you had to go live on a desert island and could only bring one book with you, which one would you choose?	Soko esengameli yo obika na kati ya esobe mpe okoki komema bobele buku moko, buku nini okopona?
That is not enough: to better ensure her victory still, / Cassandra, whom Apollo forbade us to believe, / delivers oracles in vain, to which no one listens.	Ezali moke: likolo lisusu kokomisa solo elongi na ye, / Cassandre, oyo Apollon apekisaki biso tondimela, / azali kokomisa mateya pamba kino bato bazali koyoka lisusu te.
Mining asteroids could make it possible to extract resources useful for space exploration directly in space.	Kotiya mitambo likolo ya ba astéroïdes ekoki kopesa nzela mpona kozwa bisaleli ya motuya na misala na kati ya sanza mbala moko na likolo ya mapata.
We should probably let Tom know what happened.	Ebongi ete na kotela ngwi yonso otikela biso Tom ayeba maye malekaki.
If we stand together, we will be able to drive the Devil out of hell.	Soko tozali na boyokani, tokoki kobimisa diabolo na lifelo.
The Finnish army is on the battlefield.	Mapinga ya mboka Filandia bazali na mondelo ya bitumba.
Love is an essentially selfish passion.	Lolango ezali eloko ya moyimi mingi.
To be a truly competitive knowledge economy, Europe must strengthen its ability to produce knowledge through research, disseminate it through education, and apply it through innovation.	Pona kozala bomengo ya koyebana na momekano ya makasi, esengeli na Europa alendisa makoki ma ye ya kobimisa makanisi ya sika na nzela ya boluki, mpe kopanza makambo makomonana - na nzela ya mateya mpe kotiya yango na misala na nzela ya kokotisa makambo ya sika.
Casey lives in Tver.	Casey abikaka na Tver.
Arthur asked Jeanne what her plans were for the future.	Arthur atuni Jeanne makanisi maye na mikolo mizali koya mizali nini?
Speak frankly, are you fed up with it?	Loba na bosolo, balsili kolembisa yo?
Edward looked Kathy in the eyes and asked her if she meant what she was saying.	Edward atala Kathy na miso mpe atuni ye soki azali kokanisa makambo azali koloba.
Why did you wake me up to tell me something so important? Now I'll never be able to concentrate on my work!	Mpona nini olamusi ngayi mpona oyebisa ngayi eloko moko ya motuya makasi boye? Sika oyo, nakokoka lisusu kosala mosala malamo te!
The most beautiful thing in this world is a rightful love that advances peacefully along a flowered road, with honor on its right and safety on its left.	Eloko ya malonga mingi na kati ya mokili, ezali bolingo ya solo, oyo epusanaka na kimya na kati ya nzela etundi fololo, na longonwa na loboko ya mobali mpe kimya na loboko ya mwasi.
Judging by the size of this footprint, I'd say the perpetrator of the crime is about one meter eighty tall.	Na kotala matambi ya makolo maye, nakoloba ete moto asali mbeba maye azali molayi kino metele yoko mpe centimetele tuku mwambe.
I've given up all hope of survival.	Nabungisi elikya nyonso yakotikala lisusu na bomoyi.
I was hoping I wouldn't have to work on Sunday.	Namikaniselaki ata moke te kosala kino na mokolo ya lomingo.
A joyful heart is good medicine, but a downcast spirit dries up the bones.	Motema etondami na esengo ezali eyano elamo, kasi molimo etukami ezali ekawusaka mitema.
There's no problem, I hope.	Nakanisi ete likambo moko ezali te.
I would love to go out with you.	Nakosepela makasi kobima na yo.
Just as the caterpillar chooses the most beautiful leaves on which to lay its eggs, so the priest lays his curses on our most beautiful joys.	Na lolenge mbinzo aponaka nkasa ya kitoko mpona kobwaka maki na ye, nganga nzambe atiyaka botutu likolo ya matama na biso.
The people are asked to share the crumbs while the brioche is kept nice and warm.	Bazali kosenga na bato bamikabola bilei ya mike-mike biye bitikalaka, na tango kalundele ebombami na moto.
I would like a direct flight to New York.	Nakolinga pepo ya mbala moko kino New York.
There you go again, itching for it. You're looking for trouble, aren't you?	Ekoki, ezali kosala yo lisusu mokosa. Ozali koluka makambo, yango nde?
Do you hear, in our countryside, / the roar of those ferocious soldiers? They come right into your arms / to slit the throats of your sons, your women!	Boyokaka na ba campagne na biso basoda ya nkanda konganga? Bayaka kino na maboko na bino, koboma bana mpe basi na bino.
I'll join you in a minute.	Nazali koya kala mingi te.
We all grew up believing that everyone is entitled to their own opinion; however, some now believe that all opinions are equally valid.	Kokolaki biso nyonso na bondimi ete moto na moto azali na makoki ya kopesa makanisi ma ye, banosusu bakanisaka kobanda lelo ete makanisi nyonso ezali na motuya.
The fruits you had promised to send have not arrived.	Bambuma olakaki kotinda ekomi nayino te.
Go down the street for 5 minutes and you'll see the store on your right.	Kende na bala-bala koleka miniti mitano mpe okomona magasin na loboko ya mobali.
"""Marika is waiting for you downstairs."" ""I'm going down to see her right away."""	"""Marika azali kozela yo kuna."" ""Nazali kokita sika oyo mpona mokutana na ye."""
Well, well! You really think they're going to lay down their arms? Yeah, right!	Tala nayino ! Okanika ete bakotika bitumba bobele boye? Okanisi bongo!
The first person who repeats that to my wife, I'll strangle them, understood?	Moto ya liboso oyo akobandela koloba yango lisusu epayi ya mwasi na ngayi, nakoboma ye, boyoki?
I'm sorry that you misunderstood my intentions.	Nakanisi ete ososoli makanisi na ngayi malamo te.
Kylia pulled out her gun.	Kylia abimisi mondoki na ye.
My head got stuck at the exit and I couldn't get out.	Moyo na ngayi ekangamaki na tango ya kobima mpe nakokaki kobima lisusu te.
You must take these pills.	Esengeli omela nkisi.
Everyone in the room checked their watch at the same time.	Bato nyonso na kati ya ndako batali montre na bango mbala moko.
Ouch! That hurts, I'm itching all over.	Mama na ngayi! Ezali kosuwa, ezali kosala ngayi mokosa.
She lives at 56 Russell Square.	Afandaka na bala-bala Russell Square numero 56.
Kamui no Ken was a kind of samurai/ninja story set during the transition between the fall of the Tokugawa shogunate and the Restoration under Emperor Meiji in 1868.	Kamui no ken ezalaki lisapo ya bakonzi ya Japon (Samurai) / ninja oyo elekaki na mikolo ekabolaki bokweyi ya bokonzi bwa shoguna ya ba Tokugawa mpe Bozongisi na eleko ya Mokonzi Meiji na mibu 1868.
—But what makes you suppose he'll leave us anything?—Ah! my child, he is so rich, and we are so poor! —That reason doesn't seem sufficient to me, I confess, mother....	—Kasi  eloko nini ezali kolakisa yo ete akotikela biso eloko moko?—Ah! Mwana na ngayi, azali na bomenga, kasi biso tozali babola! — Tina oyo ezali ya kokoka te, nazali koyebisa yo, mama ...
I was looking for Andy. Do you know where he is?	Nazaki koluka Andy. Oyebi soki azali wapi?
I hope you'll tell me everything that happened.	Nakanisi ete okoyebisa ngayi maye manso malekaki.
He felt so miserable, so angry at himself, that he was overcome with a strong urge to cry…	Amiyokaki mawa mingi, mpe komisilikisa kino akomaki na mposa ya kolela.
None of Theo's classmates offered him any help.	Moninga moko te ye kelasi ya Théo asalisaki ye.
Do you remember the time we went to Boston together?	Ozali komikanisela mbala moko tokendaki na Boston elongo?
Layla's new job gave her access to the prison's confidential files.	Mosala ya Layla ya sika ememi te komona ba mikanda ya boloko ya konombama.
« Are you OK? Not too hurt? » « No, no, I'm fine. I'm even glad it made her speak to me so frankly. » « I see. Good. »	« Ozali malamu? Ozoki mingi te? » «Te te, nazali malamu. Nasepeli lolenge ememi ye kosolola na ngayi na polele nyonso. » «Nazali komona. Malamu. »
Terrible helicopter accident in a Belgian cemetery, rescuers have already recovered more than 500 bodies.	Likama ya helicoptere na ekunda ya bato na mboka Belgique, basalisa bato babimisi 500 nzto ya baweyi.
Good evening, my darling!	Mbote, molingami.
I won't pretend to be sorry.	Nakokosa te kozala ya kotukama.
Kim lives with Ken.	Kim avandaka elongo na Ken.
A habit cannot be thrown out the window; it must be coaxed down the stairs, one step at a time.	Bizaleli ebwakamaka te nyoso na mbala moko; esengeli ebongolamaka malembe-malembe.
Kate had the chance to play an important role in a movie.	Kate azwaki libaku ya kosala mosala makasi na film moko boye.
If you want this job, you must submit your application before tomorrow.	Soki olingi mosala moye, esengeli okotisa dossier lelo.
We perceive, practically, only through the past, the pure present being the elusive advance of the past gnawing away at the future.	Tososolaka kaka, na bosolo, na maye maleka, maye mazali kosalama sika awa ezali bokobi ya maye maleka, maye tokoki kosimba te mpe exali koliya maye makoya.
Obviously you're terribly disappointed now, aren't you?	Na komonisa polele, ozali mpenza ya kotukama saja awa, ezali bongo?
The differences between the accounts of the two parties involved in the accident were so great that the authorities had trouble deciding who was telling the truth.	Bokeseni na kati ya maloba ya ngambo mibale basalaki accidentezalaki makasi mingi kino ete bakonzi bazalaki na pasi mpona kozwa mokano likolo ya moto azalaki koloba solo.
All living beings draw their energy from sunlight. Plant cells do so directly, animals indirectly, by eating plants and other animals.	Bato mpe biloko nyonso bizali na bomoyi bizwaka bokasi na bango na moyi. Biteni ya nzete esalaka yango mbala moko, banwama mbala moko te, na tango bazali koliya matiti mpe banwana misusu.
Marie's husband is also her darling, and even her lover.	Mobali ya Marie azali mpe molingami na ye, mpe lisusu moninga na ye.
I'm not sure I'm following what you're saying.	Nazali na elikya te na kolanda maye malobi yo.
Translating sentences one by one is too slow for you? You want to raise your rank on Tatoeba, or your language's rank, at the speed of light? Well, this is for you!	Kolimbola mindelo ya maloba moko moko ezali kokende malembe mpona yo? Olingi otombola lokumu na yo na kati ya Tatoeba, to lokumu ya lokota na yo, na lomango lokola lombongo ya mpole. Na boye, ezali mpona yo!
At the hotel, check where the emergency exit is before going to bed.	Na Ndako ya bapaya, Tala liboso esika nini ekuke ya kokima ezali yambo ya kolala.
Whoever holds the bone, the dog will follow their hand.	Moko oyo azali na mokuwa, imbwa akokangama na ye.
Museums are New York's great pride.	Bamosole ezali limpambu ya mboka New-York.
Nothing kills like a betrayed love!	Eloko moko te ebomaka lokola likambo ya bombanda.
When I worked in a public school, I had ten to fifteen students per class.	Tago nazali kosala na eteyelo ya mbula-matadi, nazalaki na bana ya kelasi zomi nz mitano na kelasi moko.
A frightening scene is inevitably accompanied by an owl hooting or wolves howling at the full moon.	Tango ya kobangisa eleka elongo na konganga ya ndeke oyo agangaka na butu to mpe konganga ya imbwa.
I hope everything goes back to normal.	Nazali na elikya ete makambo nyonso ezonga malamu na lombango.
What's surprising if prison resembles factories, schools, barracks, hospitals, which all resemble prisons?	Eloko ya kokamwa ezali wapi, soko boloko ezali kokokana na bisika ya mosala, ba eteyelo, da camp ya basoda, balopitalo, yango nyonso mpe lisusu ezali kokokana na baboloko.
I almost got run over by a truck.	Etikalaki moke batuta ngayi na motuka.
You can't say civilization isn't progressing, because for every war, they find new ways to slit your throat.	Tokoki koloba te ete mokoli ezali kozonga sima, mpo ete na bitumba nyonso ya sika, bazali kobimisa lolenge ya sika ya koboma bato.
Can I get my deposit back, please?	Nakoki kozwa mosolo ya caution, soki olingi?
She has a lovely round face.	Azali nalongi kitoko na lolenge ya lilala.
"- What do you think of when you hear the word ""bit(t)e""? - Well, a mooring bollard, of course, but I think you're thinking of something else."	"Ozali komikanisela nini tango ozali koyoka liloba ""bit(t)e""? - Nabongo, nayebi ete makanisi nayo ezali bisika mususu."
It's nice of you to try to cheer me up.	Ezali malamo mingi mpona yo komeka kopesa ngayi makasi?
This weather is scorching hot, I simply don't feel like going out.	Tango oyo ezalina na molunge makasi, nazali bobele na posa ya kobima libanda te.
He held off the attackers long enough for reinforcements to arrive.	Alekisi tango ya miyibi kino ete basoda basusu baya.
"""When treacherous Ulysses, to satisfy his cowardly desire, / had — as you well know — sacrificed this hero, / at first in silence mourning his dark plots, / weeping for my friend's sad fate, / I dragged out my unfortunate life in mourning. """	"SW""Tango Ulysse mopengwisi ayokaki posa na ye ya mabe, / bobosani yango te, kopesa mbeka molongi oyo, aleli nayino na kimya mayele na ye ya molili, /kolela na tina ya moninga na gayi liwa ya mabe, / nazalaki komema matanga na bomoto na ngayi ya kotukama. """
I'm sorry I have to leave you alone.	Nazali na mpasi ya kotika yo, yo moko.
Do I turn left, right, or keep going straight?	Nabaluka na loboko ya mwasi, ya mobali to nakoba nzela.
We should not celebrate the date of the discovery of America, because it is also the date marking the beginning of the colonization and annihilation of the Native American peoples.	Esengeli te kosala elambo ya mokolo mindele bakomaki na America, mpona ezali mpe lisusu mokolo ya ebandeli ya kimongamba mpe ya kokomisa eloko pamba bakolo mboka, ba ameridien.
Not so long ago, we heard a father say, in front of his extended family: « I don't want any of my boys to become a lawyer. »	Kala mingi te, tozaliki koyoka tata moko, koloba liboso ya libota na ye nyonso: « Nalingi mwana na ngayi moko te ya mobali ekoma molobeli bato. »
I think you'll want to hear me out to the end.	Nakanisi te ete olingi koyoka ngayi kino na suka.
The first victim was one of my best friends and his loss caused me deep grief; the second was simply a German.	Moleki mbeka ya liboso azalaki moko ya baninga ya ngayi mpe liwa na ye epesaki mawa mingi; ya mibale azalaki mo alema
After being in a coma for three weeks, Nathan regained consciousness.	Na sima ya kibika mikolo misato na coma, Nathan ezongisaki makani na ye.
Dr. Smith has a lot of patients.	Monganga Smith azali na babeli mingi.
The only one who always wins at the Casino is the State.	Moto bobele moko alongaka tango nyonso na Casino, ezali Mbula-matadi.
Suddenly it is pushed; and this horrible mass, / unleashing its terrible ruin with a great crash, / collapses, falls, and crushes as it plunges down / entire battalions, instantly replaced.	Na pwasa babandi kotindika ye; nzoto oyo ya mbinga ya kobangisa, / koganga na makasi suka na ye ya mabe, / ekweyi makale-kale, ekwyi na kopanzana / Masanga ya basoda ya mibimba, etiyamaki na esika na yango na lombango.
A purely behavioral assessment of psychology neglects family problems, school conditions, and a host of layers of issues that can harm a child's emotional and psychological development.	Kolandela makambo bobele na lolenge ya bizaleli ya bato kolanda psychologie etiyaka pembeni makambo ya mabota, makambo matali lolenge ya koyekola mpe makambo mosusu makoki kobebisa bokoli esengo mpe ya makanisi ya mwana.
You play video games so much, don't you think that's time wasted for nothing?	Osakanaka mingi na masano ya jeux vidéos, ozali koyeba ete ozali kolekisa tango.
Everything that Reverend Martin Luther King had worked so hard for seemed lost.	Maye manso Nganga Nzambe Martin Luther King asalaki na bokasi nyonso, emonanaki lokolo ekendeki mayi.
I called an ambulance from the director's office.	Nabengaki motuka ya babeli kowuta biro ya mokonzi.
Oral tradition has existed for hundreds of years.	Bopanzi nsango na nzela ya maloba esalamaka kowuta mbula mokama na mokama.
Mr. Wilson is angry at Dennis.	Ndeko Wilson azali na nkanda ya Dennis.
Hey! Scott! Pay my bill!	Hey ! Scott ! Kota mbongo na ngayi!
So you don't know, Sarah, the value of this cup?	Sarah, bongo oyebi te, motuya ya mbeka oyo?
Despite all my efforts, I won't be able to turn in the report on Friday.	Ata kutu makasi nyonso nazali kosala, nakokoka te kopesa rapport na mokolo ya mitano.
I hope we can stay in touch.	Nakai ete tokokoba kokutana.
Alas! there I was followed by my fatal destiny. / There I gather the remnant of the wretched Trojans: / on the sea's shore, a new Ilium, / raised by my own hands, had taken my name.	Kasi! Suka na ngayi ya mabe elandi ngayi. /Bato ya mawa ya Troya, nazali kosangisa oyo etikalaki: / na tina ya bokula ya bibale nkosi mosusu, / abokolami na maboko na ngayi, azwaki nkombo na ngayi.
We rented an apartment when we lived in New York.	Tobandaki kofutela na ndako moko ya monene tango tozalaki kobika na New York.
I very rarely think in terms of words. A thought comes, and I can try to express it afterward.	Nakanisaka mingi-mingi te na tina ya maloba. Likanisi moko eyeyi, mpe nakoki koloba yango na sima.
How old are your sisters?	Bandeko na yo ya basi bazali na mibu boni?
Every portrait that is painted with feeling is a portrait of the artist, not of the sitter.	Bililingi nyonso esalami na tableau na esengo ezali mbuma ya mosala ya bato ya misala ya maboko, ya bamodeliste te.
I hope you don't mind if I leave early.	Nakanisi ete ekosala yo mabe te soki nakeyi liboso ya ngonga.
I spent a month on vacation in Japan and it was great.	Nalekisaki sanza moko na Japon mpe ezalaki kitoko mingi.
Where is Mr. Owen?	Mbutamutu Owen azali wapi?
Putting an end to the degradation of the planet's ecosystems may prove to be the greatest challenge humanity has ever faced.	Kitiya ndelo na bobebisi ya zamba mpe nyama ezali na yango (écosystèmes) ekoki kozala etumba monene oyo mokili abunda nayino te.
« Had you eaten Vietnamese food before? » « Nope, today was the first time. » « It was good, huh? » « Yeah, it was really good. »	«Esila yo koliya bileyi ya Vietnam?» «Nan, ezali mbala ya liboso lelo» «Ezalaki kitoko, bongo?» «Solo, ezalaki kitoko mingi.» »
I know you spent the last three years in prison.	Nayebi ete olekisaki sanza misato mileki na boloko.
The next morning she whispered in my ear: « We're going back to Paris tonight. He says there's no way he'll leave me alone in such a sad place. That's how it is. »	Lokolo elandi na togo alobi na ngayi na litoyi: «Tozali kozonga na Paris lelo na butu. Alobi, likambo ya kotika ngayi moko na esika ya boye ya mawa ezali te. Ezali boye.»
I was a lawyer for 28 years and Keeper of the Seals for 28 days. If I am the only Minister of Justice not to have made a mistake, it's because I didn't have the time.	Nazalaki mosambeli ya bato kino mbula tuku mibale na mwambe, mpe lisusu mobateli ya bilembo ya mboka (Garde des Sceaux) mikolo tuku mibale na mwambe. Soko nazali ministre ya kokata makambo oyo nayino asala ebunga te, ezali mpo ete nawumeli nayino te
Our conceptions of the creator-craftsman, whatever religion they come from, are indeed the most mediocre, the most stupid, the most unacceptable inventions to emerge from the frightened brains of creatures.	Makanisi na biso likolo ya mosali-mokeli, kowuta na lingomba sonholo to mpakala, ezali mabanzo ezali bwanya, ya bolema, maye makoki kondimama soko moke te kowuta na bongo ya bisalami batonda na bomo (kobanga).
« You're not married, you and your girlfriend? » « Of course not. » « Oh really? I thought you were. »	« Bobalani ye na makango na yo ? » « Te, tobalani te. » « Ezali boye ? Nakanisaki ete bosi bobalana. »
The surgeon convinced me to undergo a transplant operation.	Monganga oyo asalaka lipaso andimisi ngatyi kosala lipaso mpona kokitanisa biloko ebebi na nzoto.
Woman, wind, weather, and fortune change like the moon.	Mwasi, mopepe, tango mpe bomengo ebongolamaka lokola sanza.
I know you well enough to know that you didn't really intend to date Hugo.	Nayebi yo malamo mpona koyeba ete ozali na makanisi te ya kobima na Hugo.
Suddenly he covered his face with both hands, and fled out of the cave, repeating with a terrible tone: « Not in front of me! »	Na pwasa, abombi azipi elongi na maboko na ye, mpe abimi na lombango libanda ya libanga nakosongela koloba na lolenge mosusu: « Liboso na ngayi te! »
I write letters that I never send.	Makomaka mikanda oyo nakokaka kotindelaka bato te.
You are my sweetheart.	Ozali motema na ngayi ya kitoko.
I'm going to Doctor Dupont's office so he can renew my prescription.	Nakeyi na biro ya monganga Dupont mpo ete apesa ngayi ordonance mosusu.
The company had actually anticipated a slight decline in the third quarter, but it exceeded expectations and even made a profit.	Compani ezongaki moke sima na eteni ya misato ya mbula, kasi ekokaki koleka mosanda bakonzi bazalaki kozela mpe esalaki mbongo.
Miwako, let me introduce you to Kenny.	Miwako, Nazali kolakisa yo Kenny.
Democracy means listening to the people. The American people have spoken. Let us, too, learn to draw the consequences.	Démocratie ezali koyokela bato. Bato ya America basili koloba. Toyeba biso mpe kozwa toli na tina na yango.
Having placed the statues of his gods into Anchises' hands, he loads him onto his shoulders and crosses the city, withdrawing to Mount Ida.	Esili ye kopesa bikeko ya banzambe na ye na maboko ya Anchise, amemi ye na mapeka, mpe batamboli na mboka, kino bakeyi na ngomba ebwangami Ida.
Stop asking yourself pointless questions.	Botika kotika mituna ezanga tina.
"I can resist everything except temptation" is a witticism typical of Oscar Wilde.	« Nakoki kokanga motema na nyonso, kasi na momekano ya basi te» ezali maloba ya molimo eyebana ya Oscar Wilde.
You can go out if you come back before 7 o'clock.	Okoki kobima soko okozonga yambo ya ngonga sambo.
No one is allowed to leave the classroom before the bell rings.	Moto moko te akoki kobima libanda ya kelasi soko nayino babeti ngonga te.
Jim is liked by all his classmates.	Jim andimami epayi ya baninga na ye ya kelasi.
From time to time she felt free. Yet she didn't really know yet that freedom was a feeling.	Na ngonga moko to mosusu, azalaki komimona na bonsomi. TuKasi ayebaki nayino te ete bonsomi ezali eloko bato boyokaka na nzoto.
People die, normally, if you kill them.	Bato bakufaka, ya solo, soko babomi bango.
In going from the rank of planet to that of a minor planet, Pluto also became transgender.	Na koleka lolongo ya ba planete kokoma na molongo ya ba planete ya mike, Pluton ekomi mpe monzoto ya mwasi mpe ya mobali.
Are you sure you don't want to wait until tomorrow?	Ozali na elikya nyonso te ete olingi okoma kino lobi te?
Miss Green taught me English.	Ndeko mwasi. Green ayekolisaki ngai anglais.
The destabilization of the countries in the region will be very beneficial, allowing this racist and colonialist state to keep occupying more land and oppressing the natives with its despicable practices from another era.	Bobebisi mboka ya etuka ekozala na litomba mpo na ekolo eye ekesenisaka lomposo ya nzoto mpe ya kokonza bato basusu  ezali kokoba kobotola bitando biyike mpe konyokolo baimboka na misala mabe mya ntango eleka kala.
The singer set the room on fire with a very sultry cover of the Kinks' "I Really Got You Now."	"Moyembi ya mwasi aningisaki eteni ya ndako ntango azongelaki na monzele nyonso loyembo ""I really got you now"" ya ba Kinks."
We need to hire a professional.	Esengeli tozwa na mosala moto oyo ayebi mosala malamu.
It's Carrie Underwood's latest album.	Ezali album ya nsuka ya Carrie Underwood.
If you look closely, you'll see that the box has a false bottom.	Soki botali na bokebi nyonso, bokomona ete linzanza ezali na biteni mibale.
If you find a wicked woman and marry her, then you can be sure you'll have trouble being happy later on.	Soki ozwi mwasi ya bizaleli mabe mpe obali ye, yeba ete ekozala mpasi mpo ozala na esengo na nsima.
Are you seeing another guy?	Okomi kobima na mobali mosusu ?
You don't have to get into bed, but you can sit in an armchair or walk around the room.	Esengeli te kolala na mbeto, kasi okoki kofanda na kiti to kotambola na eteni ya ndako ya kolala.
You think you can beat me at this game? Get over here, I'm going to give you a real thrashing.	Okanisi ete okoki kosakana na ngai ? Yaka awa, natanda yo mbata.
Max explained to Julia why he wasn't able to come to her farewell party.	Max ayebisaki na Julia ntina nini ayaki na feti na ye ya nsuka te.
I'm so drunk I can't feel my face anymore.	Nalangwi kino nazali lisusu kokoka koyoka elongi na ngai te.
"I remember the olden days" — who knows the rest of this poem?	"""Nakanisi lisusu ntango ya kala"" Nani ayebi maloba matikali ya likomi liye ya ntoki (poème) ?"
His official title is Director General of the Environmental Agency.	Mpifo na ye ya mosala ezali Mokambi Agense ya makambo ma nzinganzinga.
Taking a bath helps me clear my mind of worries.	Kosukola esungaka ngai na kolongola mitungisi na molimo.
On weekends, I take my dogs out for a long walk in the park.	 Na nsuka ya mposo, nakokende kotambola na mbwa na ngai o kati ya park.
Life is a sleep, love is its dream, and you will have lived, if you have loved.	Bomoyi ezali mpongi, bolingo nde ndoto ya mpongi, soki oyeba bolingo, nzoka nde osila kobika bomoyi yango.
He speaks, sets the example, and upon his warrior arm loads the shield of the dying Androgeos, seizes that hero's gleaming sword, and adorns his proud brow with the helmet embellished with a floating plume.	Alobi, pesa ndakisa, mpe na loboko na ye ya elombe/ Androgée nsima ya kopema akamataki nguba, / abotoli elombe oyo mopanga mwa moto, / na ekoti na ye lokola ndeke kotepa-kotepa/azipaki moto na ye.
We take orders by phone.	Tozwaka bakomande na telefone.
Since you haven't read it, say whatever you want.	Lokola botangaki yango te, boloba oyo bolingi.
"At what age did you come to France?" "As a small child." "To Paris?" "Last year."	Oyakaki na France na mbula boni ? » « Elenge mwana-mwasi. » « Na Paris ? » « Mobu moleki. »
Everyone was thrilled by the news of the victory.	Moto nyonso asepelaki na nsango ya elonga.
You should eat something too, if you don't want to risk getting sick.	Yo mpe liya mwa eloko, soki olingi  kozwa likama ya kobela te.
The game ended in a draw by threefold repetition of the position.	Lisano esukaki na libungutulu na mbala misato nyonso bazongelaki yango.
Seeing his wife's face covered in cucumber slices, he had a fit. Another victim of the killer cucumber!	Komona elongi ya mwasi na ye etondisami na bokilikili ya mayi ya mpondu, elingi koloba abundaki. Lisusu mozwi likama ya kokombre mobomi !
I felt relieved when all the problems were taken care of.	Nayokaki esengo makasi ntango makambo nyonso ezuaki biyano.
This guy is so useless they'll have to preserve him in formaldehyde when he dies.	Mobali oyo azali ntina te mpe esengeli kotiya ye na formol ntango akokufa.
You can find something better than England everywhere, while it is extremely hard to find the charms of France anywhere far from France.	Okomona bisika nyonso eloko ya malamu koleka Angleterre, kasi ezali mpasi makasi kokuka bisengo ya France mosika na France.
Mathis got up and went to get a second piece of cake.	Mathis atelemaki mpe akendaki koluka ndambo mosusu ya gato.
I thought my girlfriend was normal, but it turns out she was a succubus!	Nakanisaki ete moyebani ya ngai ya mwasi azalaki malamu, kasi esalemi ete azalaki ndoki, mwasi ya butu.
Why would you want to share this kind of information with people you barely know?	Ntina nini olingi kokabola nsango ya lolenge loye na bato oyebani na bango kaka sikoyo?
All weekend, I waited for an important call.	Nsuka ya mposo mobimba, nazelaki mbela moko ya motuya.
When I was studying at university, I always pulled all-nighters before exams.	Ntango nazalaki moyekoli na Université, nazalaki kotanga butu mobimba yambo ekizame esalema.
If the medicine isn't working, maybe we should increase the dose.	Soki nkisi ezali kosimba te, ntango mosusu esengeli tobakisa dozi.
Believing that a computer program can correctly translate a letter from one natural language into another is wishful thinking.	Kokanisa ete masini ekoki kolimbola monkanda oyo ekomama na nkota songolo na nkota mosusu ezali ndoto.
As chance was, for once, kind to Ethan, it led Maria to find the unsent love letter he had written her.	Lolenge mokolo wana Ethan alamukaki malamu, akutaki  monkanda ya bolingo oyo akomelaki Maria kasi atindelaki ye te.
He forgave his sister.	Alimbisaki ndeko na ye ya mwasi.
He's hurrying to catch up on lost time.	Akeyi na lombango koluka kokokisa ngonga oyo alekisaki.
I assure you that honesty pays off in the long run.	Nakoyebisa yo ete bosembo efutaka na ngonga molayi.
Manage on your own, don't rely on anyone (as the hen says: peck with your beak, there's no breast to suckle).	Misalisa, kotalela moto te (Lolenge soso alobaka: beta monoko, kasi mabele te (ya komela).
It's observed that in France, most often, music critics are deaf and art critics are blind. This allows them the contemplation necessary for aesthetic ideas.	Tomonaka na France, mbala mingi, ete baoyo batongaka miziki bakufa matoyi mpe baoyo batongaka ntoki bakufa miso. Yango nde esungaka bango bamanyola malamu makanisi ma estetike.
Listen, watch, and don't move.	Yoka, tala mpe koningana te.
He himself finds himself at the height of the fighting. He sees dark Memnon, from his fiery lands, leading his dark warriors.	Ye moko azali na mozindo ya bitumba. /Amoni Memnon moindo ya bizaleli na ye ya makasi / komema babundi na ye ya moindo.
I'm off to fly to New York or some other destination.	Nazali kopimbwa na New York to esika mosusu.
"You are here to follow my orders." "In your dreams, buddy!"	"""Bozali awa mpo na kolanda mibeko na ngai."" ""Ozali kolota, moninga na ngai !"""
The discussions between the employees and management did not lead to any clear outcome.	Masolo ya basali na bakonzi ekopesa litomba ya malamu te.
I don't manage their company.	Nakambaka kompanyi na bango te.
Stop being so slow-witted, damn it!	Tikaka kozalaka zoba bongo!
At the very end of the roads there are four or five small villages. They are scattered over the mountain slopes in oak forests.	O kati ya nzela ya kitoko, mboka minei to mpe mitano izali. Bapanzanaki likolo ya ngomba ya zamba ya chêne.
China swept away the remnants of British imperialism in 1997 with the handover of Hong Kong. In the future, it will rid itself of the American imperialist presence by strengthening its military presence in the Far East.	Ekolo Chine ekombolaki ndambo oyo etikalaki ya lokoloni ya ekolo Grande-Britanye na mobu 1997 ntango abotolaki Hong-Kong. Mikolo mizali koya, akobengana lokoloni ya ekolo Amerika na komatisa ma mapinga ma ye na Extrême-Orient.
Dick handed me the photo.	Dick apesi ngai foto.
Isn't it time, guys, to bury the hatchet and forget the past?	Ntango ekoki te, baninga, ya kokunda mopanga ya etumba mpe kobosana maye malekaki ?
I'm sorry to disturb you while you're talking.	Mawa na ndenge nazali kotungisa yo ntango ozali kolola.
She had a well-shaped figure, a knee-length skirt, high heels, the sweet and cheeky look of a girl becoming a young woman.	Azalaki elenge mwasi na nzoto kitoko, jupe ya mwa mokuse, sapato ya likolo, azalaki na elongi ya kimya mpe ya elenge mwasi oyo akoli.
Do you mind if I open the window to let the smoke out?	Nakoki kofungola lininisa mpo ete milinga ebima ?
This lovely baby is the fruit of their passion.	Bebe oyo ya kitoko azali mbuma ya bolingo na bango.
John and Sue finally decided to cut the apple in two.	John mpe Sue bayokani bakata pome na biteni mibale.
I fear for the future of the human race.	Nazali kobanga na oyo etali lobi na biso bato.
If I told you, I'd have to kill you.	Soki nayebisi yo, esengelaki naboma yo.
Mike has a friend who lives in Chicago.	Mike azali na moninga moko oyo azalaka na Chicago.
He was born to a Jewish mother and a Muslim father, which helped him a great deal in cultivating a certain open-mindedness.	Abotami na mama moyuda mpe na tata musuluma, yango esalisi ye mingi mpo ete azala na molimo ya kofungwama.
It's the church where Blake is buried.	Ezali Eklezia oyo bakundaki Blake.
Martha is an excellent pianist.	Martha azali mobeti monene ya piano.
If I knew how to draw well, I'd paint pictures in the style of "Where's Waldo?" but without Waldo.	Soki nayebaki kosala liyemi, nalingaki nazwa bilili lolenge ya « Charlie azali wapi ? », kasi Charlie azali te.
Mierscheid deserves the Nobel Prize for his discovery of the correlation between crude steel production in West Germany, in millions of tons, and the SPD's election results, in percentage of votes.	Mierscheid asengeli kozwa mbano mpo na bobomboli na ye ya bomoko kati ya bosali ebende na Alemani ya westi na bamiliyo ya toni mpe etalisi bilembo ya maponami ya SPD na mituya ya mingongo.
You're looking for a suit? For what occasion?	Bozali koluka kazaka? Mpo na ntina nini ?
Above all, it remains to be proven that reducing working hours creates new jobs.	Likolo ya nyonso, esengeli koyeba ete kokitisa ngonga ya mosala ekobota misala ya sika.
What can you learn from a dog? That when loved ones come home, you should always run to greet them.	Okoyekola nini o nzela ya mbwa? Ntango nyonso balingani bakokoma na ndako, esengeli ntango nyonso kokima mbangu mpo na koyamba bango.
I have fond memories of this place.	Natikali na makanisi ya malamu ya esika oyo.
She's not the kind of girl you imagine.	Azali lolenge ya bilenge basi oyo ozali kokanisa te.
That's not quite accurate. In fact, it's completely wrong in many cases.	Ezali mpenza bongo te. Ezali kutu na makambo mingi na ndenge wana te.
The law on the transfer of oversight obligations for beef labeling was passed under a different name.	Mobeko mpo ya botindi mibeko ya mokengeli lolenge ya kotiya elembo ya ngombe endimamaki na nkombo mosusu.
Darn, I missed the train again!	Zut, nazangi lisusu engunduka.
Don't call the cops, man!	Kobenga bapolisi te, ndeko !
Dreadful night! Alas! Of these horrific scenes, who could recount the tragic horrors? What eyes could shed tears enough for this disaster?	 Butu ya nsomo! Mawa ! Na maye makobangisa/nani akoki  kokanisa maye ya mabe? /Miso nini ekolemba te kolela maye ya mpasi esalamaki?
You say I know him well, but actually, I was only introduced to him last week.	Olobi ete nayebi ye malamu, kasi na bosolo,  balakisaki ngai ye na mposo eleki.
Shut up and listen, kid.	Kanga monoko mpe yoka, elenge.
Just imagine what he must have gone through to get where he is today.	Kanisa moke mpasi amonaki mpo ete akoma esika azali lelo.
Society keeps changing its face more and more.	Esika ya mosala ezali kokoma ya sika ntango na ntango.
Jennifer is fighting.	Jennifer azali kobunda.
You have to attack opinion with its own weapons: you don't shoot bullets at ideas.	Esengeli kobunda na maye mazali kolobama na mandoki na ye: babetaka makanisi masasi te.
Frank mainly studied sociology at university.	Frank atangaki mingi mpenza sosiolozi na université.
The subcontractors say that after completing all the work required under the specifications, Jules flatly refused to pay their invoices, or only paid them a third of the amount they had billed.	Baye batali makambo ya mbongo balobi ete, nsima ya bosilisi misala engebene na mikanda ya charges, Jules asengelaki koboya kofuta bafactures to mpe asengelaki kofuta kaka ndambo ya mbongo eye basengaki ye.
Did you guys sleep together?	Bosilaki kopesana bipwepwe, bandeko mibali ?
If you ask a woman what her favorite brand is and she answers with a chocolate brand, it means she's Belgian!	Soki otuni mwasi nkombo ya eloko oyo alingaka makasi koleka, mpe soki ayanoli yo na nkombo ya shokola, elingi koloba ete azali belge !
Europe must confront the problems posed by its aging population.	Eropa esengeli eluka kolonga mikakatano oyo bobange ya bato ba ye bazali kotuna.
The rain pattered gently on the roof of the cabin.	Mbula ebandaki kobeta malembe malembe likolo ya motondo ya ndako ekie.
Jonathan Swift would defend me.	Jonathan Swift akobundela ngai.
After knocking about, both in France and in America, he decided to settle in an isolated village in Roussillon.	Nsima ya kokosa mokonzi na ye ya mwasi na France to na Amerika, azuaki mokano ya kokende kofanda na mboka moko ebatama ya Roussillon.
We're going to have to double our budget for next year.	Esengeli tomatisa mbala mibale misolo na biso mpo na mobu mozali koya.
Some years, just like certain poets, certain politicians, and certain beautiful women, stand out with a renown that goes well beyond the ordinary, and 1929 was clearly such a year.	Mibu misusu, lolenge moko na bakomi ntoki misusu, bato ya politiki misusu mpe basi misusu ya kitoko, bayebanaka o nzela eye ezalaki ya moto nyonso te, mpe mobu nkoto moko nkama libwa na ntuku mibale na libwa (1929) ezalaki polele mobu mona.
The terrorist "state" that Western secret services manipulate to destroy secular, sovereign states is an opportunity for this racist and colonialist system to thrive.	"""Ekolo"" ya bobangisi oyo basali ya misala ya sekele ya mboka ya Eropa basalelaka mpo na kobebisa bikolo laiki mpe ya bosomi ezali eposa mpo na bakaboli langi ya bato mpe bato oyo batondi mposa ya kokonza mboka misusu bafuluka."
They emptied bottles of Bordeaux wine into the gutter in front of the television cameras, shouting slogans against France for refusing to join the war in Iraq.	Basopaki milangi ya vino ya Bordeaux o kati ya talase liboso ya bapanzi nsango, mpe babandaki koganga mpe kobwaka bibwakela na France zambi eboyaki bitumba na Iraki.
The common man regards religion as true, the wise man finds it false, and rulers find it useful.	Moto motawu amonaka losambo ezali bosolo, moto ya mayele amonaka yango mabe, mpe bakonzi bamonaka ntina na yango.
"But you, if I serve you, O generous Trojans! If I save your lives, let mine be spared!"	""" Kasi bino, soki nasaleli biso, ô baTroyens ya mitema malamu ! / soki nabikisi mikolo na bino, babikisa mpe ya ngai. """
I'm sorry to hear that you called my house yesterday while I was out.	Bolimbisi, nayoki ete obengaki na ndako na ngai lobi kasi nazalaki te.
Barry Taylor's name was put forward for the position of president.	Nkombo ya Barry Taylor etiamaki liboso mpo na kiti ya bokonzi.
I realized the rumor was well-founded.	Nasosoli ete nungunungu ezalaki ya solo.
If you were a spy trying to pass yourself off as a native and you said it that way, you would probably get caught.	Soki ozalaki monongi oyo azalaki komimonisa lokola mwana ya awa na lolenge oyo, ekoki kosalema bakanga  nde yo.
You can't call the smell of this perfume a fragrance, because it stinks!	Tokoki kobenga nsolo oyo malasi te mpo ezali nsomo mabe.
You're wrong to think that he's mistaken.	Ozali komikosa ntango ozali kokanisa ete asali mabe.
No autopsy was performed.	Bopasoli ebembe ata moko esalamaki te.
The customer pushes the door open and enters the shop.	Mosombi biloko atindiki ekuke mpe akoti kati ya butiki.
Don't move for a moment while I fix your tie.	Koningana ata moke te ntango nazali kobongisa kalavati na yo.
I'm glad the rain has stopped.	Nasepeli ndenge mbula esili.
Have you noticed how the elementary school kids have grown lately?	Omoni ndenge mikolo oyo eleki bana ya kelasi ya yambo bakoli ?
Elena is the tallest girl in the class.	Elena azali mwana-mwasi ya mokolo ya kelasi na ye.
It's already been six months since I met Louise.	Nsanza motoba eleki uta nayebani na Louise.
What happened to make you laugh like that?	Likambo nini esekisi yo boye?
Noah's favorite actress is Ellen Page.	Mosali ya bilili (film) oyo Noah alingaka koleka ezali Ellen Page.
"Fear neither Celaeno nor her empty threats, nor those tables which your hunger must one day devour; fate will help you; count on fate; count on the favor of Apollo, who inspires me."	"""Kobanga Céléno, to matumoli na ye te, /ata mesa iye nzala na yo ekolia mokolo moko ;/ nzambe akosunga yo, talela ye; / tiya kondima na yo na ngolu ya Apollon oyo apesaka ngai mayele. """
"Don't you smell something burning?" "Oh, I stepped away and burned the toast."	"""Ozali koyoka nsolo ya kozika te?"" ""Oh, nazongaki mpe toast eziki na nsima."""
I doubt everything, including my own doubts.	Natiaka ntembe na nyonso, ata na oyo etali ntembe na ngai moko.
One of the biggest problems in our modern society is that people don't see the world the way I do.	Likambo moko ya mpasi na mokili na biso ya lelo, ezali ete bato bazali komona mokili lolenge ngai nakomona yango te.
Do you prefer cute guys or classy guys?	Osepelaka na mibali ya kitoko to na ba oyo ya kelasi ?
We are not open for Thanksgiving.	Tofungolami te mpo na Thanksgiving.
It's been ages! We finally meet again.	Mwa mikolo eleki ! Nsuka nsuka tokutani lisusu.
Meteorologists are people who know an enormous amount about geophysics, thermodynamics, and climatology, but who know almost nothing about what the weather will be like tomorrow.	Bato ya meteyolozi bazali baye bayebi mingi mpenza makambo matali géophysique,  thermodynamique mpe climatologie, kasi bayebi ata moke te mokolo mwa lobi ekozala lolenge nini.
You should retake the test. The result may have been a false positive.	Esengelaki osala lisusu ekizame. Ntango mosusu eyano ezali ya lokuta.
Take the opportunity to thank her.	Salela eposa oyo mpo na kopesa ye matondi.
You must not give up, you can succeed. I place my trust in you.	Esengeli kotika te, bokoki kolonga. Namitiki na maboko na bino.
My husband earns $100,000 a year.	Mobali na ngai afutamaka 100 000 dolar na mobu moko.
All sweaters of this type are out of stock right now. We'll order some from the main store in Tokyo.	Bilamba ya malili ya lolenge oyo bisili nyonso na ngonga oyo. Tokosenga batindela biso misusu na babutiki ya monene na Tokyo.
A self-proclaimed democrat who is lucky enough to live in a democracy, but who constantly curses politicians without ever getting involved in politics himself, has most likely not understood the word "Democracy."	"Moto oyo amibengi mondimi mwa demokrasi mpe azui ngolu ya kobika kati ya demokrasi, kasi ntango nyonso akonyonga na nkombo ya bato ya politiki, mpe amikotisi ye moko na politiki te ye, asosoli mpenza malamu te ntina ya liloba ""demokrasi""."
The tabloids claim that the killer cucumber sodomized the mad cow.	Bazunale ya mabe izali koloba ete kokombre ya mobomi esangisaki nzoto na ngombe ya liboma na nzela ya nsima.
Marie wanted a tattoo that would mean "Love and Fidelity," but it actually means "Foreign idiot" in Chinese.	"Marie alingaki nzoloko oyo elobi ""Bolingo mpe bosembo"" kasi na monoko ya bato ya Chine ndimbola na yango ezali ya solo ""Zoba ya mopaya""."
They want to increase food production by growing new species of rice.	Balingi komatisa motango ya bileyi na nzela ya lolenge ya boloni loso ya sika.
Imagine if every time someone made a grammar mistake, all we could say was "Syntax error," and leave them to figure it out on their own.	"Ekozala nsomo soki ntango nyonso moto akosala libunga ya gramere, tokoyanola ye kaka ""libunga ya sentaksi"" mpe totiki ye abunda na yango bongo."
Government departments and institutions should seek public feedback in order to assess and improve their level of collaboration and identify new opportunities for cooperation.	Misala ya Leta mpe mangomba basengeli kozwa makanisi ya bana ya mboka mpo ete bamona mpe babongisa lolenge ya kosala elongo mpe komona mabaku ya sika ya bolendisi bondeko.
We can never thank William Christie enough for making it possible, after more than three centuries, for certain arts to flourish again in France.	Tokozanga maloba ya kotonda William Christie te na ndenge apesaki nzela, nsima ya bileko misato, na misala miyike ya ntoki mingenga na France.
He is the manager of the marketing department.	Ezali Manager ya departema ya marketingi.
The clown was making a funny face.	Klown atyaki elongi ya kosekisa.
You'll get a new watch for your birthday.	Nakopesa yo ntango ya sika na mokolo ya mbotama na yo.
Some groups have the equipment but don't know how to use it.	Mangomba mayike mazali na bikipema, kasi bayebi lolenge ya kosalela yango te.
It costs more to mint a penny than the penny itself is worth.	Kosala mbongo eleki mbongo yango moko na ntalo.
Prepare your men. We leave at dawn.	Bobongisa bato na bino. Tolongwa na ntongo makasi.
At eight o'clock I'll need to set off. Otherwise, I'll get to the bus stop too late.	Na ngonga ya mwambe, esengeli nazala na nzela. Soki boye te, nakokoma nsima na esika bazuaka bus.
Marie pretended to have a headache to avoid answering her cousin's questions.	Marie akosaki ete azali na moto mpasi mpo ayanola mituna ya ndeko na ye ya mwasi te.
In 1912, the Austrian tailor Franz Reichelt died jumping from the first level of the Eiffel Tower to test his new invention, the parachute suit, which didn't work...	Na mobu 1912, motongi bilamba ya mboka Autriche Franz Reichelt akufaka na kopumbua wuta étage ya yambo ya Tour ya Eiffel zambi azalaki komeka kazaka ya parachute eye asalaki, kasi ezalaki kosala te...
They're all a bunch of damn lunatics.	Bazali bango nyonso bato ya liboma.
I'm sorry you didn't sleep well.	Nayoki motema mpasi komona ete olalaki malamu te.
If we live to seek revenge, we'd better dig a grave for two.	Soki tozali na bomoyi mpo na kozongisa mabe na mabe, ekozala malamu kotimola lilita mpo na bato mibale.
Hey! I heard you're in a relationship now. Were you tired of your life as a stray dog, or of eating canned food?	Hé! Nayokaki ete ozalaki na ndako ya libala.  Olembaki bomoyi na yo ya kotambola lokola mbwa abungi nzela to olembaki  kolya bileyi ya manzanza ?
Call options give the right to buy a security at a certain price, called the strike price, on a given date. Put options give the right to sell.	"Nzela ya bosombi ekopesa ndingisa ya kosomba mokanda na ntalo moko boye, ebengami ""ntalo ya likolo"", na ngonga eye epesami. Eye ya boteki, epesaka ndingisa ya koteka."
It's technically illegal.	Ezali nde kobuka mibeko.
Gabriel will die in prison.	Gabriel akokufa na boloko.
You'll make her cry, whatever you say.	Okolelisa ye kaka, nyonso okoloba ezali mpamba.
Aaron killed Elizabeth.	Aaron abomaki Elizabeth.
The British people turned to a new leader: Winston Churchill.	Bato ya ekolo Grande-Bretagne baponaki mokonzi ya sika: Winston Churchill.
It seems incredible to me that at the time I hadn't foreseen what would happen.	Ezali kokamwisa ndenge na ntango ya kala, nalengelaki te makambo makokaki koya.
General partners are jointly and indefinitely liable for all of the company's obligations.	Basangani ya kompanyi moko basengeli, na bondeko mnpe kino suka, batiya maboko na mosala nyonso ya kompanyi.
Keep your papers in your inside pocket.	Tiya mikanda na yo na libenga na yo ya kati.
The French Revolution's aim was not only to change an old government, but to abolish the old form of society.	Mbongwana ya France ezalaki kaka te na mwango ya kolongola leta ya kala, kasi mpe komema etamboli ya sika mpo na mokili.
This guy is completely crazy!	Mwana mobali oyo baloka ye.
The handcuffed man headbutted the officer who was escorting him to his cell.	Moto batiaki minyololo abetaki likofi na policier oyo azalaki komema ye o boloko.
Flemish politician Bart De Wever is a real cancer in Belgian politics.	Mosali politiki Flamand Bart De Wever azalaki mbuma mabe na politiki ya Belgique.
I have a toothache in the back, on the left side.	Nazali na mpasi na lino ya nsuka, o loboko ya mwasi.
By the way, the fact that fish gills are bright red is due to the presence of many blood capillaries, just as there are in lungs.	Na yango, langi ya motane ya mbanga ya mbisi oyo ezali kongenga ewuti na misisa ya makila ya mikemike oyo ezali na kati na yango, lolenge ezalaka na lipululu.
Holly is jumping on the trampoline.	Holly azali kopimbwa likolo ya Trampoline.
He stood by my side every time I was in trouble.	Azalaki ntango nyonso mpene na ngai ntango nazalaki na mikakatano.
You only watch TV on Fridays.	Bokotala tele kaka mokolo ya mitano.
Anne is a cheerleader.	Anne azali pom-pom girl na ngai.
That guy's eyebrows are so bushy, he must surely be blind!	Ye oyo kuna nsuki ya miso eleki ebele, nalikei ete azali moto akufa miso.
I couldn't care less! Maybe even more so, come to think of it...	Etali ngai te lokola na mobu ntuku inei ! Ntango mosusu koleka, nsima ya kokanisa malamu...
The march didn't solve the problems of racism, neither in 1983 nor today.	Kokita na balabala mpe kotambola etikala kosilisa bokaboli langi ya nzoto ya bato te ezala na mobu 1983 to lelo awa.
I hope what you're eating is healthy.	Nalikei ete biye ozali kolya bizali peto.
A partner's intelligence holds no practical interest for women, only a reproductive, or even decorative, advantage.	Mayele ya mobali ezalaka na ntina moko te mpo na mwnasi, kasi tina na yango ezalaka bobele mpo na kobota, to lokumu.
She mentioned some cheap lodging I could look for.	Alobelaki esika ya bopemi ya ntalo moke oyo nakoki koluka.
Love does not kill love, but men kill love.	Bolingo ebomaka bolingo te, bobele bato nde babomaka bolingo.
Miki fell head over heels in love with a guy she had just met.	Miki akueyi bolingo makasi na mobali moko oyo awuti kokutana na ye.
When I heard the message, I wanted to cry.	Ntango nayokaki sango, nalingaki nalela.
There is a young girl in the lonely garden. The little Spanish girl, with her big eyes and long hair, her brown and golden skin, her red lips and rosy cheeks, the fourteen-year-old Andalusian girl, Pepa.	Ezali na elenge mwasi moko o kati na elanga. Elenge mwasi ya mboka Espanye, na miso ma ye ma minene pe suki molayi, loposo lya pembe pe wolo, bambembo ya motane pe matama ya langi ya rose, elenge mwasi ya sud ya espagne ya mibu 40, Pepa.
In Tokyo, the cold season begins in mid-November.	O engumba Tokyo eleko ya elanga ebandaka na kati-kati ya sanza na zomi na moko.
The police are combing through the video surveillance tapes following a burglary downtown.	Bapolisi batalaki na ekenge nyonso bilili bya kamera bwa bokengeli, sima boyibi esalema o kati ya engumba.
No way out, no means (neither door, nor door).	Nzela ata moko te, epusa moko pe te (ata ekuke te, ata ekuke te).
What a terrible time it is when madmen lead the blind.	Eleko moko somo wapi bato maboma bazali kotambuisa bato bakufa miso.
It was during a first brief jump that Yanis met Maria.	Ezalaki na saut ya mokuse ya yambo nde Yanis akutanaki na Maria.
Stop! Do not enter!	Stop! Kokota te!
She does a really good Mickey impression.	Azali komekela malamu penza Mickey.
For me, singing and dancing are especially important.	Po na ngai, koyemba na kobina ezali na tina makasi.
If you want to convince us, use different arguments.	Soki bolingi tondima bino, bosalela argument misusu.
He looks like someone searching who has no idea exactly what he really wants to find.	Azali lokola moto azali koluka kasi ayebi te eloko nini azali koluka.
Everyone insults you for your arrogant behavior, and yet you keep harassing people with your annoying comments.	Bato banso bazali kofinga po na ezaleli nayo ya lofundu, kasi ozali kokoba ntango nyonso kotumola bato na malabo na yo ya bosoto.
Happy Halloween!	Feti ya Halloween elamu!
At the time, Tony was in his mid-sixties and still able to work hard, but he had a brand-new truck, a new mower, a set of other equipment, and three people to help him.	Na ntango wana, Tony azalaki pene pene na bamvula tuku motoba, kasi azalaki nanu na makasi ya mosala. Azalaki na motuka ya sika makasi, masini ya sika ya kokata matiti, bisaleli bisusu pe bato misato ya kosunga ye.
"Thymoetes first — whether out of base treachery, or because the fate of Ilium so ordained, favoring the Greeks' treacherous scheme — at once insists that it be brought within our walls."	"""Thymète ya yambo, kozanga bosembo, / to mabongisa ya Nzambe pona bomoyi ya Ilion,/ Bata ba Grese bazalaki kopesa mabaoko na mokuta oyo ezalaki kosalema, / likolo lya bifelo bua biso o mbala moko alingi batanga kombo mua ye. """
Are you certain you've done everything you were supposed to do?	Ozali na tembe te ete osali manso osengelaki kosala?
On your marks, get set, go!	Bobongama, bozala ekenge, bokende!
More than a hundred robotics experts are urging the United Nations to act to prevent the development of "killer robots."	"Banganga mayele ya makambo ma robotike 100 koleka bazali kotya Lisanga lya Bikolo (ONU) panzi likolo mpo ete bapekisa kosala barobo baye bakoboma bato""."
The court of appeal upheld yesterday the injunction forbidding my husband from wearing my underwear.	Esambiseli ya bobyangi (Cour d'appel) endimaki lobi eleki mokanga mokopekisa mobali na ngai kolata bakiloti na ngai.
In winter, I would walk barefoot in the mud, blowing on my fingers, all red from the cold; you could see my thighs through my trousers.	O eleko ya elanga to Hiver nazalaki kokende makolo ngulu na potopoto pe kotiya mopepe na maboko manga zambi ezalaki motane penza; Okokaki komona mipende na ngai otei ya patalo.
Commerce, advertising, traffic — all these exchanges that make up the body of our world — had vanished.	Mombongo, publisite, trafike, mibongo nyonso oyo ezalaki kosala mokili na biso ezala, elimwaki.
This trial put an end to his political career.	Lisambisi eye esukisaki mosala naye ya politiki.
Machida is an interesting city with a mix of old and new things.	Machida ezali engumba kitoko oyo esangisi biloko bya kala pe biloko bya sika.
Without being a handsome young man, there was nothing about César that stood in the way of his being loved.	Ata ko azalaki elenge mobali ya kitoko te, César azalaki na eloko te na bomoto na ye oyo ekokaki kosala ete alingama te.
Sammy Davis was an excellent singer.	Sammy Davis azalaki moyembi monene.
A motel is similar to a hotel, but it's smaller and used mainly by people traveling by car.	Motel ezali lolenge moko na hotel, kasi ezali moke pe baye basalelaka yango ezali mingi bato baye basalaka mobembo na motuna.
Mom! Stop! You're making me uncomfortable!	Mama! Tika! Nasepeli na makambo ozosala te!
I hope you're joking.	Naliki ete ozali kosakana.
Some spiders are calm and let themselves be handled easily, while others are quite skittish and try to bite at the slightest touch.	Mampulututu misusu bazali kimya pe bamitikaka noki penza kosimbama, kasi basusu bazalaka na kanda pe bakomeka koswa soki olingi kosimba bango.
Instead of solving the problem, the company fired the whistleblower.	Esika ya kobongisa makambo, kompani ebengani moto oyo alobelaki likambo.
Of course, it's always when I'm far from any internet access that the server decides to go down.	Ezalaka kaka soki nazali mosika ya internet nde serveur ya internet ekufaka.
Here is my secret. It's quite simple: one sees clearly only with the heart. What is essential is invisible to the eye.	Sekele na ngai yango oyo. Ezali pasi te: Bamona malamu kaka na motema. Oyo ya motuya koleka emononoko na miso te.
There are thousands of languages throughout the world, but Esperanto is the only bridge to all those who speak them.	Ezali na bakota nkoto na nkoto o mokili mobimba, kasi kota ya esperanto ezali yoko gbagba komema epayi ya baye banso bakoloba yango.
For lion hunting: you buy a sieve and go into the desert. There, you sift the entire desert. Once the sand has passed through, what remains are the lions.	Po na koboma bankosi: bosomba kiyungulu pe bokende na esobe. Kuna, bolekisa esobe mobimba na kiyungulu. Tango zelo esili, bankosi nde bakotikala.
You must be aware of your family responsibilities.	Esengeli koyeba nini ezali mosala na yo pona na libota.
You never lose hope, do you?	Obungisi elikya ata mokolo moko te, hein?
I remember this song, it was on everyone's lips when I was in high school. It doesn't make us any younger, all this...	Nayebi nzembo oyo, ezalaki na minoko ya bato banso tango nazalaki na Lycée. Ezali kozongisa biso bilenge te makambo oyo...
You never lose hope, do you?	Bobungisi elikya ata mokolo moko te, hein?
I remember that man... He talked so much it was overwhelming! And his wife was just the same, she didn't know how to keep quiet...	Nayebi mobali oyo... Azalaki koloba lokola tshaku! mwasi na ye pe azalaki lolenge moko na ye, ayebaki kokanga monoko te.
On the Moon, there is a crater named after Albert Einstein.	Kuna na Sanza, ezali na lobwaku moko o kombo ya Albert Einstein.
You must go outside if you want to smoke.	Esengeli kokende libanda soki bolingi komela likaya.
Death takes many different forms, but the final result is always the same.	Liwa eyaka na nzela ndenge na ndenge kasi na suka mbuma na yango ezalaka kaka moko.
He knew how to recognize trouble when he heard it coming.	Ayebaki kososola ntango mikakatano bizalaki koya.
Among them I glimpsed Rask tied to a tree, while two lords, stripped bare like pagans, were pounding each other's bones with heavy punches.	Namonaki o kati na bango Rask yakokangama na nzete. Na ntango wana bamilord mibale, motakala lokola bapagano, bazalaki kobetana makofi na mikuwa.
You should take your car to Enzo's garage. He does rather good work.	Esengeli komema motuka na yo na garaje ya Enzo. Asalaka mosala malamu penza.
There is nothing more odious to a woman than caresses that are almost as ridiculous to refuse as to accept.	Ezali na eloko te ya mabe po na mwasi koleka bakarese oyo akoki konzima te pe koboya te.
Some kids play video games all the time.	Boko bana bazali ntango nyonso kobeta masano ya video.
You must not get off the train before it stops.	Esengeli te kokita engunduka yambo etelema.
The idea that God created Adam and then Eve from one of his ribs is a mistranslation of Genesis; "adama" simply means "earth," and his "rib" actually means "creature," without specifying sex...	"Likanisi ete Nzambe akelaki Adamu yambo akela Eva na moko ya mipanzi na ye ezali bemba ya limbola ya buku ya libandeli, ""Adamu"" elingi kaka koloba ""mabele"" pe ""mopanzi"" na ye ezali ""ekelamo"", kasi elobi te moto nani azali mobali to pe mwasi..."
Man spends his life dwelling on the past, complaining about the present, and fearing the future.	Moto alekisaka bomoyi na ye kokanisa maye maleka kala, koyimayima mpo na lelo, pe kobanga lobi.
Beyond this point, it is not permitted to take photos with a flash.	Koleka mondelo oyo, epesami te kokanga bafoto na flash.
Meeting others is an important element of human relationships.	Bokutani ezali ekolo ya motuya na boyokani o kati ya bato.
I can't tune the radio stations. The radio station selector button is broken.	Nazali kokota te kobongisa bastasyo ya radio. Esika ya kofina po na kopona bastasyo ya radio ebukani.
There was suddenly a period of terrible violence and hatred between whites and blacks.	Ekomaki mbala moko eleko ya mobulu pe ya boyinani kati ya mindele pe bayindo.
"Without you I am dying." "I'll come to your funeral."	« Soki yo te, nakokufa » « Nakoyaka na matanga na yo. »
He has lipstick marks on his cheeks.	Azali na bilembo ya rouge-à-lèvre na matama naye.
Miss Green asked me two questions.	Ndeko-muasi Green atunaki ngai mituna mibale.
Don't people tell you that you look like Audrey Hepburn?	Bayebisaka yo te ete okokani na Audrey Hepburn?
The unit commander gave the order to lay down arms.	Mokonzi ya Unite ya basoda apesaki mobeko ete batika mandoki.
I promise to bring it back right away.	Nalaki ete nakozongisa yango sika sika oyo.
The physical world appears to be the work of a powerful and good being, who was forced to leave the execution of part of his plan to a malevolent being.	Mokili ezali komonana lokola mosala ya moto moko ya nguya pe ya malamu, oyo asengalaki atika moto mabe kokokisa ndambo ya mwango naye.
Don't put the baby in the bag!	Kotiya mwana moke na sac te !
James Allison and Tasuku Honjo won the Nobel Prize in Medicine.	James Allison na Tasaku Honjo balongaki prix Nobel ya minganga.
If you think that it's at school, sitting in a chair, listening to a teacher, that one learns a language, then you're kidding yourself.	Soki bokanisi ete ezali nde na eteyelo, ofandi na kiti, koyokaka molakisi, nde bayekolaka nkota, na bongo bozali komikosa.
That builds muscle, soon you'll be able to crack nuts with your butt cheeks.	Ekomi makasi, kala te okobuka ndika na masoko.
Neil Armstrong was the first astronaut to walk on the moon.	Neil Armstrong azalaki moto ya yambo oyo atambola na sanza.
Bob hurried back home to watch the TV show.	Bob asalaki azonga nokinoki na ndako mpo na kotala émission na télévision.
Most employees expect a salary increase once a year.	Basali mingi bazelaka bamatisela bango lifuta mbala moko na mobu.
Shut up. Otherwise, you'll be fired.	Kanga yango. Soki te, tokobengana yo.
Gabriel was stoned.	Gabriel azalaki elema.
Who will take over our class when Mrs. Smith leaves the school?	Nani akokamata kelasi na biso ntango Mme Smith akolongwa na eteyelo?
It took us five minutes to cross the tunnel.	Ekamataki biso minuti mitano mpo na kokatisa nzela ya nse ya mabele.
During the Stalinist era, prisoners in concentration camps became slaves in the service of the State.	Na ntango ya Staline, bakangami oyo bazalaka esika moko bakomaka bawumbu na mosala ya Leta.
I missed going out with her and eating at our favorite restaurant.	Kobima elongo na ye mpe kolia na malewa na biso oyo tolingaki ezangaki ngai.
The truth is on the march, and nothing will stop it.	Bosolo ezali koya, eloko moko te ekotelemisa yango.
It took the detective six months to get to the bottom of this case.	Bolopoli esalaki nsanza motoba mpo na kotia polele likambo oyo.
The wise man is not the one who gives the right answers, but the one who asks the right questions.	Moto ya bwanya azali oyo apesaka biyano ya malamu te, kasi oyo atunaka mituna ya malamu.
The company provides service without a lunch break.	Kopani esalaka mosala na bopemi te na zanga.
Too bad for her! thought the young man, full of resentment, if she suffers, she'll have deserved it and will get her punishment!	Etali ye ! Elotoki mwana mobali oyo atondi na nkanda, soki anyokwami, ekokokana na ye mpe akozwa na etumbu na ye !
If a friend criticizes you with good intentions, you shouldn't just accept it gladly, but thank them as well.	Soki moninga moko atongi yo na makanisi ya malamu, na bongo koyamba yango kaka na esengo te, kasi tonda mpe ye.
The bullet passed five centimeters from my face.	Mbuma elekaki na ntaka ya 5 cm ya elongi na ngai.
I felt unwell and went to the hospital, but in the end it wasn't serious.	Namiyokaki mabe mpe nakendaki na lopitalo, kasi na nsuka ezalaki likambo ya makasi te.
The company recalled all its baby food that had been produced in July.	Kopani ebengaki biloko na yango nyonso mpo na mwana moke (bébé) oyo esalemaki na sanza ya sambo.
Thinking what we don't feel is lying to ourselves, in the same way we lie to others when we say what we don't think.	Kokanisa oyo toyokaka te ezali komikosa biso moko, na lolenge moko tozali kokosa basusu ntango tozali koloba maye tozali kobanza te.
You will tell the hussars to go last and burn the bridge, as I have ordered.	Yebisa basoda baleka bato ya nsuka mpe batumba gbagba, lokola napesi motindo.
Shut up. Otherwise, you'll be fired.	Kanga yango. Soki te, okolongwa mosala.
Everything you say can be held against you.	Nyonso bozali koloba ekoki kobalukela bino.
There lay his weapons, there stood his chariot; there, his proud hope wished to see the whole earth worship his power.	Wana nde esika mandoki na ye mazalaki, / Wana nde likalo na ye ezalaki; wana, elikiya na ye mpenza / alingi komona mokili mobimba kosambele bokonzi na ye.
When I saw my old friend again, whom I hadn't given any news to in ten years, he really gave me the cold shoulder.	Ntango namonaki lisusu moninga na ngai ya kala, oyo napesaki ba sango na ngai te eleki mbula zomi, ayambaki ngai malili mpenza.
Don't say I didn't warn you!	Boloba te ete nayebisaki bino te !
When you come into class, stand behind your chair and wait for the teacher to give the signal to sit down.	Soki okoti na kelasi, telema nsimaa ya kiti na yo mpe zela molakisi aloba ete ovanda.
Jules is recovering from his injuries.	Jules abandi kobika na ba mpota na ye.
Big cities have too high a potential for riots.	Bingumba minene bizalaka na eposa ya matomboki mingi.
The first two polar bears ever to set foot in Iceland were shot dead, after a five-hundred-kilometer swim. What a reward!	Ours mibale ya mpembe ya yambo baye bakomaki na Islande, babomaka bango, na nsima ya kotambola ba kilometele nkama mitano ya konana. Mbano ya kokamwisa!
If you read this book again, you will have read it three times.	Soki otangi lisusu buku oyo, okotanga yango mbala misato.
The panicked shouts and screams of the household and its excited guests made the confusion indescribable when it was discovered that hardly anything of the costly building could be saved.	Makelele mpe kolela ya koleka ya mabota mpe ya bapaya  na ye epesaki kilikili ntango bamoni sika ete ndako moko ya ntalo ekokaki kobikisama.
At first they rejected the proposal, but a pastor urged them to accept.	Na ebandeli, baboyaki likanisi yango, kasi mokengeli moko atindaki bango ete bandima.
Ten police officers were assigned to patrol this area.	Bapulusu zomi batiamaki na bobatelami ya etando oyo.
He apologized for not attending the party.	Asengaki bolimbisi ndenge akendaki na feti te.
The boy broke the window with a baseball last weekend.	Mwana mobali apanzaki kitalatala na balle ya baseball mposo eleki.
If you owe your banker a thousand pounds, you are at his mercy; but if you owe him a million pounds, he is at yours.	Soki ozali na nyongo ya Livres nkoto epa i ya banquier nayo, okomi ya ye, kasi soki ozali na nyongo na  ye yaba livres milioni mobimba, akomi na maboko na yo.
Jean and Pierre are crazy, they watch TV all day long.	Joanne mpe Petelo bazali maboma, batalaka television mokolo mobimba.
Although I don't have a university degree, I've achieved an extraordinary position at the Royal Swedish Academy of Sciences and can even take part in the decision on the Nobel Prize.	Atako nazali na lipolome ya université te, nazwaki ebonga ya likolo na Académie Royale des Sciences na Suède mpe nakoki ata kozala mpo na kozwa mokano na oyo etali prix Nobel.
My fiancée showed up unannounced and I felt embarrassed.	Mokango na ngai ayei na mpwasa mpe nayokaki nsoni.
Help, help, call a doctor, I beg you!	Lisungi, lisungi, bobenga monganga nabondeli bino !
One morning, Marie came to me. She was radiant, and on her gentle face there was something even more angelic than the joy of pure love. It was the thought of a good deed.	Na ntongo moko, Marie ayaki epai na ngai. Azalaki kongenga, mpe na elongi na ye ya boboto eloko moko ya koleka ya bangelus lokola esengo lokola bolingo ya solosolo. Ezalaki likanisi ya mosala malamu.
A lawyer's mission is to prove that his client is innocent.	Mosala ya molobeli ezali kotalisa ete moto na ye azali na mbeba te.
I hope my wishes can come true.	 Nalikei ete matombeli na ngai makokokisama.
A prisoner is more obsessed with the idea of escaping than his guard is obsessed with the idea of keeping him. So a prisoner should always manage to escape.	Mokangaki azalaka mingi na likanisi ya kokima koleka mokengeli na ye na makanisi ya kokengela ye. Na boye, mokangami asengeli ntango nyonso akoka kokima.
Bayard says he wasn't afraid of ghosts, but when he heard noises coming from the supposedly empty first floor, he scurried off without delay.	Bayard alobi ete abangaki bilima te, kasi ntango ayokaki makelele kobima na etage ya liboso oyo bakanisaki kozala mpamba, akimaki na lombango.
The woman who had previously been Minister of Energy was elected president on Sunday.	Oyo azalaki na ebandeli ministre ya energie, mokolo ya lomingo, aponamaki prezida.
None of Kylia's classmates liked her.	Ata moninga moko te ya kelasi ya Kylia alingaki ye.
Tight trousers are also called fitted. Skin-tight if narrow and form-fitting, not just short. They're also described as slim, stretched, or tailored.	Pantalon oyo ekangami balobaka ete esili kotiama mokaba. Collant soki ezali moke, kokanga nzoto, kaka mokuse te. Balobaka mpe moke, ebendama, babongisi.
The man I met yesterday was Mister Hill.	Mobali nakutanaki na ye lobi ezalaki mwana mboka Hill.
According to a Cornell University study, defendants with unattractive faces are 22 percent more likely to be convicted than those who are attractive.	Engebene na bolukiluki moko ya université Cornell, bafundami na elongi ya kobenda bokebi mingi te bato ntuku mibale na mibale likolo ya mokama bazali na konzo ya kokweyisama koleka baye bazali na bilongi ya bobendi bokebi.
The police contacted the FBI to help them find the criminal.	Pulusu ebengaki FBI mpo basunga bango na kokanga babomi.
The sign in the park said "Keep off the grass."	"Ekomamaki na etanda ya park ""Pasipalumu bapekisa""."
New York City police officers wear a dark blue uniform.	Pulusu ya engumba New York balataka elamba ya langi ya bule mohindo.
Before you can write data to a disk, you must first create a partition, then a file system on top of it, and finally mount that file system.	Yambo ya kotiya biloko na disque, esengeli yambo okabola yango, na nsima système ya lisanga ya nkasa na likolo, mpe na nsuka kotiya système ya lisanga ya nkasa.
In the oral exam, respond quickly, avoid what you don't know or know poorly, but above all show what you have mastered or know well.	Na momekano ya maloba, yanola mbango, kima maye oyebi te to oyeebi malamu te, kasi talisa polele maye oyebi malamu.
In the United States of America, there are collective syndromes that don't exist elsewhere, such as "Satanic Ritual Abuse" or "alien abduction," which are only "revealed" under hypnosis.	Na  États-Unis d'Amérique, boko makambo ya bato nyonso mazali maye mazwamaka bisika bisusu te, ndakisa « Abus Rituel Satanique » to « konetwama na ba extra-terrestres » mpe maye « mamonisami » kaka lokola na ndoto.
In the schoolyard, a kid fell down and started screaming like a pig having its throat cut.	Na libanda ya eteyelo, mwana moke ya mobali akwei mpe abandi koganga lokola nsombo bazali kokata nkingo.
A nail that sticks out will get hammered down.	Sete oyo eleki likolo ekobetama.
Sorrow is better than laughter, for with a sad face one can still have a joyful heart.	Mpasi na motema eleki koseka, zambi na elongi ya mawa okoki kozala na motema ya esengo.
I'm not disputing the facts you present, only the conclusions you draw from them.	Nazali kotia ntembe te na maye ozali kotalisa kasi bobele na maye ozali kosukisa.
Please knock before entering the restroom.	Tosengi na yo obeta yambo ya kokota na zongo.
We hope you will be able to join us at this seminar.	Tolikyi ete bokosangana na biso elongo na mateya maye.
I'm going to go buy a ticket, so please keep an eye on my bags for a minute.	Nakokende koluka ticket, na bongo nasengi yo, okengela saki na ngai minute moko.
She asked him questions, but he refused to answer.	Atunaki ye mituna, kasi aboyaki koyanola.
Is "OK" listed in the Robert dictionary?	"""OK"" ezwami na Robert ?"
He lives on the fringes of society.	Azali kobika engebene na lolenge ya bato te.
A daughter of the first Earl of Gowrie was courted by a young gentleman well below her in rank and fortune.	Mwana mwasi moko ya Earl na Gowrie ya yambo bazalaki kolula na elenge mobali moko oyo azalaki na nse na ye  na molongo mpe na mosolo.
While some came to meet their friends, others came to see them off.	Soki basusu bayei kokutana na baninga na bango, basusu bayei kotika bango.
Are you seriously thinking about pursuing a career as a race car driver?	Obanzi ya solo ete okosala mosala ya mokumbi mituka ya masano?
As I dream, the memories of my childhood and youth come back to me one by one, sweet, calm, smiling, like islands of flowers over this abyss of dark and confused thoughts swirling in my mind.	Wana ezali ngai kolota, mambi ma bomwana mpe ma bolenge ya ngai mazali kozongela ngai moko nsima na mosusu, bopolo, kimiya, nakosekaka, lokola bisanga ya fololo likolo ya makanisi oyo ya mozindo mpe ya mobulu maye mazali kotungisa bongo na ngayi.
You're seriously starting to bust my balls!	Obandi ya msolo mpenza kotungisa ngai !
The forensic technician found gunshot residue on the victim's hand.	Molukiluki ya mibeko akutaki  bilembo ya lisasi na maboko ya mozwi likama.
Roger Miller's father died when he was one year old, and his mother fell ill soon after. He was therefore sent to live with his uncle in Erick, Oklahoma.	Tata ya Roger Miller akufa na ntango ye azalaki na mobu moko mpe mama na ye abelaki kaka na nsima wana. Atindamaki kokende kovanda elongo na noko na ye Erick, na Oklahoma.
There's no way to confirm that he's alive.	Lolenge moko ya koloba ete azali na bomoyi ezali te.
Let's get out of here before the cops arrive.	Tolongwa awa yambo bapulusu ekoma.
Sami, a gay teenager, came out to his mother.	Sami, elenge moko pede, amitalisaki polele epai ya mama na ye.
I can't wait for spring to come so we can sit under the cherry trees.	Nazali kokimela ete eleko ya moyi eya mpo ete tokende kovanda na nse ya nzete.
This salesman kept persistently asking me to buy a car.	Moteki oyo atiaki molende ya kotuna ngai nasomba motuka.
To a bone complaining to a dog that wouldn't stop gnawing on it, the dog replied: Well, you're so tough, and as for me, I've got nothing else to do.	Na mokuwa moko oyo ezalaki komitungisa mpo na imbwa moko oyo azalaki ntango nyonso koliya yango, na boye ayanolaki: E bongo, yo ozali mpenza makasi mpe ngai, nazali na eloko mosusu ya kosala te.
The art of quotation is the art of those who don't know how to think for themselves.	Lolenge ya kotanga maloba ya basusu ezali lolenge ya baye bayebi kokanisa bango moko te.
Progress is a nice word. Its driving force is change. And change has its enemies.	Bokoli ezali liloba kitoko. Motele na ye nde mbongwana. Mpe bongwana ezali na banguna na ye.
Humor can be dissected like a frog, but the thing dies in the process, and the innards discourage anyone except the purely scientific mind.	Maseki ekoki kopanzana lokola ligorodo, kasi eloko yango ekufaka na lipaso mpe misopo ezongaka longola makanisi ya moto ya mayele.
I thought you had told me that you didn't know Nathan.	Nabanzaki ete olobelaki ngai ete oyebi Nathan te.
You should ask Arthur what happened.	Bonsengelaki kotuna Arthur maye malekanaki.
Our city's transportation problems are minor compared to those of capitals like London and New York.	Makambo ya bikumbi na engumba na biso mazali moke soki tokokanisi yango na bingumba mokonzi lokola Londres mpe New York.
An ambassador is an honest man sent abroad to lie for the good of his country.	Ntoma azali moto ya nsembo oyo batindaka mpo akende kokosa na mboka ya bapaya mpo na bolamu ya ekolo na ye.
Have you noticed that action movie heroes never seem to run out of ammunition?	Omoni ete bilombe ya ba films ya bitumba bamonanaka lokola bibundeli na bango bisilaka te ?
Could you put this bag somewhere else?	Okoki kotiya saki oyo epai mosusu ?
The police officer on duty sensed an old man approaching behind him.	Mokonzi ya pulusu na ngonga ya mosala ayokaki mobange mobali moko kobelema na nsima na ye.
Lucie had a ring on every finger of her left hand.	Lucie azalaki na lopete na misapi nyoso ya loboko na ye ya mwasi.
At the start of the twentieth century, many people thought Venus was a watery world. Now, in the twenty-first century, we know that Venus is a vast, hazy furnace.	nNa ebandeli ya ekeke ya tuku mibale, mingi bazalaki kobanza ete Vénus ezali mokili ya mayi. Sikawa, na ekeke ya ntuku mibale na moko, toyebi ete Vénus ezali etando monene ya molili.
This guy is completely out of it, what a nutcase!	Mobali oyo azali mpenza monene, oyo zoba !
The association between trolls and bridges has a long history that continues to this day in English popular culture.	Lisangana ya bikelamo ya kokamwa mpe gbagba ezali na lisolo molayi oyo ekei kino na mikolo ya lelo na momesano ya bato ya ngelesa.
It's about my husband, doctor; he's sleeping very badly.	Ezali mpo na mobali na ngai, monganga, azali kolala mabe makasi.
You must audition before you can join the choir.	Esengeli oleka na komekama yambo ya kokota na lingomba ya bayembi.
I beg you to wait until 3 p.m., when she will be back.	Nabondeli bino bozela kino ngonga ya misato nsima na nzanga, ngonga oyo akozonga.
I'm sorry you had to wait so long.	Natungisami lolenge ozeli ntango molayi.
I pulled out my gun and fired.	Nakamataki bondoki na ngai mpe nabetaki.
Jack isn't answering my letters.	Jack azali koyanola mikanda na ngai te.
I'm sorry to bother you, but there's a phone call for you.	Natungisami lokola natungisi yo, kasi bazali kobenga yo na telefone.
A few days ago, my girlfriend Sophie moved from Edmonton, Alberta, to Victoria, British Columbia.	Eleki mwa mikolo, moninga na ngai Sophie alongwaki Edmonton, na Alberta, mpo na kokende kovanda na Victoria, na Colombie-Britannique.
As a dog returns to its vomit, a fool returns to his folly.	Lokola imbwa azongelaka bisanza na ye, zoba azongelaka bolema na ye.
I wrote down his phone number on a scrap of paper.	Nakomaki numero na ye ya telefone na mwa lokasa.
We did our job trying to track him down, but he had enough money to stay on the run.	Tosalaki mosala mpo na komeka kozwa ye, kasi azalaki na mosolo mpo na kokima.
You can regret it all you want, but it won't do you any good now.	Okoki koyoka mpasi mpo na yango ndenge olingi, kasi ekosala yo bolamu ata moko sika te.
I want us to be sincere, and that, as men of honor, we speak no word that does not come from the heart.	Nalingi ete tozala nsembo mpe bato ya lokumu, toloba kaka maye mawuti na motema.
Someone tipped off the gang members that the police were watching them.	Moto moko akimisi baietonga na bokengeli na bango na pulusu.
Rita is Dan's daughter-in-law.	Rita ezali makango ya Dan.
You've already completely lost your composure and gotten worked up. Can't you wait a bit and calm down?	Uta kala kaka sikoyo obungisi nkonzo na yo mpe osilikaki. Okoki kozela moke te mpe ovanda kimiya ?
You need to buy a new suit to wear for your job interview.	Osengeli kosomba kazaka ya sika olata mpo na lisolo na yo ya kozwa mosala.
"Where did you go?" "I just came from downstairs." "What were you up to?" "I went to pee."	« Okendaki wapi ? » « Nawuti na nse. » « Ozalaki kosala nini ? » « Nakendaki kosuba. »
Blame is like the wind; if you see it, you feel it.	Pamela ezali lokola mopepe ; soki omoni yango, okoyoka yango.
I'm sorry to bother you, but there's a phone call for you.	Bolimbisi na motungisi, bazali kobenga yo na telefone.
Enter your name and address.	Kotisa nkombo na yo mpe esika na yo ovandaka.
You don't have the guts for it.	Ozali na lolenge elongobani mpo na yango te.
Yet it was not the perfect ensemble of beauty of that marble statue that had struck him so; it was the charms of that ravishing body that he glimpsed beneath that light gauze.	Ezalaki na yango bonzenga ya ekeko ya marbre nde ewutaki kobeta wana te ; ezalaki nde bonzenga ya nzoto ya kokamwisa oyo azalaki komibanzela.
A white lily is truly beautiful to look at.	Mbeto ya mpembe ezali mpenza kitoko na kotala.
You always leave the window open when you sleep.	Otikaka ntango nyoso loninisa polele ntango olali.
Sami married a young gay man.	Sami abali elenge mobali moko pede.
You know you're not allowed to be here. Get out!	Boyebi ete bopesameli ndingisa ya kozala awa te. Bima !
"Through the reefs, the wrath of the sea, we seek the fair lands promised by Jupiter: there peace awaits us; there our eyes, with joy, will see the walls of Troy rise again. Live on, preserve yourselves for days of happiness."	""" Kolekela mbonge, kanda ya ebale, / tozali koluka esika kitoko Jupiter alakaki : / kuna kimiya ezali kozela biso ; kuna miso na biso na esengo / makomona bitutu yaTroie kotelema lisusu. / Bobika, bomibatela mpo na mikolo ya esengo. """
Lieutenant Dan Anderson ruled out Linda as a possible suspect.	Lieutenant Dan Anderson andimi te ete Linda azali moto mabe.
I'm almost sure Nathan lives on Park Street.	Nandimi moke ete Nathan avandaka na Park Street.
I don't like going out to have fun, and I often stay home making coffee, and playing chess and the game of Go with my friends.	Nalingaka kokende kosakana te, mpe kotikala ntango nyonso na ndako kosala café, mpe kosakana lisano ya mabunga mpe lisano ya go na baninga na ngai.
"As he raised his eyes, animated by hope, stretching his hands to the sky: 'Jupiter!' said my father, 'if tears sometimes disarm your wrath, read our hearts, alas! and, if they are virtuous, confirm, out of pity, these happy omens!'"	"Ntango anetolaki miso ma ye na elikiya, / atombolaki maboko na ye likolo : "" Jupiter ! tata na ngai alobaki, / soki kolela ekitisaka ntango mosusu  nkanda nayo, / tanga na mitema na biso, kasi ! mpe, soki bazali na mabongi, / ndimisa, na mawa, bato oyo ya esengo ! """
You never forget to send your mother a birthday present.	Obosanaka kotindela mama nayo libonza ya eyenga ya mbotama te.
It is very important to wash your hands thoroughly after changing a baby's diaper.	Ezali na motuya mingi kosokola maboko malamu sima ya kobongola mwana elamba.
Please wait a moment and stay on the line.	Zila moke mpe kokende te, nasengi nayo.
If I have debts, I must pay back the full amount, including interest, roughly double.	Soki nazali naba nyongo, nasengeli kofuta yango na nyoso, ata mpe ba matabisi, pene pene na mbala mibale.
I hope I'll never have to do that again.	Nalikiya ete nakozongelaka oyo lisusu te.
Alpha, beta, and gamma are Greek letters.	Alpha, bêta mpe gamma ezali makoma ya baela.
There he will find an Egmont and an Orange, the valiant warriors of Emperor Charles, as wise in counsel as they are formidable on the battlefield.	Akokuta kuna Egmont mpe Orange, babundi ya mpiko ya mokonzi Charles, bayebi mpesa malamu toli na esika ya bitumba.
Louis is a gentleman who always keeps his composure.	Louis azali mobali ya solosolo oyo abatelaka tango nyoso kimya.
Take an empty glass and a large towel. Put the towel over the glass and say "abracadabra, three times black cat," and there you go... the glass is full!	Kamata kopo pamba mpe lisume ya monene. Tiya lisume likolo ya kopo mpe loba « abracadabra, mbala misato nyawu ya mohindo » mpe tala... kopo etondi !
Chronicle of a Death Foretold is a novel by the Colombian writer Gabriel García Márquez.	Chronique d'une mort annoncée ezali roman ya mokomi ya colombie Gabriel García Márquez.
I will tell you what you want to know.	Nakoyebisa bino maye bolingi boyeba.
"Calchas wants the sail unfurled at once: all our powerless arrows will be blunted against Troy if the Greeks, flying back over the waters to the walls of Argos, do not go seek fresh omens."	""" Calchas alingi ete tango kaka elamba ekozipolama : / bisika nabiso nyoso ya bolembu makokita na Troie, / soki, na bitutu ya Argos kopumwaka likolo ya mayi, / bayela bakoluka ba augures yasika te. """
I sincerely hope the surgery won't be too unpleasant and that you'll recover quickly.	Napanza ete lipaso ekozala mpenza mabe te mpe okobima nalombango.
Thomas was a contestant on the show Des chiffres et des lettres (Numbers and Letters).	Thomas azalaki canditat na émission yamitango mpe makomi.
We often played house music in the park.	Tozalaka kosakana mingi lisano ya house na libanda.
Don't leave me, at my death, with worry over your future; promise me you'll accept this stranger as your husband.	Bosalate ete nakufa nangayi nazala na mitungisi mpona lobi nabino ; laka ngayi ete okondima kozwa mopaya oyo lokola mobali ya libala.
We keep the Christmas ornaments and garlands in a box until next year.	Tobatela mbuma mpe bisalelo ya Noël nakati ya carton kino mobu mozali koya.
Maxime didn't want any of his friends to know he was a dealer.	Maxime alingaki te ete moninga naye ata moko ayeba ete azali motekisi biloko.
The last time I saw him, he was wearing a blue shirt and white pants.	Mbala ya suka namonaki ye, alataki simisi ya bule mpe pantalon ya pembe.
Since the experts have been unable to translate the ancient text, museum officials are asking the public to give it a try.	Lokola baye bayebi bakomaki nako limbola maloba ya kala te, basali ya musée basengi na bato nyonso bameka.
I believe it was Sophia Loren who gave me my first erection.	Nabanza ete Sophia Lauren nde atelemisaka nzoto nangayi mbala ya liboso.
Warm congratulations on your birthday, Mr. Poppins. Indeed, you turned 75 yesterday, didn't you?	Longoniya mingi mpona mokolo ya mbotama nayo, Mbutamutu Poppins. Na boye, okokisaki mobu tuku sambo na mitano lobi, boye te ?
One day, the boy disappeared without a trace.	Mokolo moko, elenge mobali abungaki kozanga kotika bilembo.
Here, an alert mind is required.	Awa basengi ekenge.
He was promoted to the rank of colonel two years ago.	Anetolamaki na molongo ya colonel eleki mibu mibale.
I'd really like to try to bring back my washing machine, which is still in Lyon, to Germany.	Nakosepela komeka komema machini ya kosokola bilamba ya ngayi oyo ezali kino sikoyo na Lyon na Allemagne.
Sabu became an FBI informant.	Sabu akomi monongi ya FBI.
Why doesn't your code work? First of all, stop coding sloppily, add some comments, and only then will I see what I can do for you.	Pona nini code nayo ezali kosala te ? Tika ko coder na makolo, tiya mwa maloba, mpe kaka sima nde nakotala nini nakoki kosala mponayo.
No one can escape their fate.	Mokote akoki kokima mwango naye.
If I were the restaurant owner, I would tell the staff to serve customers with a smile.	Soki nazalaki nkolo malewa, nalingaki kolobela basali ete basalela ba clients na esengo.
The questions threw the witness off balance.	Mituna mabulanganisaki motatoli.
Apparently, there's nothing that couldn't happen today.	Nakotala, elokomoko te ekoki kosalema lelo.
Some people would be willing to sell their own mother to get their hands on it.	Boko bakoselingwa koteka ba mama na bango pona kozwa yango.
Well, bravo!	Ah ebongo longoniya !
I'm sorry for being dressed like this.	Bolimbisi lokola nalati boye.
Sami was worried about how other people might react.	Sami amitungisaki na oyo basusu bakokaki kosala.
To be guaranteed to make money off teenagers, you have to release albums with titles in English!	Pona kozala na etingiya ete ekozwa eloko uta nabilenge, esengeli obimisa banzembo na mikonza na lokoto ya ngelesa !
All you're doing is trying to escape reality.	Nyoso ozali kosala ezali kokima bosolo.
"Oh, height of grandeur as well as misery! No, you do not see a lying shadow; yes, in spite of myself I live, and to suffer still."	""" O litondi ya bonene mpe ya mawa ! / Te, bozali komona elilingi ya lokuta te ; / hiyo, atako bongo nazali kobika, mpe pona konyokwama lisusu. """
Hmm, hmm!	Hum, hum !
I hope someone will see this.	Nalikya ete moto moko akomona yango.
Liliana is a girl's name and its common short form is Lili, though Iana is sometimes used, being the second part of the name.	Liliana ezali kombo ya bana basi mpe bokuse nango oyo eyebani ezali Lili, kasi Iana esalelamaka mpe ndango mususu, lokola ezali eteni ya mibale ya kombo.
Alan Turing, one of Britain's heroes of the Second World War, was chemically castrated by the British government, along with thousands of other people, because he was homosexual. He eventually took his own life.	Alan Turing, moko ya bilombe ya babritannique na etumba ya mibale ya mokili mobimba, bokulaka yaba ngelesa balongolaki ye kimobali, elongo na kiasa ya batu misusu, mpo ete azalaki homosexuel. Asukaki nako miboma.
American anthropologist Margaret Mead once said that you should never underestimate what a small group of dedicated people can accomplish.	Anthropologue ya america Margaret Mead asilaki koloba ete esengeli te kotala pamba oyo etonga moke ya bato baye bamipesi ekoki kosala.
There has always been a minority afraid of one particular thing, and a great majority afraid of the dark, of the future, of the past, of the present, of themselves, and of their own shadows.	Ezalaka tango nyoso na ndambu ya bato baye bazali kobanga eloko moko mpe bato ebele baye bazali kobanga molili, ya lobi, ya kala, ya sika awa, ya bango moko mpe ya bililingi nabango moko.
I did warn you, though, not to try to be clever with me.	Nakebisaki yo ete osalela mayele mabe na ngayi te.
It's a Pyrrhic victory. In a Pyrrhic victory, the winner loses more than he gains.	Ezali elonga na lolenge ye Pyrrhus. Na elonga na lolenge ya Pyrrhus, molongi abungisaka koleka ndenge azali kolonga.
Henry wants to see you.	Henry alingi komona yo.
Mathis is in a coma and the doctors aren't sure he'll survive.	Mathis azali na coma mpe minganga bayebi malamu te soki akobika.
Don't go telling other boys that you love them anymore, OK?	Kokende lisusu koyebisa bilenge mibali misusu te ete olingi bango, toyokani?
"What a Wonderful World" is one of my favorite songs.	« What à Wonderful World » ezali moko yaba nzembo nalingaka mingi.
No one ever sees another's affairs so clearly as the one whom they concern the most.	Moko te amonaka malamu makambu yabatu misusu koleka yaye moko.
Sami and Layla needed to regain their trust in each other.	Sami na Laylabazalaki na bosenga yakozongela boyokani nabango.
Today, I was supposed to study at the library, but I woke up around noon.	Lelo, nasengelaki kotanga na bibiliothèque, kasi nalamukaki na zanga.
Jim is the short form of James.	Jim nde bokuse ya James.
No wonder they turned down the offer she was making them.	Yakokamwisa ezali te nalolenge baboyi oyo apesaki bango.
Don't talk nonsense.	Koloba buzoba te.
They scoured the countryside searching for the victim.	Bakendaki koluka baye bzwamaki na likama.
Could you tell me the zip code for New York?	Okoki koyebisa ngayi code postal ya New York ?
I'm losing my teeth. I'm dying by degrees.	Nazali kobungisa mino nangayi. Nazali kokufa ndambu ndambu.
Alex would correctly describe the object and its color, even if he had never seen it before.	Alex akotalisa malamu eloko yango na langi nayango, ata soki nanu amona yango te.
I won't let anything bad happen to you.	Nakotika mabe ekomela yo te.
Sorry, my love, I'm stuck at the office again.	Bolimbisi bolingo nangayi, nakangami lisusu na mosala.
I would like to send this package to Japan by sea.	Nalingi kotinda liboke oyo na Japon nanzela ya mayi.
I don't like lying, but it seems necessary in some cases.	Nalingaka kokosa te, kasi emonanaka ya motuya ndango mosusu.
We need historians, to give an account of events; imperfect witnesses, who set forth their singular experience; novelists, to invent what has vanished forever: the present moment.	Esengeli baye batanga mambi maleka, pona kotalisa makambo ; batatoli baye babongi te, baye baboyi maye babikaki ; bakomi, pona kobimisa oyo elimwa libela : lelo ya mpwasa.
My aunt lives in New York.	Tata mwasi nangayi avandaka na New York.
I hope no one says that sentence to you.	Na banza ete moto te akolobela yo maloba oyo.
If Jason ever calls, tell him I'm not here.	Soki  Jason abengi ngayi, lobelaye nazali te.
At the hospital, the nurse read him most of his wife's letters.	Na lopitalo, monganga ya mwasi atangelaki ye mingi ya mikanda ya mwasi naye.
You... you have a nose... uh... a nose... a very big one.	Bino.... bozali na zolo moko... heu... zolo moko... monene penza.
I imagine that what I said isn't very clear, but it's the only way I have of explaining it.	Na banza ete oyo nalobi ezali polele penza te, kasi lolenge se moko nazali nayango yakolimbola yango wana.
At certain moments, I feel like ditching this job.	Na batango misusu, nazali na posa yakotika mosala oyo.
We still don't know if he really broke his leg. They're going to take an X-ray.	Naino toybi te soki solo abukani lokolo. Bakotala yango na radio.
In this line of work, you see the results right away.	Namosala oyo tomonaka na lombango mbano.
The second the mailman comes by, he rushes outside to grab his mail.	Kaka na tango momemi sango aleki, akeyi libanda mpona kozwa mukanda naye.
A kiss is the surest way to stay silent while saying everything.	Lipepwi nde lolenge ya malamu yako vanda nye mpe koloba nyonso.
"Who goes there?" the sergeant shouted in a hoarse voice.	Nani ekeyi kuna ? Sergent abelelaki namongongo makasi.
First of all, keep crime prevention firmly in mind! Before going out, lock the doors!	Na yambo, tiya na moto bobatelami na bobomibomi ! Yambo kobima, kanga molango !
You tell beautiful love stories.	Bozali kobeta lisolo malamu ya bolingo.
If you keep training, in a month you'll be a very good tennis player.	Soki bokobi kosala, na sanza moko okokoma mobeti tennis monene.
Are you able to jump over a chair from a standing position?	Ozali namakoki ya kopumbwa kiti moko wana ezali yo yako telema ?
Never cry over a man, because the only one who deserves your tears will never make you cry.	Kolelaka te mpona mobali jambi oyo alongobani na mpizoli nayo akotikala kolelisayo te.
There is no country on earth where love has not turned lovers into poets.	Ezali na mboka moko te na mokili wapi bolingo ekomisaka bakwelani bakomi ya ntoki te.
This company's goal is to earn the trust and respect of our customers.	Makambo companie oyo ezali kolanda ezali ete tokoma nakozwa etingiya mpe limemiya yaba clients na biso.
Laughter and joyful shouts rose up from every side.	Koseka, koganga na esengo ezalaki kowuta bipayi binso.
More than seven years ago, the United States was pursuing al-Qaeda and the Taliban with broad international support. We didn't go there by choice, we went there out of necessity.	Eleki mobu sambo, Etats-Unis ezalaki kolanda  al Qaeda mpe Talibans na simbisi monene ya bikolo misusu. Tokendaki nabolingi te, tokendaki mpo ezalaki ya motuya.
Hey, what happened?	Hé, nini esalemaki ?
I don't know any blind person.	Nayebi mutu ya lolanda ata moko te.
No sooner had he spotted the chicken's silhouette than, without a moment's hesitation, he drew his gun before blasting away.	Kaka na tango amonaki soso, ete moko to mosusu te abongisaki mopanga naye.
I'm calling on behalf of Mister Simon.	Nabengi na kombo ya Mbutamutu Simon.
Don't act like you don't know how to dance!	Kosala lokola obungikobina te !
I bet you anything he won't make it.	Napesi yo lokasa na ngayi akokoma te.
Sentient beings, throughout the whole Galactic Empire, could send telepathic messages across great distances.	Baye bazalaka na mayoki mingi, na bokonzi Galactique mobimba, bakokaki kotinda basango na bongo naba ntaka milayi.
Wait, don't shoot each other!	Bozela, bomiboma te!
He got tired of playing devil's advocate and now accepts every idea they propose, no matter how foolish it is.	Alembaki kozala molobeli ya satana mpe sikaawa ndima makanisi nyoso azali kopesa, ata soki ezali yabolema.
I couldn't go out because of the heavy rain.	Nabimaki te mpona mbula makasi.
Lisa criticized Marc for often lumping everything together.	Lisa apamelaki Marc lolenge yakotiaka makambo nyoso elongo.
What are the first five letters of your email address?	Baletele mitano ya liboso ya adresse email na yo ezali nini?
I hope there will be a subway station here in the future.	Nabanzi ete etemelo ya métro ekozala awa na mikolo mizali koya.
During his term, many new laws were enacted.	Na mikolo ya mosala na ye, mibeko mingi ya sika mibimaki.
Would it bother you to give me a little help with some problems I'm having?	Ekotungisa yo kosunga ngai na boko makambo nakutanaka na yango?
Did you really leave your car unlocked with the keys in the ignition?	Otikaki solo motuka mwa yo polele na fungola elongo?
You must carry out your plans.	Bosengeli kokokisa miango mya bino.
Opinion is something by which I try to explain why everyone should think the way I do.	Likanisi ezali eloko oyo nazali komeka kolimbola mpo na nini bato  basengeli kokanisa lokola ngai.
How little we know, we realize, when our children start asking questions.	Toyebaka bobele moke, tokomaka na kososola yango ntango bana na biso babandaka kotuna biso mituna.
A learned woman is looked at the way one looks at a fine weapon: she's a curiosity piece, shown off to onlookers.	Batalaka mwasi ya mayele mingi lokola basalaka na bondoki ya bonzenga: ezali eteni moko ya bilo, oyo batalisaka bato ya bokebi mingi.
Ha ha ha! Do you want to kill every fly?	Ha ha ha ! Olingi koboma nzinzi nyonso ?
As long as I breathe, I hope.	Ntango nazali kopema, nazali na elikya.
The empty stare of dolls' eyes has always frightened me.	Etaleli ya miso ya bana popi ebangisaka ngai.
"Sorry, did I ask an inappropriate question?" "No, not at all." "Then why aren't you answering?"	"""Nayoki mawa, natunaki motuna mabe ? » «Te, ata moke te. """"Bongo mpo na nini ozali koyanola te ? »"
Leave your message after the beep.	Tinda nsango na yo nsima ya bip.
Forgive me for being frank; I don't like the look of your face.	Limbisa ngai mpo na kozala na bosembo; nazali koyeba yo lisusu te.
I had barely been waiting a minute when he arrived.	Nazalaki kozela mpene ya munite moko ntango ye akomaki.
This guy is really sexy.	Mobali oyo azali na nzoto.
I hope the ship won't sink in the storm that's coming!	Nalikei ete masuwa ekozinda te na mbonge ezali koya !
You'll see, one day, you'll find love.	Okomona, mokolo moko, okozwa bolingo.
Jules felt under pressure to find a way to solve the problem.	Jules azwamaki na mikakatano mpo na koluka nzela ya kozua eyano na likambo.
It's a battlefield. Only one rule: survive.	Ezali elanga ya bitumba. Mobeko se moko: kobika.
Seeing his charming face relaxes me.	Komona elongi na ye ya boboto ezali kosepelisa ngai.
This is the second article in the series on graft infrastructure.	Oyo ezali monkanda ya mibale ya makambo etali boyangeli misala ya oyo batiaka na etape.
Apparently the new guy in the class next door is really good-looking.	Ekoki kozala ete mwana ya nsima ya kelasi ya mpembeni azali kitoko makasi.
Nick looks down on anyone who comes from the countryside.	Nick azuaka bato bawuti mboka lokola bato mpamba.
If God has blessed racist and colonialist states and regimes, would that also mean he cursed the Vietnamese, Black South Africans, Iraqis, Afghans, the Vietnamese, and Palestinians?	Soki Nzambe apamboli mboka na boyangeli iye ikabolaka lomposo, yango elingi koloba alakela bavietnamien, bayindo ya Afrique du sud, ba Irakien, ba Afgan, ba Vietnamiens na ba Palestinien mabe ?
Close your eyes, son, you'll soon be sleeping peacefully.	Kanga miso, mwana, okoumela te kolala mpongi ya kimya.
It's a brilliant, lively political essay.	Ezali mokano kitoko ya politiki, elongolami.
I've known Jim since I was a child.	Nayebi Jim uta bomwana na ngai.
Unconcerned with the past, hardly satisfied with the present, we want to guess the future.	Lobanzo te na maye maleka, kosepela te na maye ya lelo, tolingi kokanisa maye makoya lobi.
Her skill came from a surprising innate talent, not from years of practice.	Maloba na ye ezali likambo ya mbula ebele ya kosala te kasi  likambo ya kokamwa uta mbotama na ye.
I'm listening to a Harry Potter audiobook on the portable player I just bought.	Nazali koyoka buku ya Harry Potter na ladio (fono) nauti kosomba.
You can see on his face that he is sad.	Elongi na ye ezali kolakisa ete azali na mawa.
From there the divine fire, to guide us, no doubt, / follows its brilliant path toward the forest of Ida, / extends its radiant trails through the air, / casts off a smell of sulfur, and vanishes from our sight.	Na kuna moto ya bonzambe, oyo ezali kolakisa biso nzela, ya solo, / epai na zamba ya Ida ezali kolanda nzela ya kitoko, /ezali kotindika mwinda na likolo, / ezali kopesa solo ya soufre, mpe ezali kolimwa na miso na biso.
"When I hear the word 'culture', I reach for my revolver."	"Ntango nayokaka nkombo ya ""zebi"", nabimisaka revolver na ngai."
I hope you know that the last thing I want to do is hurt you.	Nabanzi ete oyebi eloko ya nsuka oyo nakoki kosala ezali kozokisa yo.
That's the ugliest snowman I've ever seen.	Oyo azali moto moko ya mabe koleka na baye banso namona.
When did the episode air?	Epizodi yango eleki mokolo nini ?
Noah is all the more pleased with his situation because he's proud not to have had to ask anyone for help.	Noah azali na esengo na oyo ekomeli ye mpo asengaki lisungi ya moto te.
If you're not out of the shower within five minutes, I'm cutting off the hot water!	Soki na miniti mitano obimi na douche te, nakokati mayi ya moto !
I hope we can manage to come to your party.	Nakanisi ete tokoki kosala nyonso mpo toya na fete na yo.
Tell those people to step back so the helicopter can land.	Boyebisa bato wana balongwa, mpo na elikoptere ekoka kokita.
Guys! Wait!	Bana-mibali ! Bozela !
Last night I watched a German film in its original version on the Arte channel.	Lobi eleki nalandaki filime allemand moko na lolenge na yango ya liboso na pologalame ya Arte.
The total amount of donations and dues paid by an individual to one or more parties cannot exceed 7,500 euros per year.	Lisanga ya makabo mpe mosolo oyo moto na moto apesa esengeli  koleka te 7 500 euro na mbula.
I'm grateful to you for what you did before.	Natondi yo mingi mpo na oyo osalaki mikolo mileki.
The Japanese team, winner of the World Cup, came home thrilled by this victory.	Ekipi ya Japon, molongi coupe du monde, ezongaki mboka na esengo ya elonga.
The police investigated the suspect's past.	Pulusi etunaki bomoyi ya kala ya moto bakanisaka mabe.
The Guard dies but does not surrender!	Mokengeli akufi kasi amikabi te !
I don't regret what happened last night.	Nazali koyoka mawa te na oyo elekaki lobi na butu.
Where can I put these beers?	Nakoki kotiya masanga oyo wapi ?
I wanted to say a word to you about what happened.	Nalingaki nabetela yo mwa lisolo ya likambo oyo esalemaki.
Searching for "river" now returns a warning that this search is illegal on the Chinese internet these days.	"Soki obeti nkombo ""fleuve"", monkanda moko ekobima mpe koloba ete epekisami koluka nkombo yango na interneti na mboka Chine, mikolo oyo."
All you have to do is take advantage of this rare opportunity.	Nyonso bosengeli kosala, ezali kosalela eposa eye ezalaka mingi te.
Hey, I just had a good idea.	Hee, nauti kozwa likanisi ya malamu.
He does not leave them, in their dark retreat, / until he matches their number with his ships. / Then he returns to port, and shares his spoils.	Akotika bango te na ntango ya mpasi / na motuya ya masuwa ekokani te na mitango nyonso. / Na nsima azongi na libongo, mpe abakoli mbano na ye.
You're looking at your beautiful pictures.	Bozali kotala bililingi kitoko ya bino.
I have a feeling something horrible is about to happen.	Nazali kokanisa ete eloko moko ya mabe elingi esalema.
Marie finds her boyfriend adorable.	Marie azali komona moninga na ye mobali lisimi.
Kitty is 12 years old and still can't read.	Kitty azali na mibu 12 kasi ayebi kaka kotanga te.
A good archer hits the target even before he shoots.	Miso ya mobomi ndeke ekangaka ndeke yambo ye abamba libanga.
I apologize for not replying right away.	Nasengi bolimbisi mpo napesaki eyano mbala moko te.
Although the failure of the negotiations is obvious, some still hold on to a bit of hope.	Ata ko ezomonana ete masolo ya boyokani ekokende liboso te, bato basusu bazali na mwa na elikya.
I hope you like it here.	Nabanzi ete osepeli kozala awa.
The farmer, in his plowing, gradually wrests a few secrets from nature, and the truth he reveals is universal.	Mosali elanga, na mosala na ye, azali kozua moke moke basekele ya mabele, mpe bosolo oyo abimisaka endimamaka mokili mobimba.
The news of his son's death was a shock.	Nsango ya liwa ya mwana na ye ya mobali ekataki ye motema.
Raphaël was a great guy.	Raphaël azalaki mobali moko malamu.
I remember seeing Sami a bit overweight, but I would never have imagined he'd become this big.	Nakanisi namonaka Sami azalaka mwa monene, kasi natikala kokanisa te akokaki kokoma monene boye.
Honesty pays off in the long run.	Bosembo efutaka ata ndele.
Sorry, my boss is sleeping. Please come back tomorrow.	Mawa, mokonzi na ngai azali kolala. Nabondeli yo, zonga lobi.
You're not listening, are you?	Oyokaka te,  hein  ?
Find a job, so you can provide for your wife and children!	Luka mosala oyo ekoleisa mwasi mpe bana na yo !
If you're not happy, go breathe somewhere else!	Soki osepeli te, kende kopema esika mosusu !
Well, I get up early, so I want to sleep now.	Na bongo, nalamukaka ntongo mpenza, bongo nalingi nalala, kuna.
This runway will be operational in a few weeks.	Libanda ya mpepo oyo ekofonguama nsima ya mwa mposo.
I was trying to prove something.	Nazalaki koluka eloko moko.
The police officer indicated that it looked like a self-inflicted gunshot wound to the head.	Polisi alobaki ete ezalaki lokola mpota ya masasi oyo babeti na moto.
You were out of ideas.	Makanisi esilaki bino.
It is so natural to value what we love that we would want it to be valued the same way everywhere.	Ezali malamu kokanisa ete oyo tolingaka, mpe tolingaka nyonso esalema na bopete lolenge tokanisaka.
Change trains in Chicago for New York.	Bozwa engunduka mosusu na Chicago mpo na kokende New York.
Do I know the secrets of millionaires?	E bongo ngai nayebi basekele ya millionnaires (bazwi misolo ebele) ?
Tom had lipstick all over his face.	"Tom azalaki na ""rouge à lèvre"" na elongi na ye nyonso."
'Can you explain this to me?' 'There's nothing to explain. Those are the orders and we must follow them.'	"""Okoki kolimbolela ngai oyo ?"" ""Eloko ya kolimbola ezali te. Ezali mibeko mpe esengeli tolanda yango."
As mother fox anxiously waited, trembling with impatience, for her cub's return, she was so happy when he arrived that she felt like crying and gave him a big hug.	Lokola mama mokenge azalaki kozela, na kobanga nyonso, bonzongi ya mwana na ye, atondisamaki na esengo ntango mwana azongaki, mposa ya kolela ekangaki ye mpe ayambaki mwana na ye.
I provided the right answers to the questions.	Napesi biyano ya malamu na mituna.
Dotted lines are used for the model, and solid lines for the actual thing.	Basalelaka ba pointiye mpo na modeli, mpe batrait oyo elandami mpo na bosolo.
We don't understand how you can still be looking into why Bernadette Dejeu was killed.	Tozali kososola te mpo na nini bozali kokoba koluka boyeba mpo na nini Berandette Dejeu akufaki.
I can perfectly manage a class of sixty students.	Nakoki kokamba malamu kelasi ya bana 60.
It cost me 50 dollars to repair my watch.	Nafuti 50 dollar mpo na kobongisa montele na ngai.
There were many murders last year.	Bato ebele babomamaki, mobu moleki.
The only fingerprints the police found on the door handle belonged to Kylia.	Bilembo ya maboko oyo bapolisi bamonaki na loboko ya ekuke ya ndako ezalaki ya Kylia.
The two countries share a 500 km border.	Mboka yango mibale ikaboana na ndelo ya kilometele 500.
I know some of you want things to go back to how they were, but that's not going to happen.	Nayebi ete mposa ya basusu kati na bino ezali makambo ezonga lolenge ezalaki kala, kasi tika nayebisa biso ekosalema te.
Doctors recommend medications to fight illnesses.	Minganga basengi tozwa nkisi mpo na kokimisa makoni.
Dan is a retired deputy sheriff.	Dan azali shérif molandi  ya kokende epaso (retraite).
It will be cheaper in the long run to scrap the existing system entirely and rebuild it all ourselves.	Ekozala motuya mpo na biso soki totiki maye mazali mpe tobandeli nyonso biso moko.
Don't move or I'll kill you.	Koningana te to nabomi yo.
The more I know myself, the clearer my life becomes.	Soki namiyebi ngai moko malamu, bomoi na ngai mpe ekokoma malamu.
I open the door and see two boys standing side by side.	Nafungoli ekuke mpe namoni bana mibali mibale batelemi penepene.
The roses wilted and Annie cried a lot.	Bafololo rose ekuakaki mpe Annie alelaki mingi.
My opinion is roughly the same as yours.	Makanisi na ngai ekokani mwa moke na makanisi na yo.
He's one of the most handsome guys I've ever seen.	Azali moko ya mibali ya kitoko makasi oyo namona naino te.
Lost in thought, I missed my stop.	Makanisi eleki, naleki arret na ngai.
During sleepless nights, I hope for your arrival.	Ntango mpongi esilaka na butu, mposa ya motema na ngai ezalaka ozonga.
Tommy didn't know how to answer the last problem.	Tommy ayebaki kozongisa na likambo ya nsuka te.
Open an image and choose an image layout. Click "Open" to open an image. Click "Quit" to exit the application. The "Image Layout" feature lets you view it in any layout.	"Fungola elilingi moko mpe mpona libongisi moko ya elilingi. Finá ""Kofungola"" mpo na kofungola elilingi. Fina ""Kobima"" mpo na kobima na aplikasion. Okoki kotala bililingi na bapozision nyonso soki otoki na ""pozision ya elilingi""."
Go get the camera.	Kende koluka kamera.
Now that you mention it, what happened to that man who used to work here?	Lokola bozali kolobela yango sika, nini ekomeli mobali oyo azalaki kosala awa?
When it's a classmate's birthday, the teacher always draws a flag on the board.	Ntango ezalaka mokolo ya mbotama ya moto moko ya kelasi, molakisi ayemaka kaka bendele na etando (tableau).
This damn computer isn't working.	Ordinatere oyo ya buzoba ezali kosala te.
If you intend to stay in touch, ask him for his contact details.	Soki olingi bobengana, senga ye numero na ye.
If I don't write to clear my mind, I go crazy.	Soki nakomi te mpo nabimisi maye mazali na bongo na ngai, nakobela liboma.
Literature is a serious matter for a country; in the end, it is its face.	Litelatili ezali likambo ya motuya mpo na mboka, mpo yango nde na nsuka ezali elilingi ya mboka.
Is that what you want me to say?	Olingi naloba ?
Carl seemed very happy.	Carl azalaki lokola na esengo makasi.
When it comes to making new connections, Jérôme finds it difficult.	Koluka baninga ya sika ezalaka mpasi makasi mpo na Jérôme.
Bank robbery is often used by armed groups as a way to get money.	Bato ya mandoki bakendaka mingi-mingi kobuka ndako ya misolo mpo na koyiba mosolo.
The sport that ranks first in the world is, without the slightest doubt, football.	Lisano ya yambo na mokili mobimba, ata ntembe te, ezali nde ndembo.
I classify his music as rock.	Mpo na ngai miziki na ye ezali rock.
Analysts are already talking about a possible "core meltdown of the pound".	"Bayekoli ya makambo moko moko bazali kolobela makoki ya ""bosangisi motema ya buku""."
A man nearly died in California after trying to pose for a selfie with a rattlesnake.	Mobali moko alingaki akufa na Californie nsima ya komeka kozwa foto na nyoka.
Come back right away, please.	Kowumela te, nabondeli yo.
Arthur has the role of the villain.	Arthur azwi mosala ya moto mabe.
Ah! My dear miss, I would be happy to see you become the wife of a good farmer and be one of our neighbors.	Ah ! Ndeko mwasi, mposa na ngai ezali okoma mwasi ya mosali bilanga moko malamu mpe okoma moto moko ya mpembeni na biso.
In France, it's not the balls that get cut off, but the head.	Na Falansia bakataka mimbanga te, kasi bakataka nde moto.
The individual is both the product and the producer of culture.	Moto nde azali elembo mpe mosali zebi.
Friendship, my angel, knows nothing of the bankruptcies of feeling or the failures of pleasure. After giving more than it has, love ends up giving less than it receives.	Boninga, anzelu na ngai, ebosanaka nzela ya satima mpe bokwei ya esengo. Nsima ya kopesa koleka oyo azali na yango, bolingo esukaka nakopesaka moke koleka oyo ezuaka.
Some events from my childhood are very clear, while others are just a vague memory.	Nayebi makambo misusu nasala na bomwana na ngai, kasi makambo misusu mazali lokola mabanzo ya polele te.
One million migrants entered Europe in 2015. This is a record since World War II.	Bamigran milion moko bakotaka na Eropa na mobu 2015. Likambo ya boye etikala kosalema te uta Etumba ya mibale ya mokili mobimba.
I'm sorry that a prior commitment prevents me from accepting your kind invitation.	Bolimbisi, nakoki kondima invitation na yo mpo nazali na mabongisi mosusu nasalaki.
They paid tribute to Johnny Hallyday.	Bapesaki lokumu na Johnny Hallyday.
When he saw Jesus passing by, he said...	Ntango amonaki Yesu koleka, alobaki...
He was still mumbling something about hospitals at the end of the party, when he slipped on a piece of ice and broke his left leg.	Azalaki koloba na kati ya monoko makambo matali mapitalo na nsima ya feti, ntango aselimwi na galási mpe abukani lokolo na ye ya mwasi.
On the right is a barley field, while on the left is a wheat field.	Na loboko ya mobali ezali elanga ya orje, mpe na loboko ya mwasi ezali elanga ya ble.
The prosecutor also called me as a witness.	Nzuzi mokonzi abengaki ngai mpe lokola nzeneneke.
The first symptom of acculturation is thinking that someone else's language is cooler. The inevitable conclusion is the disappearance of your own language.	Elembo ya liboso oyo etalisaka ete moto abungisi bonkoko na ye ezali kokanisa ete nkota ya baninga ezali malamu koleka oyo ya ye. Suka na yango ezali nkota na yo ekolimua.
Are you sure you don't want to wait until tomorrow?	Okoki penza kozela kino lobi te?
Trust me: I don't know the answer to that question, but I'm thinking about it.	Ndimela ngai : nazali na eyano na motuna wana te, kasi nazali koluka yango.
The engagement of Mr. Rogers and Miss Smith was announced yesterday.	Bukueli ya M. Rogers mpe ya Mlle. Smith epesamaki lobi eleki.
It was romantic to walk in the moonlight.	Ezalaki lolango kotambola na nse ya pole ya sanza.
He gave a false name and a false address to the police.	Apesaki nkombo mpe adresi ya lokuta na bapolisi.
Top secret!	Sekele ya likolo !
The knife was so dull that I couldn't cut the meat with it, and I had to resort to my pocket knife.	Mbeli yango ezalaki na mino ata mokie te mpe ekokaki kokata ngombe te yango wana nasalelaki mbeli ya ngai moko ya poshe.
I'm sorry, I couldn't write to you sooner.	Bolimbisi, nazui makoki ya kokomela yo kaka sikoyo.
Wow! What a wonderful idea.	Kitoko ! Likanisi moko malamu.
Whatever happens, you mustn't forget to smile.	Na nyonso okokaki kobosana koseka te.
Here are ten more lashes for you, you damned bastard, for crapping on my flower bed!	Zua lisusu bafimbo 10, nyama, mpo osumbi likolo ya bofolo na ngai !
Maxime saw Marthe waiting at the bus stop.	Maxime amonaki Marthe azalaki kozela na esika oyo bazelaka bus.
Get out right now.	Bima sikasik'oyo.
If F is a finite-dimensional vector subspace of a real pre-Hilbert space E, then F and F-orthogonal are complementary.	Soki F ezali sous-espace vestoriel ya etando ya suka ya espace prehilbertien reel E, F and F orthogonal bazali supplementaire.
Everyone is a Moon, with a hidden side they show to no one.	Moto nyonso azali sanja, azalaka na elongi moko alakisaka bato te.
Paul is such a pleasant person that everyone likes him right away.	Paul azali moto malamu yango wana bato banso balingaka ye mbala moko.
She's a very tall girl; she's wearing a white sweatshirt and a blue T-shirt. She also has rather nice striped pants and sneakers.	Azali muana muasi moko molayi makasi. Alati sweat ya pembe na t-shirt ya bule. Azali mpe na patalo ya banzela-nzela ya kitoko na babasketi.
'Honey, come to bed.' 'No, not yet. I still need to translate a few sentences on Tatoeba.'	"""Cheri, yaka olala."" ""Te, sikoyo te. Esengeli nalimbola nanu mua ndambo ya bafraze na Tatoeba""."
Sorry for not replying to your message sooner, I was busy.	Bolimbisa, nazalaki na mosala yango wana nayanolaki na mesaje na yo mbala moko te.
None of us had the slightest idea of what was going to happen.	Moko te kati na biso ayebaki nini elingaki esalema.
You must arrive at noon.	Esengeli bokoma na midi.
I've never understood this insistence on forming mixed classes at all costs.	Natikala kososola te esika posa wana ya kosangisa bana basi na mobali na bakelasi moko ewuta.
Daniel got a good job.	Daniel azui mosala ya malamu.
You no longer remember where you put your key.	Obosani esika otiki fungola na yo?
I'll have a meeting with the professor at half past one.	Nakokutana na mosakisi na ngonga zomi na misato na ndambo.
Hmm! Yes, I believe it.	Hmm ! Iyo, nandimi yango.
Don't back down!	Kozonga sima te !
Mathis didn't bring his keys.	Mathis amemi bafungola na ye te.
Once one has penetrated to the bottom of things, the loss of illusions brings about the death of the soul, that is to say, a complete indifference to everything that concerns and occupies other men.	kokoti na mozindo ya makambo, efungolaka miso mpe ebomaka bomoto. Nyonso oyo etali baninga ekomaka pamba.
They are currently bringing him in to question him.	Bazali komema ye mpo batuna ye mituna.
Thanks to your help, I was finally able to overcome the demon of gambling.	Na lisungi na yo, nakokaki kolonga molimo mabe ya lisano.
I can't say that Mr. Kelly lived the life of a saint.	Nakoki koloba te papa Kelly azalaki na bomoyi ya basantu.
I hope you won't tell anyone you saw me leave that house.	Nabanzi bokoyebisa moto te bomoni ngai kobima na ndako oyo.
On her chariot the radiant goddess at once flies back to Paphos, charming places where endlessly the most perfect incense and the freshest flowers perfume a hundred altars with their sweet scents.	Likolo ya likalo na ye, na mbala moko nzambe-muasi ya mayele /apumbaki na Paphos, bisika kitoko / malasi ya kitoko koleka nyonso, bafololo ya sika koleka / bitondisi etumbelo na malasi kitoko.
Meanwhile the wind falls and dies with the day. / I land in the dwelling of the cruel Cyclopes: / I did not know it.	Mopepe ekueyaka mpe ekufaka na mokolo. /Na bacyclopi ya mabe nakobanda mobembo: / nayebaki te.
Call me when you've arrived.	Benga ngai ntango okokoma.
We are obliged to regard many of our original minds as mad — at least until we have become as clever as they are.	Esengeli totala milimo na biso ma ebandeli lokola maboma - kino tokoma na mayele mabe lokola bango.
The research director had the department carry out a complete round of testing on the new product.	Mokambi ya mabi ma boluki atindaki departement na ye esala batesti nyonso ya produit ya sika bazali kobimisa.
Suppose you had gone there and she hadn't been there, and on top of that it had rained.	Banza soki okendaki kuna, omoni ye kuna te mpe mvula ebeti lisusu.
A hunter shoots at a hare and misses it by a meter to the left, then a meter to the right. Statistically, the hare is dead.	Mobomi-nyama abetaki mandoki na simbiliki kasi elekaki metele moko na loboko ya muasi , mpe metele moko na loboko ya mobali ya nyama. Kolandisa bastatistiki, simbiliki akufi.
Beautiful women are both heaven and hell.	Basi ya kitoko bazali paladisio mpe lifelo.
She refused his offer of support.	Aboyi lisungi na ye.
He came home by way of Hong Kong.	Azongaki ndako koleka na nzela ya Hong Kong.
Listen, if you want.	Boyoka, soki bolingi.
Good evening, my treasure! I'm so happy to finally be home!	Mbote, molongani na ngai ! Esengo etondi ngai kozonga na ndako !
After a few minutes, she cast a glance toward the door, as if drawn by this current of love, and her eyes, without hesitation, plunged into Rodolphe's.	Sima baminiti mokie, abuakaki miso na ekuke, lokola abendamaki na courant ya bolingo. Mbala moko miso ma ye  mazindaki kati ya miso ma Rodolphe.
Théo is lying on the couch watching TV.	Théo atandi nzoto na kanape mpe azali kolanda TV.
You mustn't cut the hair right away.	Esengeli te kokata suki sikasika oyo.
My USB drive has a virus on it.	Fungola USB na ngai ezali na virus.
I'm glad you didn't call Hugo.	Nasepeli lolenge obengi Hugo te.
You'll get lots of presents for your birthday.	Okozua makabo ya ndenge na ndenge mpona mbotama na yo.
We should ask Kylia to come back.	Esengeli tobenga Kylia azonga.
The Algerian Arab gendarmes fired live rounds at young Kabyle protesters who were peaceful. They killed 128 young Kabyles and left thousands of Kabyles disabled for life.	Bajendarme arabe ma Algeri babeti masasi na bilenge ma kabyle oyo bazalaki ata na mandoki te kasi babimaki na balabala koyokisa mongongo na bango. Babomi bilenge 128 ma kabyle mpe babuki maboko na makolo ya bato nkoto na nkoto kati ya bana ma Kabyle.
Are you aware that your name was mentioned during a trial against the federal government?	Oyebi ete nkombo na yo etangamaki na procès na gouvernement federal?
During the First World War, "Anne of Green Gables" was distributed by the Polish government to troops in the trenches to remind them why they were fighting.	Na ntango ya Etumba ya liboso ya mokili mobimba, gouvernement ya Poloni ekabolaki « Anne of Green Gables » na basoda oyo bazalaki na etumba mpona babosana te tina ya etumba bazalaki kobunda.
He shows no interest in science.	Azali kolakisa bolingi mpona siansi ata mokie te.
Our cat was watching kids playing in the street.	Kondoko na biso azalaki kotala bana mikie kosakana na balabala.
Stephen Colbert is a pretty wild guy.	Stephen Colbert azali penza moto ya liboma.
A fight broke out between the workers and security guards.	Bitumba esamaki kati ya basali na bapulusi.
You're crazy to put up with such a bum, sweetie!	Moninga nangai, ozali liboma ku linga likambo ya ndenge oyo!
The stock of an American rifle is a weapon as dangerous as the barrel itself, especially when wielded by a powerful arm.	Crosse ya mibundi ya Amerika ezali manduki ya makasi ete manduki oyo nyoso, soki ezali na maboko ya makasi penza.
His/Her Majesty is waiting.	Mokolo ya ekolo azozela.
I always thought medical students were hardworking and very busy people. Until I met you.	Nakoki kokanisa ete ma landami ya medecine bazalaka batu ya bwanya mpe bazalaka namisala ebele. Na mtango nako kutana nayo.
Whoever visits him must be prepared to hear reproaches, often loud ones, or to be assigned some task.	Moto oyo aye kosunga ye, esengeli ayeba ke akozua bareproche, mpe akopesama makambo yakosala.
See you at New Year's.	Tokomonana na sanza akoya.
Then Hamilcar brought out a galley armed with a catapult at each end.	Nasuka Hamilcar abimisaki minduki ya liboma na tango nyoso.
He's a mean guy.	Azali moto ya makasi.
Scientists keep discovering new medications, so there's always hope for people in comas.	Banamayele bazali ko sosola bamedikama, tozali na makanisi pona batu oyo baza na coma.
Read the classified ads if you're looking for a job.	Landa ba mitu ya baanonce soki ozoluka mosala.
No great artist ever sees things as they truly are. If he did, he would cease to be an artist.	Artiste ya makasi amonaka makambo te ndeke ezali. Soki asali yango, akosila kozala artiste.
I've fallen in with a bunch of EU collaborators who have no idea what Europe is hiding. Smart, but not clever.	Namibiki na lulu ya bacolabo oyo bayebi te ndenge Europe esalaka. Bana mayele, mte ya mitu te.
We're living longer, and that's a good thing, but it's not so we can work more!	Tozo bwele makasi, eza malamu, mte azali ko bosser mingi te!
The day after her first date with Luca, Marie was in a daze all day. She wasn't at all attentive in class and had no appetite.	Nalobi ya sorti naye na Luca, Marie azalaki na lune na journe nyoso. Azalaki kosimbia te na kilasi mpe azali na apeti te.
Everyone would have wanted him elected governor.	Moto nyoso alingaki abonama mokonzi ya province.
You were always very kind.	Ozalaka kaka mwana ya kimia.
Shh! I'm sleeping!	Chut! Nalali!
Tell whoever shows up that I've gone out!	Yebisa moto nyoso akoya awa ete nakei libanda!
He spent his time at the café watching the women passing by.	Alikisaka tango naye na cafe kotala bana mwasi oyo bazoleka.
I heard a strange noise coming from the garage.	Nayoki makelele ya mabe koyaka na garage.
Let's not forget to speed up the transformation of train stations into intermodal hubs — places of communication, exchange, and civic life.	Kokanisa ko accelerer milindo ya basolokoto te na intermodalite, epai ya comunikasion, ya eshange mpe ya bwana mboka.
You make it sound very simple.	Ozali kosala neti ezali pete makasi te.
I began to doubt the accuracy of his testimony.	Nakomaki komituna soki maloba alobaki ezali penza solosolo.
I'm sorry, I don't recognize you.	Bolimbisi, nazali koyeba yo lisusu te.
If you find yourself in quicksand, you'll sink more slowly if you don't move.	Soki ozali na bugulo yako tambola, okozika makasi soko ozo bouger te.
He couldn't care less about it.	Azali na ye kuna ata mokie te.
Stop being so slow, damn it!	Botika mpe bozuba wana, ko !
You were holding your employees accountable.	Ozalaki kosenga mbongo epa yaba sala nayo.
'You're here to follow my orders.' 'In your dreams, buddy!'	"""Ozali wana ko landa makanisi na ngai."" ""Na ndoto nayo, moninga nangai !"""
What conclusions can you draw from these tests?	Misuki nini oyo okoki kosala na test oyo?
The stupidest argument I've heard regarding the supposed obsolescence of the simple past tense is: "Nobody talks like that."	"Makanisi oyo ya liboma nayoki na mikiko ya tango oyo eleki eza ""moto alobaka na ndenge wana te. »"
'The Scots say no to the breakup of the British Empire.' This is the result of an opinion poll conducted on voting day.	"""Baekose balobi te na bokabwani ya Empire Britannique"". Ezali makoki ya sondage ya batu oyo esalami na mokolo ya boponani."
To be an astronomer, you need to study, but to be an astrologer, all you need is to be a failure and a big liar.	Kozala astronome, esengeli otanga, kasi kozala astrologue, esengeli ozala mwana mayele te mpe molobi ya lukuta.
If one day the many European languages were to disappear, on that day Europe — as a concept and a project — would cease to exist.	Soki mokolo moko na maloba ya ba mindele epukani, na mokolo wana – eyo kaka makanisi mpe projet – ekosila ko exister.
I never understand back-cover blurbs, that's why I read.	Na komprendre eloko moko te na quatrieme couverture, nakanisi ete nazotanga.
He caught the ball with his left hand.	Azuhaki balle na maboko naye ya likuani.
If you had followed your doctors' advice, you might not be in this condition.	Soki olandaki ba conseils ya ba medecins nayo, okokaki kozala na eta wana.
Fortune turned against him.	Mbongo ezongelaki ye te.
This item could have been manufactured at a competitive price last year, but that's no longer possible.	Mokanda wana esengeli esalama na prix concurntiel sanza eleki, nano ekoki kosalama te.
It was only yesterday that I heard the news.	Kaka ezalaki lobi nayokaki sango wana.
Your new friends might make fun of some of the things you do.	Baninga nayo ya sika bakoki koseka masali nayo.
If you want to forget anything on the spot, make a note to remember it.	Soki okanisi te likambo nyoso na ngonga oyo, sala nyoso ose rapele nakambo wana.
It's better to feed a people than to satisfy them with fine words.	Ya malamu eza kolisa banamboka ete ko lisa ye na maloba ya malamu.
I hope Emi won't be much longer. I'm tired of waiting for her.	Nakanisi ete Emi ako tarder te. Nazali awa kozela ye.
'Mélanie,' she said to the cook, 'why don't you make the brioche this morning, since the dough is ready. The young lady won't be up for another half hour, and she could eat it with her hot chocolate... Well! That would be a nice surprise.'	Mélanie, alobeli lambisa, okoki kosala brioche na tongo ya lelo, fufu ezali sikita. Mwanamwasi akolomuka te nangonga oyo, ete akolia yango na chocolat naye. Hein! kozala yakusutuka kaka.
She was rather shy, but since she started college she's really come out of her shell.	Azalaki na makoki te, tango akendaki na kilasi asi akomi mwana mayele.
Hundreds of soldiers ate in silence around their campfires.	Ba sanza yaba solokoto baliaki na kimia autour ya moto ya mivandeli na bango.
Clear the way... they're going to escape!	Tika nzela... bakokima !
New York is accessible by train from Washington.	Okoki kokende na New York na nzela ya train kohuta Washington.
You look like a lawyer.	Azoluka lokola mwana mibeko.
There's Rabah, he's back.	Wana Rabah azongi.
Last weekend, Thomas and his friends played basketball.	Na weke-end oyo eleki, Thomas na baninga naye babinaki na basket.
The wind from Faou never lies, it always signals rain.	Mopepe ya Faou elobaka lokuta te, heanonsaka kaka mbula.
Write your contact address here, please.	Koma awa adresse nayo, nasengi yo.
If I told you, I'd have to kill you.	Soki nayebisaki yo, nakokaki kuboma yo.
This must have happened during my stay in Australia.	Das muss während meines Aufenthaltes in Australien passiert sein.
Who has not suddenly turned from their path to follow, in the evening, along the bends of a deserted street, a flowing dress, a white veil suddenly glimpsed in the shadows?	Atalaki sima ya nzela naye te po alanda nzela wana, na pokwa, na balabala oyo ezngi batu, na robe ya makasi, bavwale ya mundele oyo eyebani na moindo?
And not only that, the goods in the brand's stores were generally more expensive than anywhere else.	Mpe wana te, na biloko na na kati ya likumba ezalaki kaka na prix ya makasi epai mosusu.
An inanimate object can follow the current, but only a living thing can resist it.	Elokoyo ebujaka te elandaka mopepe, mpe oyo ibikaka elendaka te.
Of the three letters, one was addressed to His Excellency Monsignor N.; the second to Count P.; the third to Mr. D.	Na kata ya mikanda misato wana, moko ezalaki ya musali ya zambe N.; ya mibale ezalaki ya Compte T.; ya misato ezalaki ya ndeko D.
I am not Charlie.	Naza Charlie te.
The transition from elementary school to middle grades is seen by some as the first step toward adulthood.	Milekeli ya kilasi ya bana emonanaka na bato mosusu neti litamboli ya moko ti na age ya ebonge.
There is no such thing as a stupid question, only stupid people.	Makanisi ya liboma azalaka te, oyo ezalaka eza bato ya liboma.
I'm glad they fixed the heating, but now it's too hot.	Naza na esengo ete bareparaki chauffage wana, kasi na tangoyo moyi ezobeta makasi.
Don't worry. I'm a doctor.	Kobanga te. Naza nganga.
My left ear is leaking.	Litoi nangai ya gauche ezobela.
Hello, this is Raphaël speaking. I'd like to speak to Ann.	Allo, awa Raphael na alo alo. Nalingi na solola na Ann.
Don't forget to take my things out of the trunk!	Bimisa miloko nangai na coffre!
The type of sport we play depends on the weather and the season.	Mabina oyo tozo bina edependra ka na temps mpe na liobo.
Go home!	Zonga na ndako nayo!
The other day a water quality inspection was carried out at our place. The inspection was done by a well-known company called "Centre d'analyse de l'environnement" or something like that.	"Mokolo moko eleki kontrol ya mayi esalemaki epayi na biso. kontrol esalamaki na kompanyi moko oyo eyebana na nkombo  ""Centre d'analyse de l'environnement"" nto nkombo moko mua bongo."
Some English speakers think that subject omission doesn't happen in their language; however, the subject is omitted in phrases like "Thank you" or "Bless you".	"Balobeli basusu ya lokota ya Anglais bakanisaka ete bolongoli ""sujet"" esalemaka na monoko na bango te, nzoka nde,  ""sujet"" ya masakola lokola: ""Thank you"" to ""Bless you"" etiamaka te."
Suddenly, the river's level rose and it overflowed its banks.	Na mpwasa, mosanda ya mayi ya ebale emataki mpe elongwaki na mbeto na yango.
Have you ever driven a van?	Osilisa kokumba lungu ?
That idea we were discussing yesterday in class caught my interest.	Likanisi oyo tozalaki kosolola lobi na kelasi ebendaki bokebi na ngai.
This sentence has no owner. You may adopt it and change it, provided it still matches the other direct translations, in which case you should notify the translators of your changes by commenting on their translations.	Lisakola liye lizali na mozwi ya eloko te. Okoki kindima mpe kobongola yango, soki ekokokana na ntango okobalola esengeli okebisa bobaloli ya mikanda na mbongwana na yo, na kopesaka maloba na ntina ya bobaloli.
Stop worrying.	Botika komitungisa.
Timéo doesn't need a coach.	Timéo azali na bosenga ya molakisi te.
When it comes to quality wine, no country can match France.	Na maye matali vino ya malamu, mboka moko te ekomikokisa na mboka France.
John and Eva are best friends.	John mpe Eva bazali baninga ya malamu mingi.
Mathéo and Marie have about twenty children, but they aren't sure of the exact number.	Mathéo mpe Maria bazali na bana kokoma ntuku mibale, kasi bayebi mpenza motuya ya bana na bango te.
I made myself a cup of hot chocolate.	Namilambeli kopo ya chocola ya moto.
The coldest winter I ever experienced was a summer in San Francisco.	Elanga ya malili makasi oyo namona naino te ezalaki oyo namonaki na mboka San Francisco.
She couldn't convince him to accept a personal check.	Ye akokaki kondimisa ye cheque na ye ya banki te.
Two years ago, I didn't speak a word of Turkish; now I can even read books in that language.	Eleki mbula mibale, nazalaki koloba ate liloba moko ya lokota ya turc te, kasi sika, nakoki kotanga buku ikomama na lokota yango.
At the junior seminary, the priests weren't really concerned with educating us; they strove to "train" us, so that we would be obedient like little sheep.	"Na likindo ya moke, basango bazalaki komotungisama te na ntina ya kotangisa biso; bazalaki kosala makasi mpo na ""kondimisa biso makambo"", mpo ete tozala na botosi lokola bana na mpate."
Mike has a female friend who lives in Chicago.	Mike  azali na moninga ya mwasi avandaka na mboka Chicago.
He was so suspicious that he only believed his own lies.	Azalaki kobanga-banga mingi kino ete abandaki kondima kaka lokuta na ye moko.
I was delighted to meet you. I look forward to hearing from you.	Nazalaki na esengo ya kokutana na yo. Nazali kozela nsango na bino na lombango.
We've known each other since we were kids.	Toyebana kobanda bomwana na biso.
I choose to see divine perfection in every cell of my body.	Naluki komona libongi ya Nzambe na kati ya eloko moko-moko ya nzoto ya ngai.
I called the cops.	Nabengaki basoda.
We had both put all our minds into hiding such a complete and beautiful love from the eyes of the world; and we were succeeding.	Totiyaki biso mibale molimo na biso nyonso na kobomba bolingo ya kokoka mpe ya kitoko koleka na miso ya mokili ; mpe tozalaki kokoka yango.
Mrs. Harris is very tight-lipped about her son's future.	Ndeko mwasi Harris alingaka koloba na ntina ya mwana wa ye te.
It's amusing to know that the beauty of Japanese gardens is found in no other culture.	Esekisaka koyeba ete bonzenga ya bilanga ya bajaponais, ezalaka na zebi mosusu te.
I will be back in two weeks.	Nakozonga lisusu na nsima ya mposo mibale.
All the family members get together to welcome in the New Year together.	Libota mobimba basanganaka mpo na kokota elongo na mbula ya sika.
When she gets an idea in her head, she won't let go of it.	Ntango azalaka na likanisi, akendeke na yango esika mosusu te.
I opened the box. It was empty.	Nafungolaki sanduku ya mosolo. Yango ezalaki na eloko te.
If you want one, you'll have to find your own.	Soki ozali na bosenga ya moko, esengeli oluka ya yo.
This isn't Timéo's first arrest for drunk driving.	Ezali mbala ya liboso te Timéo akangama mpo na kotambwisa motuka na milangwa.
Stop always being so deferential toward people just because they're rich or powerful. It really makes you pathetic!	Tika kozala ntango inso na bopolo liboso ya bato mpo bazali bato ya mosolo to ya nguya mingi. Ezali kosala yo maya mpenza !
I'm sure Ethan will know what to do.	Nazali na bosolo ete Ethan akoyeba lolenge ya kosala.
Once a man becomes famous, it's remarkable how many old classmates turn up in his life.	Ntango moto ayebani mingi, bokomona ete akokutana na baninga mingi ya kelasi na bomoyi na ye.
The senator turned down repeated requests for an interview.	Senateur aboyaki koyanola na bosengi basengaki ye mbala mingi na masolo.
He just handed us a map and ran on ahead. The rest of us, left behind, had to carry on with only the map to rely on.	Apesaki biso bobele monkanda na nsima akendaki na lombango. Biso baye totikalaki na nsima, tolandaki bobele monkanda, mpo topema.
Turn right and cross the street, and you'll be there.	Kamata loboko ya mobali, na nsima katisa balabala, okokoma wana.
Get on, please! The train is leaving right away.	Nasengi yo omata ! Engunduka ekolongwa sasaipi.
Sleep well, Sean.	Lala malamu, Sean.
I know you spent the last three years in prison.	Nayebi ete olekisaki mbula misato eleki na boloko.
If you could go back in time once to start a new life, what age would you want to go back to?	Soki okokaki kozonga lisusu na mikolo mileka mpo na kobandela bomoyi mosusu, okolinga ozonga na mbula boni?
Dan accepted a position at a respectable law firm.	Dan andimaki mosala na bilo ya basambisi ya bato oyo bato batosaka mingi.
Leave now! No one must notice that you came to visit me.	Bokende, sika awa. Moto moko ayeba te ete oyaki kotala ngai.
Well, it's complicated.	Ya solo, ezali alima te.
It doesn't matter whether the cat is black or white, what matters is that it catches mice.	Loposo ya nyawu ya moindo to mpembe ezali na motuya te, eloko  nyawu akanga mpuku.
Kevin is driving me crazy, he's always clinging to me!	Kevin azali kotika ngai nazwa mopepe te, azali kokangama na ngai ntango inso.
I still feel sorrow when I think about my first love.	Nayokaka lisusu maya ntango nakanisaka bolingo na ngai ya liboso.
Grace hasn't come yet.	Grace azongi naino te.
That's explained by the fact that I'm actually from Chicago, while everyone else is from the suburbs.	Yango ezali kolimbolama mpo ngai nazali moto ya Chicago, basusu bawuti na mboka ya mike.
The CIA is watching you.	CIA ezali kokengela yo.
Little by little I realized that meat production is very harmful to the natural environment.	Malembe-malembe nasosoli ete mpo na kobimisa nyama ya koliya, ezali mabe mingi mpo na zamba.
Matthew understands me, and it's so good to be understood.	Matthew azali kososola ngai mpe ezali malamu mingi ezala kososola.
I think you should stick to your training program.	Nakanisi ete ebongaki otia makasi kaka na pologalame na yo ya komekola.
Timéo hopes he won't have to live in Boston for more than a year.	Timéo  akanisi ete  akovanda  lisusu te na Boston koleka mbula moko.
Tania loves Frank and Frank loves Tania, but in Esperanto, there's an accusative case standing between them.	Tania alingaka Frank mpe Frank alingaka Tania, kasi na lokota ya espéranto, na kati na bango ezali na kofundama.
You're looking at beautiful pictures.	Ozali kotala bilili ya kitoko.
Mounted on her black broom, the beautiful red-haired witch flew across the sky on a full-moon night.	Na likolo ya nkombo na ye ya moyindo, ndoki ya mwasi apumbwi lokola ndeke na likolo na butu ezalaki na sanza ya mobimba.
'I will not allow anyone to say that I'm lying,' cried Rostow, his face flushed and trembling with emotion.	Nakotika te moto oloba ete nazali kokosa, engangaki Rostow, na elongi ya kovimba mpe na kolenga na kobanga.
You were fantastic.	Ozalaki malamu mingi.
Yes, my name is Karen Smith.	Iyo, nkombo na ngai ezali Karen Smith.
So, listen to the doctor, otherwise you won't get well.	Na yango, yoka monganga, soki te okokende mosika te.
Marie went to freshen up in the restroom.	Maria akei komibongisa na zongo.
What if you looked for it yourself a little before asking others?	Soki olukaki naino yo moko yambo ya kotuna bato basusu ?
As I curiously spelled out the enigmatic book, before the window bathed in moonlight, suddenly it seemed to me that the finger of God brushed the keys of the universal organ.	Lokola nazalaki kotanga na kokwama buku ya masese, liboso ya lininisa ezalaki kokotisa mpole ya sanza, na pwasa namoni lokola mosapi ya Nzambe ezalaki kobeta lindanda ya mokili mobimba.
The scandal nearly ruined his career.	Mbeba asalaki lokola ebebisa mosala na ye.
Love neither begins nor ends the way we think. Love is a battle, love is a war, love grows.	Bolingo ebandaka mpe esilaka te na lolenge tokanisaka. Bolingo ezali etumba, bolingo ezali etumba, bolingo ekolaka.
I give up. Whatever I do, you never seem satisfied.	Natiki. Ata nasala ndenge nini, lokola ozali kosepela te.
Honestly, his speeches are always boring.	Na bosolo, masikulu na yo malembisaka bato.
I don't know how to make you picture their expression. Suppose you made a very inappropriate gesture toward a woman of delicate sensibility: that's the look she would have.	Nayebi te lolenge nini nakoki kososolisa bino maloba na bango. Kanisela ete osali elembo moko ya mabe epai ya mwasi songolo oyo ayebi makambo: na yango nde akozala na lolenge boye.
How many times am I going to have to tell you that you can't shout indoors?	Mbala boni nasegeli nazongela koyebisa yo ete okoki te konganga na kati ?
Watch what you're saying!	Keba na maye ozali koloba !
Rachel and Leah answered him, saying: Do we still have any share or inheritance in our father's house?	Rachel mpe Léa bazongisi eyano, mpe balobi ete : tozali lisusu na ndambo mpe bomengo na ndako ya tata na biso ?
Noah is clearly a Star Trek fan.	Noé azali na makasi nyonso molingi monene ya Star Trek.
Jesus was born in 1940 BC — before Chuck Norris.	Yesu abotamaki na mobu 1940 yambo ya Chuck Norris.
'Listen, my little Jenny,' he was saying in the cab to a pretty flower girl.	Yoka, leki na ngai Jenny, azalaki koloba na kati ya motuka ya mpunda, na moloni fololo ya mwasi atonda bonzenga.
It's a shame they blocked the main street because of a burst water pipe.	Ezali mawa na lolenge bakangi balabala ya monene mpo na nzela ya mayi ebukanaki.
I had barely solved that problem when another came along to bother me.	Esilisaki ngai kopesa eyano na motungisi nazalaki na yango, motungisi mosusu eyei.
A true Frenchman doesn't go to McDonald's to eat; he prefers to feast, and he does that elsewhere.	Mofalanse ya solo akendeke te na Mac Donald mpo na koliya; alingaka kosala feti, mpe asalaka yango bisika bisusu.
My wife has given up all hope of convincing me to mow the lawn today.	Mwasi na ngai alembi na komeka kobongola makanisi mpo ete nakata paspalume lelo.
I was hoping I was wrong.	Nabandaki kozela ete nazwa likweyi.
May the gods grant you a husband, a home, and the grace of peace, for there is nothing greater or better than that.	Tika banzambe bapesa yo mobali, libota mpe ngolu ya kimya, mpo na ezali na eloko mosusu te ya motuya.
You needn't worry at all about a tsunami from this earthquake.	Bokoki kobanga te na ntina ya bomati ya mosanda ya mayi kowuta na volcan.
An intelligent woman must leave us our dreams.	Mwasi ya mayele asengeli kotika biso na bandoto na biso.
Let the juices drain off, then place the roast on a plate.	Tika mayi ya malala ekita, na nsima tiya myama ya moto moko na sani.
God bless you!	Nzambe apambola bino!
The only way to demonstrate my clutch problem was to floor the gas.	Lolenge bebele moko ya kolakisa motungisi na ngai ya embrayage ezaliki kobenda na gaz na bokasi nyonso.
Brian left the door open.	Brian atikaki ekuke polele.
The champion wins the victory.	Molongi azwi elonga.
The Commissioner for Fundamental Rights and his deputies are not permitted to be members of a political party or engage in political activity.	Ntoma ya makambo matali mibeko ya moboko mpe bakitami ba ye epesameli bango ndingisa te bazala bato ya mangomba ya politiki to mpe lisusu kosala na makambo ya politiki.
What are you doing on the car? Get down right now!	Ozali kosala nini likolo ya motuka ? Kita na lombango !
My heart is beating so hard it feels like it's about to burst.	Motema na ngai ezali kobeta makasi mingi lokola elingi kopanzana.
You're telling lies again.	Ozali koloba lisusu makambo ya lokuta.
Don't tell her anything! She repeats it to everyone!	Koloba na ye eloko te ! Azongelaka koloba yango na bato nyonso !
The iron is too hot, you're going to burn the laundry.	Felo ya kongoma ezali na moto makasi, okozikisa bilamba.
I checked the wallet again, and found it was empty.	Natali lisusu libenga, mpe nazali komona ete ezali na eloko te.
Excuse the mess! I got home late.	Limbisa bozangi ya alima! Nazongaki mpenza nsima.
A man who is able to admit a fault and ask for forgiveness is a man worthy of my love.	Mobali oyo azali na makoki ya kondima libunga mpe kosenga bolimbisi azali mobali oyo akoki kozwa bolingo na ngai.
Chanel No. 5 is the best-selling perfume in the world.	Malasi te. 5 ya Chanel ezali malasi etekamaka mingi na mokili mobimba.
Hardware RAID is not managed directly by the operating system but by a dedicated card, called a RAID controller.	RAID matériel ezali kokonzama te na sisteme ya kosalela, kasi na carte moko esalama mpo na yango, ebengami RAID.
I was looking for Andy. Do you know where he is?	Nazalaki koluka Andy. Oyebi esika azali ?
I hope you won't find things boring at my place anymore?	Nazali na elikya ete okomona ete bato bazali ya kolemba epai na ngai ?
Some people think advertising is a form of brainwashing.	Bato basusu bakanisaka ete publicité ezali kosukola bongo ya bato.
I'm willing to bet you don't remember the first time we met.	Nazali ya kobongama mpo na kobeta zeke ete ozali te komikanisa mbala ya liboso ntango tokutanaki.
This office was eliminated during some administrative reform or other, so now there's no one left to handle this kind of file.	 Bilo oyo okangamaki na kati ya nayebi te kobongolana ya etamboliseli nini, na pwasa ezali lisusu te na bato mpo na kolandela minkanda ya lolenge loye.
None of these plans ever came close to reality.	Ata mwango moko te ekokanisaki na makambo ya solo.
I would be delighted to sing for you.	Nakozala na esengo koyemba mpo na bino.
At first the surgeons didn't want to operate because the patient weighed less than 45 kg and wasn't in very good health.	Liboso, minganga bazalaki koboya kopasola ye mpo mobeli azalaki na bakilo na nse ya 45 Kg mpe azalaki na nzoto malamu te.
He called out to him; the other pretended not to have heard.	Babengi ye, mosusu asali lokola ayoki te.
That's so stupid!	Ezali mpenza mabe mingi !
Kim is two years older than him.	Kim azali mokolo na ye na mibu mibale.
Would you have a good book to recommend to me?	Ozali na buku ya malamu mpo oteya ngai ?
Please respect the protocol and comply with etiquette.	Osengeli otosa molongo ya molulu mpe omikokisa na elembo etiyama.
How can you watch a documentary about famine in Ethiopia while eating a Big Mac — you really have no morals.	Osalaka ndenge nini mpo na kotala documentaire kolobela nzala na mboka Éthiopie na ntango ozali kolia big mac, ozali mpenza na bomoto te.
If I gave you an inch, you'd probably take a mile.	Soki napesi mosapi, okozwa ntango mosusu loboko mobimba.
If you can't fly, then run. If you can't run, then walk. If you can't walk, then crawl, but whatever you do, you have to keep moving forward.	Soki okokoka kopumbwa te, boye kima ata mbango. Soki okokoka kokima te, boye tambola. Soki okoki kotambola te, kasi ngoluma, kasi ata ndenge te nyonso okoki kosala, osengeli okoba kokende liboso.
Our project is the last item on the agenda. Since the members will be tired by then, it will probably go through without much discussion.	Mwango na biso ezali masola ya nsuka na makambo tokolobela lelo. Lokola ba député bakolemba na ntango wana, bakoleka na lombango, kozanga kosolola mingi na ntina na yango.
It was a lot of fun gambling in Las Vegas.	Ezalaki liseki mingi kobeta masano ya mosolo na Mboka Las Vegas.
This exercise took me back several years.	Momekano (exercice)  oyo ezongisi ngai mbula ebele na nsima.
His proposal seemed absurd but turned out, in hindsight, to be brilliant.	Maloba maye mazaki komonana lokola bolema, kasi emonisamaki na nsima kozala na bwanya.
Maritime peoples have the invaluable advantage of being less exposed than agricultural nations to the influence of foreign movements.	Bato babikaka na bokula ya ebale bazali na bolamu ya bapaya moke, na bokeseni na bato ya mboka basalaka bilanga, na mosala ya botamboli ya bapaya.
The parking lot behind the school is almost empty.	Esika ya kotelemisa mituka na nsima ya eteyelo ezali lokola na eloko te.
Without that, everything would go even worse, and our species doesn't want to be shaped only halfway.	Na bozangi yango, nyonso ekokoma lisusu mabe, mpe bato balingi te kokoma bato ya ndambo.
The new trend for drinking vodka is to put it directly in your eye. However, this risks seriously damaging your eyesight.	Lolenge ya sika ya komela wiski ya vodka ezali kotiya yango mbala moko na liso. Kasi yango ezali na bokebi na kobebisa miso na yo na bokasi
Love isn't a game, so you can't just pick the best parts!	Bolingo ezali lisano te, na yango okoki kopona biteni ya kitoko te .
How do you stop resenting your ex?	Ndenge nini kotika koyina molingami na yo ya kala ?
Enzo needs to start over from the beginning.	Esengeli ete Enzo abandela uta na ebandeli.
Lucy didn't get Jeanne's joke.	Lucy asosoli lisano ya Jeanne te.
Your position may be a bit off target, but still close.	Bososoli na yo ezali mbala mosusu libanda moke na likambo tozali kolobela, kasi ezali mpembeni na yango.
Millions of people around the world are mourning the passing of Nelson Mandela.	Bamilio ya bato na mokili mobimba bazali kolela na ntina ya liwa ya Nelson Mandela.
Ugh! My computer has frozen again.	Aah ! Ordinateur na ngai ebebi lisusu.
My friend broke up with his girlfriend and now he wants to go out with me.	Moninga na ngai ya mobali aboyani na mwasi na ye, sika oyo alingi kobima na ngai.
Which is more useful, the sun or the moon? The moon, of course — it shines when it's dark, whereas the sun only shines when it's already light.	Eloko nini ezali na motuya mingi, moyi to sanza ? Sanza, esila eyebana, epesaka mpole na molili, kasi moyi engengaka kaka ntango nyonso mpole ezali.
She owns a charming little shop in Gamla Stan.	Azali na magazini ya kitoko ya moke na mboka Gamla stan.
This kind of subtle detail creates, for the reader, a psychological novel that forces us to read almost like a detective would.	Biloko ya mike-mike oyo ebotaka na makanisi ya motangi buku ya makanisi oyo ememaka biso totanga lokola esalaka bato basalaka bolukiluki (detective).
You know the association thanks to which many neighborhoods have been improved.	Boyebi lisanga (association) likolo na yango ba quartier mingi ebongisamaki.
I'm good at solving problems.	Nazali na bwanya ya kopesa eyano na mitungisi ya bato.
You're joking, I hope?	Ozali kokosa, nakanisi ?
The wolf, feeling the dogs biting him, let go of Sophie and began a terrible fight with them.	Mbwa ya zamba, komimona ete aswami na imbwa, atiki Sophie mpe abandi etumba ezangi bolimbisi na bango.
Jump! Don't be afraid! It's not very high!	Pimbwa ! Kobanga te! Ezali likolo mingi te !
I hate taking risks.	Nayina kozala na keba-keba.
It was madness of him to try to swim in the icy water.	Ezalaki bolema mpo na ye komeka konana mayi ya malili makasi (glace).
That guy is having an affair with your sister.	Mobali oyo azali na litonga na ndeko na yo ya mwasi.
Many well-known artists live in New York.	Bato ebele ya ntoki baye bayebana babikaka na New York.
To give is to offer someone else what you would like to keep for yourself.	Kokaba ezali kopesa moto mosusu eloko oyo okolinga obomba mpo na yo moko.
The delusion of one man is called insanity. The delusion of thousands of men is called a religion.	Bolema ya moto ebengami liboma. Bolema ya bato ebele ebengami eyamba.
The root of a flower is as fragile as a baby's finger.	Mosisa ya fololo ezalaka na bolembu nyonso lokola mosapi ya mwna moke oyo abotami sika.
Céline is sorry that you found out he wasn't sincere.	Céline azali na mawa koyeba ete moto wana azalaki na solo te.
Human knowledge is limited, but we don't know where those limits lie.	Boyebi ya bato ezali na ndelo, kasi toyebi mosanda ya ndelo yango te.
This medicine was of no help to me at all.	Nkisi oyo esalisi ngai ata moke te.
'But you, from that high rank of Hector's wife, to what humble fortune have you fallen? What fate can replace such lost greatness? Do you honor here a husband's ashes? Is it Hector or Pyrrhus who now commands you?'	"""Kasi bino, bozali na likolo, na molongo ya mwasi ya Hector / na bokitisi ya bozwi nini bokomi ? /Eloko nini ekoki kozwa esika ya bomengo bobungisi ? / Ozali komemya mputulu ya mobali na yo ? / Ezali Hector to Pyrrhus nde bazali kotinda yo ? """
A school administration consists of a principal, a secretary's office, general supervision, and a disciplinary office.	Bokonzi ya eteyelo ezalami na mokambi ya eteyelo, secretaire, bobateli ya bomengo nyonso mpe mobali ya alima.
At every moment, thoughts of caretakers and cleaning ladies come to our minds. If it weren't so, we could neither hear these people nor be heard by them. So this is a benefit.	Na ngonga nyonso, tomikaniselaka makanisi ya mokambi ya ndako mpe ya basali ya basi. Soki ezalaki bongo te, tokokaki koyoka bato baye te, mpe koyokamela te. Yango ezali boye na motuya.
I don't know what's wrong with me, maybe it's from the restaurant yesterday, I've spent the whole morning throwing up.	nNayebi te eloko nazali na yango, ezali tango mosusu bilei ya lobi, nalekisi ntongo nyoso na kosanza.
He went backstage after the show.	Akendaki na bisika ya kobatama na nsima ya koyemba.
The load was too heavy for one driver to transport alone.	Mokumba ezalaki mingi koleka mpo mokumbi akoka kotambwisa ye motuka moko.
May I ask what you're working on?	Nakoki kotuna ozali kosala mosala nini ?
The radio is too loud. Turn down the volume, please.	Radio ezali kobeta makasi mingi. Kitisa mongongo ya radio, nabondeli yo.
No use trying to sneak off without being noticed, you'll go through it like everyone else!	Ezali na ntina te omekola kokima lokola ba ingelesa, okoleka na molongo lokola bato nyonso !
I think every single French schoolchild uses or has used those famous yellow glue tubes.	"Nakanisi ete bayekoli nyonso ya lifalanse basalelaka to basila kosalela bisaleli ya kosangisa biloko ebengami ""tubes de colle jaune""."
Enzo and Marie met at the New Year's party.	Enzo mpe Maria bakutanaki na nteke ya nsuka ya mbula.
The show tells the story of a New Jersey mob boss who is in psychotherapy.	Lisano lipesaki lisolo ya mokonzi ya makambo ya molili na mboka New Jersey oyo azali na bokono bwa bolema.
When I was a kid, we used to play cup-and-ball with friends for a while — whoever got the most in a row won.	Ntango nazalaki mwana moke, tozalaki kosakana na nzete na nsinga elongo na baninga, ezalaki ye nde azalaki kozwa elonga mingi.
I left home early to make sure I didn't miss the train.	Nalongwaki ndako na ntongo makasi mpo ete nazanga engbunduka na ngai te.
My pretty young lady, might I dare offer you my arm and my escort?	Ndek ya mwasi ya bonzenga, nakoki kopesa yo loboko mpe botambwisi na ngai ?
Is this ball yours or his?	Motopi moye ezali ya yo to ya ye ?
Ethan's garage is full of things he never uses.	Esika ya kobomba biloko ya Ethan etondi na biloko basalelaka te.
This city attracts tourists not only because of its abundance of lovingly restored historical monuments, but also because of the charm of the surrounding landscape and its proximity to the coast.	Engumd oyo ebengaka bobele bapaya te mpo na bikeko ebele ya mbula elaka biye bibongisamaki na bolingo nyonso, kasi mpe lisusu mpo na bonzenga ya bisika bizali nzinga-nzinga na yango mpe na bokula ya mayi.
A nightingale is more prized by men than an eagle, but it is precisely the one that lives more often in a cage.	Ndeke oyo ya Rossignol ayembaka na ntongo azali na motuya koleka mpo na bato koleka mpongo, kasi abikaka na solo mingi-mingi na boloko.
This situation allows for no delay and must be resolved as soon as possible.	Likambo oyo esili koleka naino ntango te mpe esengeli epesama eyano na lombango.
I live out in the sticks, so if you want to come see me, I hope you have a car.	Nabikaka na cambrousse, na yango soki olingi koya kotala ngai, nakanisi ete ozali na motuka.
If you could tell your husband to avoid turning the radio all the way up when he's gardening on Sunday mornings, I'd appreciate it.	Nakosepela mingi soki okoki koyebisa mobali na yo amatisaka mongongo ya radio makasi mingi te na mokolo ya eyenga, ntango akataka matiti na lopango.
The waitress saw nothing.	Mosali amoni eloko te.
How can you possibly believe that a simple cleaning lady — black, and a single mother on top of that — isn't telling the truth?	Ndenge nini okoki kondima te ete mosali ya pamba ya mwasi, ya moyindo, ya monzemba lisusu, aloba solo te?
Hey, don't touch anything!	Keba! Kosimba eloko te !
When someone loses their mind and then returns to normal, they remember nothing.	Tango moto abimi na molimo na ye mpe azongi na bomoto, ayebaka lisusu eloko te.
He spent all his time staring at the screen.	Alekisi tango na ye nyonso na kotala télévision.
Mrs. Charrigaud, behind her fixed smile, was thinking: What an idiot this Victor is!	Ndeko mwasi Charrigaud, na sima ya kosenga moke, akanisi: - Zoba nini azali Victor oyo !
The marketing manager is in a meeting with the head of the executive committee.	Mokonzi ya Marketing azali na eyangani na mokonzi ya comité ya kokokisa mikano.
The funeral ceremony took place in a sorrowful atmosphere.	Mayangani ya kokunda elekaki na lolenge ya mawa mpenza.
Pull yourself together!	Zogisa makanisi !
One day, I took it into my head to speak ill of love: it sent me marriage as revenge.	Mokolo moko, namikebisaki koloba mabe na tina ya bolingo: ye atindeli ngayi libala mpona kolakisa nkanda na ye.
You'd better send for the doctor right away.	Okosala malamu kobenga monganga sasayipi.
It would be a shame for you to let this opportunity slip away.	Ekozanga mpasi kotika likambo oyo koleka.
My name is Sara.	Nkombo na ngayi Sara.
Hatred stirs up conflict, but love covers over all offenses.	Koyina etindaka koswana, bolingo ebombaka mabe nyonso.
The conflict reached its peak when some politicians accused their opponents of colluding with big corporations.	Bobendani ekomaki makasi tango bato mosusu ya politiki bafundaki bato ya bombanda na bango koyokana na ba compagnie ya minene.
People who are afraid of making mistakes will make no progress in English conversation.	 Bato bazali na kobanga kosala bibunga, bakokende liboso soko moke te na masolo na lokota ya lingelesa.
You should do your duty.	Obengami kokokisa mosala na yo.
If she sees me with him, she'll talk about it with her friends.	Soki amoni ngayi na ye, akoloba yango na baninga naye.
While I was cleaning up after the school festival, I lost a building key, and I was forced to write a letter of apology.	Nabungisaki fungola ya lopango  tango nazalaki kokombola na sima ya elambo ya eteyelo, mpe esengelaki nakoma mokanda ya bosengi bolimbisi.
This article discusses progress in cancer research.	Mokanda oyo alobeli bikamwa ezali kosalama na boluki na tina ya bokobo bwa Cancer.
Yanis is preparing something special for Lucie's birthday.	Yanis azali kobongisa eloko moko ya kokamwa na elambo ya bokokisi mbula ya Lucie.
Anyone who uses or works with Esperanto is an Esperantist, and every Esperantist has every right to regard the language simply as a means of international mutual understanding.	 Moto nyonso asalelaka to asalaka na lokota ya esperato, abyangami masali ya esperanto, mpe mosali nyonso ya esperanto azali na makoki ya kozwa lokota lokola bobele eloko ekopesa nazela ya bososoli na kati ya bato na molongo mobimba.
As he thought, the image of his first wife crossed his mind.	Na kokanisa, lilingi ya mwasi na ye ya liboso ekomeli ye na molimo.
I'm sorry about your sister.	Nazali mpasi na tina ya ndeko na yo ya mwasi.
How far are TV shows willing to go to boost their ratings?	Kino wapi ba emission ya televion ekozali yakobongisama mpona kobakisa balandi ?
But I am convinced that in order to move forward, we must openly say the things weighing on our hearts, which are too often only said behind closed doors.	Kasi nazali na kondima ete mpona kokende liboso, esengeli toloba na polele makambo tozali na yango na motema, mpe elobamaka mingi na nkunku.
Well, if you're not going to stop me, I want you to drive me back to my friends' place.	Na boye, soki otiki te, nalingi ete omema ngayi esika ya baninga na ngayi.
Let me ask Gabriel if he wants to come with us.	Tika natuna Gabriel, soki alingi kokende na biso elongo.
We try to go to Boston at least once a year.	Tomekaka kokende Boston soki mingi mbala moko na mbula.
At the metro entrance, everyone presents their ticket or taps their contactless pass on the reader.	Na ekuke ya metro, moto moko moko alakisaka ticket to alakisaka abonnement na esika endimaka yango.
Don't panic!	Kobanga te !
Some children resort to suicide to escape unbearable pressure.	Bona mosusu bamibomaka mpona kokima mitungisi oyo bakokaka te.
You should apologize to Thomas for calling him that.	Esengeli osenga bolimbisi epayi ya Thomas na tina ya lolenge obengaki ye.
I felt like I owed Thomas an explanation.	Namonaki lokola nazalaki na makambo ya kolimbola epayi ya Thomas.
Some healthcare workers spend more time doing paperwork than caring for patients.	Basali mosusu ya bokolongono ya nzoto balekisa tango mingi na kosala eloko te na tango ya kosalisa babeli.
She lives on a small pension.	Abikaka na mosolo moke.
'Happy people! You see your city rising; / and we,' said the hero, 'are searching for a refuge!' / Yet he walks on, wrapped in his veil; / and, mingling with the crowd, he goes unnoticed.	"""Bato ya esengo ! Bomoni engoma kotelema; / mpe biso, elobi molongi, tozali koluka ebombelo. "" / azali kotambola kasi, na masuwa ezingami; / mpe emikotisi na kati ya bato, abosanaki yango."
It took a national television campaign to finally find Sami.	Esengelaki kopanza nsango na télévision nationale mpona komona lisusu Sami.
We received several threatening messages from the separatists and filed a complaint against them with the police.	Tozwaki maloba mingi ya kobangisa kowuta na bato ya bokabwani mpe tofundaki bango na police.
If you can't solve this problem, ask your teacher.	Soki okoki kosala likambo yango te, tuna moteyi na yo.
The heroin was found by the police, during a routine check, in the false bottom of a truck's cargo hold.	Molongi ya mwasi, basoda bamoni yango na kati ya ya esika babombaka biloko na nse ya motuka, na tango bazaki kosala mosala na bango ya mokolo na mokolo ya ko controler bato mpe mituka,
I'm sorry, I accidentally deleted the email you just sent me. Could you send it to me again?	Nasali mbeba, nabomi na koyeba te mokanda nasilaki kotinda na internet. Okoki kotindela ngayi yango lisusu ?
She lost the key to her locker while swimming in the pool.	Abungisi fongola ya armoire na ye tango azalaki kosukola na eziba ya mayi.
I have meat, cheese, and tomatoes in my sandwich.	Nazali na mosuni, fromage mpe tomate na kati ya sandwish.
He would like to know if you play chess.	Alingaki ayeba soki oyebi kosakana na masano ya échec.
They're asking us to keep the heating below 26 degrees, but in their offices, we're roasting! "Do as I say, not as I do," as usual.	Bazali kosenga biso tokoba kotiya moto na mosanda 26, kasi na biro na bango, moto ezali koleka ! « Bosala oyo nazali koloba kasi oyo nazali kosala te », lokola na momesano.
Tell me what you know about the incident.	Yebisanga makambo maye oyebi na tina ya likama.
Go back and sit down.	Zonga na esika na yo ya kovanda.
I remember handing him the key.	Nazali komikanisela napesaki ye fungola.
President Lincoln was assassinated by a bullet to the head, just behind the left ear.	Mokonzi ya mboka Lincoln abomamaki na lisasi na moto, na mopanzi ya litoyo ya mwasi.
Victory seemed within reach.	Elonga ezali pembeni.
Maybe atheists should also start knocking on doors to announce their good news to people.	Tango mosusu, esengeli mpe bato bandimaka Nzambe te, babanda mpe kobeta ba ekuke ya bato mpona koteya bango.
'I live in Roubaix,' said Jackie.	"""Navandaka na Roubaix"", Elobi Jackie."
When you want to deceive the world, tell the truth.	Soki olingi okosa bato, loba solo bosembo.
Even the word 'depression' itself was the terminological product of an effort to soften the connotation of deep disorder. In the last century, the term 'crisis' was normally used.	"Ata nkombo ya dépression yango moko esalamaki na kosala makasi mpona kolembisa mokumba ezali likolo ya nkombo ya ""liboma"". Na mokama ya mibu mileki, nkombo ""crime"" ezalaki kolobama na bopete nyonso."
Césarine's beauty was neither the beauty of a lady, nor that of French duchesses, but the round, ruddy beauty of Rubens' Flemish women.	Bonzenga ya Césarine ezalaki te bonzenga ya lady, mpe soko moke te ya basi ya bomengo ya France, kasi bonzenga ya loposo kitoko ya basi ya ba falamand.
I will never know if I was right to trust him.	Nakoyeba te soki nasalaki malamu kotiyela ye elikya.
I want you to tell me everything you know about this.	Nalingi ete oyebisa ngayi nyonso oyebi na tina ya likambo oyo.
You must show respect to your guests.	Esengeli olakisa botosi epayi ya bapaya na bino.
This woman is capable of focusing her efforts and energy to carry out her projects effectively and passionately.	Mwasi oyo azali na makoki ya kofanda mpe kosangisa makasi mpe molimo na ye mpona kotelemisa makanisi maye na lolenge ya makasi mpe ya kobenda bato.
Stop filming.	Kata kozwa bilili.
She would like him to contact her son as soon as possible.	Akolinga kokutana na mwana na ye na lombango.
The smile you send out comes back to you.	Liseki ozali kotinda ezonga epayi na yo.
She prepared a hedgehog-shaped ground pork dish for the party.	Alambi nyama ya ngulu ya kokata mpona elambo.
Well, don't hold back!	Na bolamu, koyoka soni te !
I have a feeling you'll make a very good lawyer.	Nazali komona ete okozala mosambeli ya bato ya malamu.
Almost all implementations of virtual memory divide an application's virtual address space into pages; a page is a block of contiguous virtual memory addresses.	"Pembeni ya kokotisa na mosala ya mémoire virtuelle ekabolaka esika ya kobongisa emonanaka na tango ya koiya makambo na lokasa; Lokasa ezali molongo ya ba adresse ""mémoires virtuelles contiguës""."
We are always harsh toward those who love us and serve us in silence.	Tozalaka na bonyama epayi ya bato balingaka biso mpe basalisaka biso kimya.
When you drive, you must obey the traffic laws.	Tango ozali komema motuka, esengeli obatela mibeko ya nzela.
We will ask Joan, virgin, saint and martyr, to pray to God for the greatness and glory of France!	Toko  senga na Jeanne, ngondo, mosanto mpe mbeka, asambela Nzambe mpona monene mpe lokumu ya France.
I got an excellent grade on the assessment, and that makes me very happy.	Nazwi malamo na momekana ya kelasi, yango ezali kopesa ngayi nsai.
Why did Gogol burn the second part of "Dead Souls"?	"Na tina nini Gogol atumbi etei ya mibale ya buku ya ""Âmes mortes""?"
Trust is a risk, and avoiding risk is the name of the game in business.	Kolikya na bato ezali na bokebi, kasi bokebi ezali nkombo ya lisano ya mombongo.
I jumped for joy when I heard the news.	Napimbwaki na esengo na tango nazwaki basango yango.
I won't go on a date with anyone who isn't cute.	Nakoki te kobima na moto oyo azali kitoko te.
He took off without waiting around.	Akeyi na lombango kozanga kosenge mbongo ya sanze.
A woman is like your shadow: chase her and she flees; flee from her and she chases you!	Mwasi azali lokola elilingi na yo, kolanda ye na sima, akokima; soki okimi ye akolanda yo na sima !
Cut the mozzarella into cubes of about 7 mm.	Kata fromage ya mozzarella na biteni kokokana na 7 mm.
There are a thousand channels through which the beauty of our soul can rise to our thoughts. There is, above all, the wonderful and central channel of love.	Ezali na banzela mokama nakolanda yango bonzenga ya molimo na biso ekoki komata kino na makanisi na biso. Ezali migi-mingi nzela ya kokamwisa mpe ya kati-kati ya bolingo.
But meanwhile, it flees: time flees without return, while we wander, prisoners of our love of detail.	Kasi nakozela, akimi: tango ekimaka ezongaka te, na tango tosalaka mabunga, mikangami na boloko ya bolingo na biloko nyonso.
The second stage, the most important one, will involve learning new morphosyntactic structures.	Eteni ya mibale, ezali na motuya koleka, etali koyekola lolenge ya sika ya kobongisa maloba.
Hugo was trying to forget his heartbreak by playing the piano.	Hugo azalaki komeka kobosana mpasi ya bolingo na ye, na kobeta piano.
When you take the medication, it will start acting on the symptoms, like the pain, right away, but that doesn't mean the ulcer will heal immediately.	Ntango bokozwa nkisi, ekobanda kosala na bilembo, lokola mpasi, mbala moko, kasi elingi koloba te ete mpota esalaka lipipi esili mbala moko.
It would be a shame to let our hard work go to waste.	Ekozala mawa kotika kobeba mosala na biso ya mpasi.
The cupboard will stay where I put it, there's no doubt about that.	Alumwalu enene ekotikala esika natiyaki yango,  wana  ntembe ezali te.
Mathis and Marie spent their honeymoon abroad.	Mathis mpe Marie balekisaki mikolo milandaki libala na bango na mboka ya bapaya.
My neighbor's house was featured in a review in last month's issue of Florilège de l'Architecture.	Ndako ya moninga avandi mpembeni na ngai ekomamaki na  zuluna ya motango ya Florilège ya ntoki-ndako na sanza eleki.
The authorities have issued an appeal to the public.	Bakonzi babengisi bana mboka.
Marie's singing teacher is a lyric soprano with an impressively wide vocal range!	Molakisi ya nzembo ya Marie azali soprano lyrique na mongongo ya molayi, ya malamu mpenza.
She spoke, and suddenly vanished into thin air; / she flees, and, despite my sighs and my tears, / cuts short the charm of so sweet a conversation.	Mwana mwasi alobi, mpe mbala moko akatswi; / akimi, mpe, ata mpema na ngai mpe mpizoli na ngai, / na masolo ya esengo akati bonzenga.
I hope you're having a good time!	Nakanisi ete ozali kolekisa ntango malamu !
What will Trump do now? Attack China? Destroy Russia? Wipe out Iran? He won't do anything, because the United States already tried all of this long before, and failed miserably.	Nini Trump akosala  na ngonga oyo ? Kobundisa Chine ? Kopanza Russie ? Kobebisa Iran ? Akosala eloko te mpo Amerique amekaki kosala oyo nyoso liboso kasi azuwaki te.
A dispute that drags on proves that both parties are wrong.	Mindondo oyo esilaka te ezali kolakisa ete bango nyoso bazali na mbemba.
No one among mortals is so great that he cannot be joined in prayer.	Moto moko te na kati ya bakufi azali monene mpo asangisama na mabondeli.
I am appealing to you to contribute to the new clinic.	Nabengisi yo mpo na osunga lopitalo oyo ya sika.
In France, the seventeenth century is the era of classical literature.	Na mboka France, ekeke ya zomi na sambo ezali eleko ya mikanda mpe nkota efulukaki.
At their head, Pyrrhus, axe in hand, / strikes redoubled blows upon the brazen doors. / The hinges tremble; the vast thickness of the planks gives way.	Na moto na bango, Pyrrhus, epasoli na liboko, / abeti mbala mibale likolo ya ekuke ya libende ya motane. \Biteni ya mabende biningani; biteni ya mabaya ya monene mafungwami.
The cops are looking for the gang's hideout.	Bapulusu bazali koluka libombami ya miyibi.
Sometimes, the football World Cup allows communal tensions within a country to be set aside, as everyone rallies behind the national team.	Mbala mosusu, lisano ya motope mpo na mokili mobimba etiaka mpembeni boko kilikili na kati ya bato na mboka moko, bango banso batelemaka nsima ya basani  ya ekipi ya ekolo na bango.
He listened to the news on the radio while feeding his dog.	Ayokaki  nsango na radio ntango azalaki koleisa mbwa na ye.
All savages can dance.	Bana mboka nyonso bayebaka kobina.
The image does not match reality.	Elilingi ekokani na bosolo te.
I am really sorry, but I have to cancel our meeting on February 27th.	Nazali mpenza na mawa, kasi nasengeli koboma likita  ya biso ya 27 ya sanza ya mibale.
I'm sorry. I take back what I said.	Nazali na mawa. Nalongoli oyo nalobaki.
I'm organizing a treasure hunt for my son's thirteenth birthday party.	Nazali koluka mbongo mpo na nteke ya mibu zomi na misato ya mbotama ya mwana na ngai ya mobali.
My husband earns a hundred thousand dollars a year.	Mobali na ngai afutamaka 100,000 dolale na mbula moko.
We hope to come back next year.	Tokanisi  kozongela mobu oyo ekoya.
Know then that the more we love, the less we should let a man, especially a husband, glimpse the extent of our passion.	Yeba ete ntango tolingani mingi,  tokoki kotika komona moto mingi te, mingi mobali, na etando ya bolingo na biso.
Every self-respecting mother covers her baby with kisses.	Mama nyoso oyo amitosaka apepwaka mwana na ye.
"""Upon leaving Ilion, our ancient abode, / (perhaps you know of Ilion's misfortune) / dragging a wearisome life from sea to sea, / at last the raging waves cast me into these places."""	"""Na bobimi ya Illion, epai tokovanda kala, /(ntango mosusu boyebi bobola ya Illion) / kowayawaya na bibale na bomoyi ya mitungisi, / na nsuka londende ya nkanda ebwakaki ngai na bisaka oyo. """
The IT sector is experiencing a period of growth.	Makambo ya bisalelo ya sika ezali kobika na eleko ya bokoli.
Raphaël and Marie are members of a secret society.	Raphaël mpe Marie bazali bato  ya lisanga moko ya sekele.
Form balls 3 cm in diameter and place them on a buttered sheet of aluminum foil.	Sala mabungutulu ya satimetele misato mpe tiya yango likolo ya nkasa ya aliminium ya mpembe batiya manteka.
Not only do you want to exploit me for your own interests, but you never fail to make arrogant remarks to me every time you get the chance.	Olingi kaka osalela ngai mpo na litomba na yo moko te, kasi ozangisaka te kobakisa mwa maloba ya enzombo ntango nyonso libaku epesameli yo.
What the peasant doesn't know, he doesn't eat. If the city dweller knew what he eats, he would immediately become a peasant.	Oyo moto ya mboka ayebi te, aliyaka yango te. Soki moto ya engumba ayebaka oyo azali koliya, akokoma na lombango moto ya mboka.
I dare not investigate too deeply, for fear of discovering the horrible truth!	Nakomeka kolukaluka na bozindo te, noki te nakokundola bosolo ya kobangisa !
He belongs to an extinct species. Perhaps he is the last hick in the world.	Azali ya baye basila kolimwa. Ntango mosusu azali moi-mboka ya nsuka mpenza na mokili.
Yet she began to carefully put away the documents and notes, out of the habit of a good housekeeper who did not want to leave anything in disorder behind her.	Abandaki kobongisa malamu minkanda, na ezaleli ya mwasi malamu ya ndako oyo alingaki kotika eloko moko na mobulu nsima na ye te.
The smell of dirty socks makes me want to vomit.	Nsolo ya soseti ya bosoto epesaka ngai mposa ya kosanza.
Sometimes, Enzo would come to meet up with his old friends.	Ntango mosusu, Enzo azalaka koya kokutana na baninga ya kala.
I have done everything I could for that, and I think you have shown the greatest interest in grasping not only these rules but also the "spirit" of this marvelous creation of the Master, Zamenhof.	"Nasalaki nyoso esengeli mpo na yango, mpe na banzi  ete bokolakisa litomba ya monene ya koyeba kaka mibeko wana te, kasi lisusu ""molimo"" ya bokeli ya kokamwa ya Moteyi, Zamenhof."
My husband is an expert when it comes to cooking Chinese food.	Mobali na ngai  azali makasi  soki esengeli kolamba bileyi ya ba chinois.
Do more sport, otherwise you'll be overweight.	Salaka lisano koleka, soki te okozala na ba kilos koleka.
Rick was very excited to have passed the exam.	Rick asepelaki mingi na kozwa  na momekano.
I didn't know why I wasn't supposed to go to that part of town.	Nayebaki te mpo na nini nasengelaki te nazala na ngambo oyo  ya engumba.
I prefer to leave the curtains open to let in the moonlight.	Nasepeli kotika ba lido polele mpo  ekotisa mwinda ya sanza.
Allow me to introduce myself.	Botika ngai namilakisa.
A dispute broke out inside the convention hall, and punches immediately began to fly.	Koswana ebandaki na kati  ya ndako ya bosangani, mpe makofi ebandi mbala moko.
The deputy only looks after his own interest.	Mokonzi molandeli  atalaka kaka litomba oyo ya ye.
The new "Take That" album is awesome!	"Apasoli alibum ya sika ya ""Take That"" !"
An army is made up of a vanguard, a rearguard, and the main body of the army.	Limpinga  ezali na ebateli moko ya liboso, ebeteli moko ya nsima mpe monene ya limpinga.
One should not celebrate victory before the battle.	Okoki koyemba elonga te liboso ya etumba.
Bonsais are miniature trees which, in their natural environment, could reach 10 to 20 meters in height.	Bonsaïs izali nzete ya mike, eye na kati ya zamba, ikoki kokoma ba 10 kino 20 metele ya molayi.
Magnificent luxury apartment for rent in Spain.	Ndako kitoko ya kofutela na Espagne.
It is ridiculous, even absurd, to think about the superiority of man over woman or woman over man.	Ezali litiyo mpe ntina te ya kokanisa bokonzi ya mobali likolo ya mwasi to mpe ya mwasi likolo ya mobali.
Do you mind turning on the TV?	Ekotungisa yo soki na kopelisa télé ?
That man does not come easily to self-knowledge, but needs to search for it, is probably due to the fact that in his childhood he developed a system of false beliefs.	Mobali aya te na bopete ya mayele na ye moko, kasi  azala na mposa ya koluka, kokamata bosolo na oyo ya bomwana na ye, kolimbola  ndenge ya makanisi mabe.
If you really want to get to know a place, you must go off the beaten path.	Soki bolingi mpenza koyeba esika moko, bokoki kobima na nzela  ya kala.
Her oval face was her trademark.	Elongi na ye ya  libungutulu ezalaki ndenge na ye ya kosalema.
The Japanese art of flower arrangement is called Ikebana.	Ntoki ya ba japonais ya ebongiseli fulele ebengami Ikebana.
Every time I learn that an artist I like, or a writer I admire, has just been awarded an honor, I feel a painful sensation, and I immediately say to myself: What a shame!	Ntango nyonso soki nayoki ete moi-ntoki oyo nalingi, ete mokomi moko oyo nalulaka  bawuti kozwa palata, nayokaka satima ya mpasi, mpe namilobeli mbala moko: Mabe nini !
If you are unhappy with your private life, I suggest you sign up on Facebook. It's the best way to get rid of it.	Soki osepeli na bomoyi na yo moko te, napesi yo toli ya komikomisa na Facebook. Ezali nzela ya malamu  ya kotika yango.
Contrary to popular belief, forests are not the lungs of the planet; they only produce a third of the air we breathe.	Engebene na makanisi ozwaki te, zamba izali  lipululu ya planeti te ipesaka kaka  eteni ya isato ya mopepe oyo topemaka.
Wendy was not always interested in Japanese festivals.	Wendy amipesaka mikolo nyonso te na biyenga ya ba japonais.
Mr. Mitchell demanded that I pay the rest of the money by the end of the week.	 Mitchell alingaki ete natiya  mbongo etikalaki na nsuka ya mposo.
The best of all parents are those who allow their children to follow their natural talents.	Bababoti  ya malamu bazali baoyo bandimelaka bana na bango kolanda  makoki ya bango ya mbotama.
Take your hands out of your pockets when you talk to me!	Bolongola maboko na bino na mabenga ntango bozali koloba na ngai.
Mail, account statements, or communications from the bank will be sent to the account holder at the address given at the time the account was opened.	Kotinda minkanda  to  minkanda ya konti to ya masolo ya banki  ekosalema na mokolo konti na nzela epesamaki na ngonga ya bofungoli konti.
He had been informed that all the company's employees would be present for the occasion.	Bayebisaki ye ete basali banso ya kompani bakoki kozala wana na libaku.
With my respectful regards, please accept, Madam Minister, the expression of my highest consideration.	Na botosi  ya ngai ya lokumu, nasengi na yo  koyamba, mama ministele, elobeli ya ngai ya lokumu koleka.
It was so hot that I slept with the window open.	Molunge elekaki makasi ete nalalaki lininisa polele.
As far as I know, he's a great guy.	Na maye nyonso nayebi, azali mobali moko ya kitoko.
I left right after finishing my series because I was too pleased with myself. I let my team down.	Nabimaki kaka nsima ya kosilisa molongo ya mituna na ngai mpo nasepelelaki na ngai mingi. Natikaki ekipi na ngai epola.
Why didn't you admit to me sooner that you loved me?	Mpo na nini oyebisaki ngai te uta kala ete olingaka ngai ?
Unable to answer the teacher's questions, I was covered in shame in front of my classmates.	Kozanga koyanola na mituna ya motangisi, namiyokaki nsoni liboso ya baningai na gai ya kelasi.
Well, you know, that story—I don't give a damn about it.	Ben, oyibi,  nsango oyo, etali ngai te.
The two of us know that you two are lying.	Biso mibale toyebi ete bino mibale bozali kokosa.
The tall guy smoking a cigar over there is a famous director.	Mokolo ya mobali  azali komela makaya  azali mosali filime monene.
"One of the most important monuments of ancient art is the ""Chronicle of Times Past,"" written by the pen of an unknown author."	"Moko ya  motuya ya bikeko monene ya ntoki ya kala "" Makambo ya ntango eleka"", ekomama na losanla ya mokomi ayebani te."
Many clients come to consult this lawyer.	Ebele ya bakiliya  bayaka kotala molobeli oyo.
Now that the kid has fallen into the well, all we can do is limit the damage.	Lokola sika  mwana akweyi na kati ya libulu,  etikali na biso kaka kosukisa mbemba.
After a few years, instead of "The International Language of Doctor Esperanto," the short name "Esperanto" came into use. On this day, we are therefore celebrating the hundred and twenty-fifth anniversary of Esperanto throughout the whole world.	Na nsima ya mibu, na esika ya  « Monoko ya mokili mobimba ya monganga  Espéranto»  nkombo mokuse ya «  espérato » ekolobama. Na mokolo oyo  tozali kosepela bongo mibu nkama ntuku mibale na mitano ya mbotama ya espéranto na mokili mobimba.
Last October was warmer than normal.	Sanza ya zomi eleki molunge ezalaki makasi koleka momesano.
Ever since I learned of the university's existence, I have always wanted to take classes there.	Banda nayebaki ete universite ezali,  nalingaka kaka kotanga  kuna.
I spent the entire week working on this file.	Nalekisaki  mposo mobimba kosala na dosye oyo.
It was with Karl Friedrich Schinkel that he made the sketches for the sets and costumes for his opera "Ondine"; and art objects reminiscent of this work adorned his room in Berlin.	Ezali na Karl Friedrick Schinkel nde asalaki ebandela ya ekembisi mpe ya  kazaka mpo na teyatele ya miziki na ye « Ondine  »; mpe biloko ya ntoki ya kokanisa mosala  ebongisaka eteni ya ye ya ndako ya kolala na Berlin.
Suddenly, they started shouting, two of them stood up and nearly came to blows.	Mbala moko, babandi koganga, mibale kati na bango batelemaki mpe balingangi babunda.
She was named Alice, like her aunt.	Babengaki ye Alice, ndenge moko na tata mwasi na ye.
Léo's friends run along the path.	Baninga ya Léo bazoleka nzela na kokima.
Yes, I loved her a lot, but on the other hand she caused me an enormous amount of trouble.	Ya solo, nalingaki ye mingi, kasi na esika mosusu atungisaki ngai mingi.
"The city of Brno is often called ""the biggest village in the Czech Republic"" despite its 400,000 inhabitants."	"Engumba ya Brno ebengamaka mingi ""mboka ya munene ya republiki Tcheque"" ata ba 400 000  ya bato."
Plitvice National Park in Croatia is one of the most beautiful places in Europe.	Nzamba ya mboka ya Plitvice na Croasie eza esika moko ya kitoko na Europa.
The restaurant owner allowed her to take the leftovers home to feed all her dogs.	Mokolo  nganda  a ndimi a mema ndabu ya biloko yakolia epayi naye mpo nakoliesa ba mba  naye.
"Are you married, you and your girlfriend?" "Of course not." "Oh really? I thought you were."	«Bobalani, na moninga na yo? » « te. » «Ah malamu? Nakanisaka  ete ee. »
I would have drowned if you hadn't saved me.	Nalingaki na dinda soki obikisaki ngai te.
He read the entire Old Testament in one year.	Atangaki mobimba ya bondeko bwa kala na mbula moko.
Bravo! You did a lovely job on this drawing.	Longonya! Osalaki liyemi oyo kitoko
Do you like rock and roll?	Olingaka rock and roll?
I waited for you to get out of prison.	Nayokaki ko bima nayo na boloko.
He found her waiting for him.	Akutaki azo zela ye.
My broke husband took me to McDonald's for our anniversary.	Mobali nangai a memaki ngai na Macdo mpo na mbotama nabiso.
Once we understand that misunderstanding is the common lot of the human condition, there is no shame in being wrong, only in failing to correct one's mistakes.	Tango  to sosoli ete boyokani te eza ebele ya  kozala ya kibomoto, koza soni ata mokote komi kosa, kasi  kobongisa kaka  mabunga.
Hugo is rightly very proud to have won the bronze medal.	Hugo  aza semba na bolongi ya nzele ya bronze
The philosopher who wants to extinguish his passions is like the chemist who would want to put out his fire.	Philosophe oyo alingi a koma molozi akokani na chimiste oyo alingi a koma na moto naye
The power of love and compassion is infinitely stronger than the power of weapons.	Makasi ya bolingo mpe ya mauwa  eza makasi mpo na libela koleka makasi ya mondoki
I bet you can't guess where I was last night!	na tie tembe ete okoyeba te esika nazalaki butu eleki!
Are you ready to enlist in an army that defends a racist and colonialist state?	Ondimi ko banda na limpinga oyo ezo telemela leta ya boposo ya nzoto mpe ya mboumbu?
Jules keeps texting me nonstop.	Jule azo tindela ngai ba SMS tango nyoso.
Tofu can be used to replace meat.	Tofu eza natina mpo nako salela yango naesika   ya nyama.
It makes me sad that you're leaving this city.	Ezo sala ngai mpasi ete otika engumba oyo.
Even if you go far away, let's stay in touch by phone.	Ata zoki okeyi mosika,  totikala  nakombena na tshobo.
Could you put that bag somewhere else?	Olingi kotia sakoshe oyo esika mosusu?
When he went to visit his hateful neighbor, Enzo was armed from head to toe.	Tango akendaki kotala moninga naye ya mabe, Enzo azalaki na mondoki na mutu ti na makolo.
You cannot be forced to testify against your husband.	Tokoki ko busa yote  ko sakola natina ya mobali nayo.
Venus, a desolate planet shrouded in thick clouds of sulfuric acid—did it foretell the future of Earth?	Venus, planete mokili mokauka eza na lipata monene ya acide sulifurike, ekotungiza lobi ya mabele?
"Captain, can we say that an object is lost if we know where it is?" "No." "Well then, Captain, your pocket watch is not lost, for I know it lies at the bottom of the sea."	«Kapitene, ekoki kolobama ete eloko  ebungi soki bayebi esika ezali? » « te. » «Ntango yango, kapitene, motele nayo ya moke embungaki te, kutu na yebi te ezalaka na kati ya mai monene. »
Do you think we should wait, hoping that it will change?	Bokanisi ete tokoki ko zela nakotia elekia ete wana ekobongana.
The boy soon came to, color returned to his cheeks, he jumped off the old man's lap and danced on the ground around him.	Mwana mobali  akomizongela yemoko lobi,  roze ekomi na matama naye, a pembi na makolo ya mobange ya mobali mpe abini, na mabele, nzinganzinga  na ye.
He never died; he hid in the castle, he still lives there, settled in sleep.	Akufaki te, na ndako azalaki kobombana,  aza na bomoi, nakati ya pongi kaka.
This video made me cry, I'm not going to lie anymore.	Video oyo elelisaki ngai, nalingi ko kosa lisusu te.
We are in a period of crisis, and the real change, the real transformation, are not yet ready.	Toza na tango ya kokoso, mpe kobongola ya salo, mpe kokende ya solo ekokismi nanu te.
My grandfather doesn't remember what happened yesterday, but can describe in detail what happened forty years ago.	Papa nkoko nangai azoyeba lisusu te oyo elekaki lobi, kasi akoki kokoma   nyoso oyo  elekaki na ntuku minei ya mbula.
Please enclose a stamped, self-addressed envelope with your proposal.	okoki kotia na kobanza nayo mukanda ya  esika nayo.
The meal finished, everyone, in long speeches, / asks again about the days of their lost friends; / their hearts are torn between hope and fear: / are they still alive? or else, deaf to their lament, / are they already covered by the shadows of death?	Bileyi yakosila, nyoso, na masolo molai; / ya baninga naye oyo babugaki  basengi mikolo; / mitema nabango ekabwani na elikia mpe kobanga : /baza na bomoi lisusu? Tango mosusu, kimia na bosengi nabango, / bazipani   nanu  na elili ya liwa?
There were more guests than expected at the birthday party.	 Bapaya balekaki  mingi kolekaki  na eyenga ya mbotama.
A 19-year-old Canadian broke the world record last month for a nonstop round-trip swim across the English Channel.	 Canadien moko ya mbula zomi na libwa a  bimaki molongaki ya mboko nzaza eleki mpo na kokende -kozonga  nakotika te   kobeta mai na maboko
All events are produced by one another, I admit; if the past gave birth to the present, the present gives birth to the future.	Eyenga nyoso  ekosalema na moko koleka misusu, na ndimi ; soki lobi epesiki  mokonzi,  mokonzi akopesa  lobi.
Suddenly I noticed that my watch had disappeared.	Mbalamoko namonaki ete montele nangai ebungaki.
I have a feeling that you will be a very good lawyer.	Naza na liyanga ete okozala molobeli malamu.
Robin is Batman's friend.	Robin aza moninga ya B atman.
You think we didn't understand anything? You're wrong, we understood you very well.	Bokanisi ete toyokaki eloko te? Bomikosi, toyokaki malamu.
Why ever hesitate about our duty, when it can be recognized right away by this sign: duty is what annoys us.	Ponanini kotatabana te na bosengisi nabiso, tango amiyebi mbalamoko na bilembo : bosengi nde ezo tungisa biso.
You must apologize to him when you see him.	Ebongi kosenga ye mbolibisi tango okomona ye.
Thieves respect property. They only want the property to become their own property so they can respect it more perfectly.	Miyibi batosaka mosolo. Balingi kaka ete mosolo wana  ezala mosolo nabango mpo ete ba tosa yango mpeza te.
You can say whatever you want, I don't understand a damn thing about it.	Bokoki koloba nyoso oyo bolingi, nazoyoka te.
Hurry up! Otherwise I won't be able to take you to school.	Sala mbangu! Soki te nakomema yo na kelasi te.
As the windows no longer had a single pane of glass, he had decided to board them up by nailing planks over them: it wasn't easy to see, but it was warm.	Lokola lininisa ezalaki kaka na kitalatala moko, bakanisaki kokanga yango na mabaya : tozalaki komona  tempeza te, kasi mulunge ezalaki.
You must teach me what you know.	Okoki kotangisa ngai oyo oyebi.
With the development of networks, an enormous and unprecedented quantity of messages flies around the planet.	Na bobongisi ya rezo, bebo ya mikanda  ezo pimbwa nzinganzinga na mokili.
If we are to judge the future of ocean research by its past, we can certainly expect many exciting discoveries.	Soki tolingi kolobela lobi ya kelasi ya mai minene koleka lobi nayango,  tokoki mpe kozela  ebele ya bokondoli ya bomoi.
He was so tired that he had to take a nap before going back to his work.	Azalaki ya kolemba makasi te a ibaki mbongo liboso abandela musala.
Why is it so difficult to establish that the nerve cell is the basic unit of nervous tissue?	Mpo nanini eza mpasi kosala ete misisa ya nzote ezala moko ya mutuya ya mposo  ya  nzoto?
She refused to play with the thing, simply sat down, and seemed angry.	Aboyaki kosakana na eloko, avandi  naye kaka mpe asalaki yako silika.
The Sphinx had eaten hundreds of people on their way to the city of Thebes, because they could not answer the clever riddle the Sphinx asked them.	Sphnix aliaki  kama ya bato na nzela mpo na engumba ya Thèbes, mpo ba kokaki te koyanola  na mituna  ya makasi oyo Sphinx asengaki.
Shut up. Otherwise, you'll be fired.	Bokanga-ye. Soki te, bokolokwa musala.
Do you think she feels comfortable in her new apartment?	Okanisi ete akosala malamu na ndako naye ya sika?
OK, I give up.	Ok, na tiki.
Raise your hand and ask permission if you need to leave the classroom.	Tombola lisapi mpe senga nzela soki oza na posa ya kobima na kelasi.
Nora's parents own seventy percent of the bank.	Baboti ya Nora  baza na ntuku nsambo ya mbongo ya banki.
I'm happy that you liked it.	Naza na esengo ndenge  olingaki ye.
To be an interesting person, you must nourish and train your mind.	Mpo ozala moto ya motuya, esengeli oleisa mpe kobenda molimo nayo.
She came to cause trouble.	Ayaki mpo asala mobulu.
Before leaving, don't forget to have your supervisor fill out your internship evaluation form.	Loboso ya kokende, kobosana te kotondisa koleka moboti mukanda  mwa malakisi ya koyekola musala.
Louis is more like an alchemist than a magician.	Louis a kokani mingi na moyebi siansi  koleka nganga.
She had her hair cut because she liked shorter hair, not because she had lost her love.	Amikatisaki suki mpo alingaka suki ya mokuse, te mpo abungisaki mobali naye.
The king hopes and believes that the love his people currently show him will last forever.	Mokonzi atie elikia mpe ko ndima ete litatola sikoyo ya batu eko wumela seko.
No religious, historical, political, moral, legal, or security argument could justify the conditions of extreme humiliation and collective punishment to which Palestinians are subjected in their own country.	Ata litatoli ya bokristo, masolo yakala, politiki, molale, juridiki, to bokengi ekoki te ko talisa soki  bokitisi ya suka mpe ya etumbu  ya bosangani naoyo ya botosi yaba Palestiniens nakati ya mboka nabanga moko.
Dan couldn't believe that Linda could do something so stupid.	Dan azokoka te kondima  ete Linda akoki kosala likambo moko mpe  ya buzoba.
At the start of the meeting, a greeting message from the president was read.	Na ebandeli ya kokutana, totangaki  sango  ya bosesi ya tata mokonzi
It has happened before and it will probably happen again.	Esalemaka kala mpe ekoki  salema lisusu.
I'm sorry, I dialed the wrong number.	Bolimbisi, namikosaki  numero.
I wish you had called beforehand.	Nalingaki ete obenga nanu.
You'd be better off buying a new one rather than trying to fix it.	Ekozala malamu osomba ya sika naesika omeka kombongisa yango.
She spent the last years of her life with a hidden sorrow.	Alekisaki mobu mileki ya bomoi naye na mawa ya ko bombana.
The ugly little duckling turned into a magnificent swan.	Somo  libata ya muke ebongwani  Cygne ya malamu.
The space cargo ship exploded a few seconds after launch.	Cargo spatial epezanaki ba segondi eleki sima ya kobibwa.
Hey ho! Is anyone there?	He Ho! Mutu azali?
Hey, guys! What's new?	He, bilenge! Nini ya sika?
Anna Freud had a profound influence on Hollywood.	Anna Freud  azui libemba makasi na Hollywood.
She spent hours at the gym trying to lose weight.	Alekisaki   ba ngonga na ndako ya gym komeka bungisa kilos.
Have you read the article about Asia in Time?	 Omekaki kotanga article ya Asie na ngonga?
I confess to almighty God and to you, my brothers and sisters, that I have greatly sinned in thought, in word, in what I have done and in what I have failed to do: through my fault, through my fault, through my most grievous fault.	Nasengi bolibisi epa ya nzambe  monene mpe na bino  mandeko-mibali mpe bandeko-basi, ete na sumukaki makasi nakokanisa, na maloba, na bizaleli mpe  na ko lekisa : eza mabe nagai, eza mabe nagai, eza mabe nagai ya monene.
I cannot stand your indifference. If you leave me, I will die.	Nazo koka kara nayo te. Soki otiki ngai, na kufi.
This sentence, taken out of context, is not very interesting.	Falaze oyo esali  libanda  ya likambo  ezo lakisa mpeza ntina te.
The rescuers scanned the area, searching for the child.	Basalisi bazo manyola esika, mpo koluka mwana.
You surely think that women are, above all, pretty and thin, and that for everything else they'd better keep quiet.	Okani mpeza mpo ete  basi baza nanu kitoko mpe mike, ete mpo  na oyo etikali  ekosala malamu kokanga.
The day we can teleport, I know a few bathrooms that are going to be crowded.	Mukolo oyo tokoki ko bengana, nayebi bisika  ya esekolelo esika batu bazalaka ebelé.
It is imperative to give this ship special treatment so that it can get past the obstacles of bureaucracy and leave port on time.	Eza ya motuya sala  libongisi ya monene na masuwa oyo mpo eleka  mabaku ya makabo ya buro mpe ebima na libongo na tango.
When I was a teenager, my parents never let me go out with boys, so I was always sad.	Tango nazalaki elenge, baboti nangai bazalaki kotika ngai te na bima  na bana-mibali, yango nazalaki kaka ya mawa.
I often remember my happy childhood.	Nakanisaka tango nyoso na bomwana nangai ya esengo.
When people talk to me about the weather, I always have the strong impression that they want to tell me something else. This terrifies me.	Tango batu balobelaka ngai mpo na tango basalaka, nakanisa  kaka ete balingi ba yebisa ngai eleko mosusu. Oyo ezo tungisa ngai  makasi.
You need to find my turkey for me or pay me for it. Go look for it around here, it can't be far.	esengeli  ozwa dinde nangai soki te ofuta ngai. Kende koluka ye singasinga, akoki kozala mosika te.
Anza, these are the moans that some people hear at night, in houses where people are said to have had their throats cut or to have suffered a violent death.	Anza, eza kolela ya batu musus bazoyoka na butu, na ba ndako esika batu   bakufa to yaba oyo bazwaki liwa ya pasi.
We ambushed several hundred of their new J-37 robots behind enemy lines in a staging area, and we destroyed them all by sending a flock of sheep loaded with explosives through their camp.	Totiyaki mitambo ebele na mikama ya ba robo J-37 nabango ya sika  sima  ya milongo ya binemi na esika ya bosangani mpe tobebisaki  bango nyoso na kotinda  etonga   ya meme kotonda na ba explosifs nakati  kambi nabango.
Wait a minute!	Zela miniti moko!
Stop annoying me. I'm busy.	Botika ko silikisa ngai. Naza kipe.
At no time did we make your email address available to another user without your permission.	Ata tango moko te tosalaki  adresi nayo eletronike  polele na mosaleli mosusu  na bosenga nzela nayo te.
Do your duty, and let the gods do the rest.	Bo sala bisengisi nabino, mpe bo tika bi zambi ba sala.
They will make him change his ways (they will make him change how he walks).	 Ba kobongolisa ye  etambuisi (ba kobongolisa ye kotambola).
On the phone: "Well, my dear, what are you doing?"	Na njombo  : « Eh malamu,  bolingo nangai, ozo zala nini? »
The bullet went into his chest, leaving him in critical condition.	Bale ekoyingela ye na tolo , ekotika ye na état ya mabe.
And here I am meddling in everything! They'll immediately tell me: eat your snack and shut up. But there's no question of bread here! Just glory.	Sikoyo ngai namikotisi na makambu nyoso Bakoyebisa  ngai nyoso  sikoyo : lia bileyi nayo mpe fanda kimia. Kasi, eza lituna ya lipa te, awa! Kaka, ya lokumu.
Now the mind map is ready. Think now about how you can put them together in a certain order. Number them and enter them into the computer according to the order you found.	Tala sikoyo bokokisi yandakisa ya mayele. Kanisa sikoyo na ndange nini okoki ko  sangisa bango  nakati ya mitindo moko. Tia ba chiffre mpe koma yango nakati ya odinatele nakolanda  mitindo ukutaki.
Yes, this is Anthony.	boye, eza Anthony.
Hey, I got you a beer.	Hey, nasweli yo masanga.
I don't know any other way to do it.	Nayebi ndenge mosusu te ya kosala.
To close the dialog box, you must click the X at the top right of the window.	Mpo na kokanga saduku ya masolo esengeli bofina na X likolo ya loboko ya mobali  ya  lininisa.
The less intelligent the white man is, the more stupid the black man seems to him.	Mindele mike baza mayele, ba mwindo ebele ba basoba.
Cosmetic surgery is not covered by most insurance policies.	Bobongisi  ya poso ezwamaka  penza te na ndakisa   ya  kontra  ya assurance.
As Lincoln said to a nation far more divided than ours, we are not enemies but friends. Though passion may have strained them, it must not break the bonds of our affection.	Ndenge  Linconln lobaki na mboka moko ya kokabwana koleka ya biso, toza binemi te kasi baninga. Lokola  mawa ekomelaki bango, ekoki kobebisa te  bosangini ya bolingo nabiso.
You should have learned to swim when you were young.	 Esengelaki  boyekola kobeta mai tango bosalaki bilenge.
He's an old high school friend.	Asa moninga ya kala ya kelasi.
You're really a great guy.	Osa mobali moko malamu mpesa.
Good evening, the party is great, don't you think?	Mbote, bokotani oyo eza malamu,boyebi yango
In the following image, we see an aerial photo of the company's headquarters.	Nakati ya elilingi elandi , tomoni cliché likolo ya esika monene ya lingomba.
I would never have believed he could do something so horrible.	Nakokaki kondima te  ete akokaki  kosala eloko ya mabe boye.
Why can't we manage to send emails to your mailbox, that's odd.	 Pona nini tozo koka te ko tinda ba mail na sanduku ya  mikanda nayo,  eza mistik.
Do not throw any objects out the window.	Bobwaka eloko moko te na lininisa.
A killer robot is an autonomous weapon that can select and attack targets without human intervention.	Robo moko ya koboma eza mondoki yaye moko, nani akoki kopona mpe ko landela nsuka nabosangi ya lisungi ya moto.
A bottle of shampoo costs as much as a tube of toothpaste.	Molangi ya shampooing eza talo koleka  kisi ya minu.
On your marks, get set, go!	Na bilembo, kotala, kende!
She shouted for him to come back, yet he did not stop, nor look back, but ran away.	Abeleli ye azonga, atelemi kaka te, mpe atali na sima te,kasi a kimi.
My heart cannot bring itself to forget you.	Motema nangai ezo ndima te kobosana yo.
I'll be right back.	Nazoya kaka sikoyo.
The average rent for an apartment in Manhattan is about $4,000 per month.	kofutela  ndako moko na Manathattan eza nakati ya 4000 $na nsansa.
Last night I finished reading The Magic Mountain.	Butu eleki nasilisaki  kotanga  The Magic Mountain.
I opened the door and saw two boys standing side by side.	Nafongolaki porte mpe namoni mibali mibale yako telema moko  pene ya mosusu.
I thought that a walk in the park might ease our minds of our troubles.	Nakanikaki ete kotambola nakati ya nzamba ekokaki ko kitisa milimo  ya binemi nabiso.
The sense of freedom in language is like that in clothing: everyone is convinced they are following their own style of their own free will, but everyone wears the same thing at the same time.	kobanza ya limemia nakati ya monoko ekokani na oyo  ya  kolata : batu nyoso  balingi kolanda  style naye na bosomi , kasi batu nyoso balati ndenge moko na tango moko.
It would be cool if you came.	Ekozala malamu oya.
You can't close that suitcase because you put too many things in it.	Ozo koka  kokanga  sanduku oyo te mpo otiaki  biloko ebele nakati
Miss Sato is the president's new secretary.	Mlle Sato aza mokomeli ya sika ya tata mokonzi.
The housing situation shows no hope of improvement.	Likambo ya ndako  ezo lakisa ata  elikia  te ya kobongisa.
Speak loudly when you give your speech.	Loba na mongongo makasi tango ozo sala  discours nayo.
This is a magnificent lavender field in France.	Oyo eza elenga moko ya kitoko ya Lavande na france.
You have been so kind to me, and I had a very pleasant stay. Thank you very much.	Ozalaki malamu mingi na ngai, mpe nalekisaki mikolo malamu. Matondi mingi.
"I'll bring my dog so you can meet him." "What?! Don't you dare bring that mutt here!"	« Nakoya na bwa nangi mpo ete  oyeba ye. » « nini ?! Komeka te komema  nyama wana awa ! »
Jack took six exams last month.	Jack alekisaki motoba ya momekano nzanza eleki.
Get out of here, right now!	Bima awa, sikoyo!
It's the first one on the right, then the second one on the left.	Eza ya liboso na loboko ya mobali mpe ya mibale na loboko ya mwasi.
I like doing magic tricks for kids, but they sometimes fall flat.	Nalingaka ko sala mingi  bongaga -nkisi po na bana, kasi esimbaka te.
The storm we feared did not come, but the sky remained dark and threatening.	Ekumbaki tozalaki kobanga eyaki te, kasi mapata etikalaki moyinda mpe mabe.
Hi honey, I'm coming home.	Mbote molingami, nazali kozonga na ndako.
The internet, cell phones, or digitization... What consequences does technological progress bring to people's opinions, behaviors, and political interests?	Internet, telefone ya maboko to bisalelo misusu ya mikolo oyo... Mbeba nini bokei liboso ya bisaleli ya bato ezali komema na makanisi, bizaleli mpe makambo ya politiki ya bato ?
Truth is pure, but it is painful. No selfish person in their right mind would ever accept things as they are. Such is the masochism inherent in "truth".	Bosolo ezalaka mpeto, kasi esalaka mpasi. Ata moto moko te ya mopimi ya molimo mpembe akondima makambo motindo ezali. Boye nde minyokoli bato bamipesaka ntango ya boyebani nzoto mpo na bazwa esengo esalamaka kokokana na «bosolo».
The pope read his Christmas message.	Papa atangaki nsango na ye mpo na eyenga ya mbotama ya Yesu Kristu.
I don't think there is any culture where rape is not considered a very serious crime.	Nabanzi ete ezali na ebikeli moko te oyo bokamati basi na makasi emonanaka te lokola ekela ya bobuki mobeko.
One of these roads leads to the station.	Moko ya nzela iye ekeyi kino na station.
Hey, listen to this.	Eh, boyoka oyo.
Once released, a word spreads everywhere.	Ntango elobami mbala moko, liloba epanzani bisika nyonso.
Just as Adèle was getting up, she noticed James beside her, staring fixedly at her. The young man quickly looked away as if he had been caught red-handed.	Na ntango Adèle alamukaki, amonaki James na mopanzi na ye, azalaki kotala ye. Elenge mobali alongolaki na lombangu elongi lokola nde bakangi ye na kati ya mbeba.
One of the best ways to help us is to translate from a foreign language you know into your own native language, or your strongest language.	Lolenge mosusu ya komisalisa biso na biso ezali ya kobalola lokota ya bapaya oyo boyebi na lokota na bino ya mboka, to lokota oyo eleki nkota nyonso ya bino na makasi.
My father did not want me to go study in the United States.	Tata na ngai alingaki nakenda kotanga na États-Unis te.
White over red, nothing moves. Red over white, go ahead.	Mpembe likolo ya motane, eloko moko ekoningana te. Motane likolo ya mpembe, leka liboso.
The day after her first date with Nathan, Marie was daydreaming all day. She wasn't paying attention in class at all and had no appetite.	Lobi oyo elandaki bokutani na ye ya yambo na Nathan, Marie azalaki na sanza mokolo mobimba. Azalaki kolandela makambo na kelasi te mpe azalaki ata na mposa ya koliya te.
I tried to explain to him that we were not responsible for his mistake; however, he refused to listen.	Namekaki kososolisa ye ete tozalaki na kati ya libunga na ye te ; kasi, aboyaki na ye koyoka.
You should clean that cut right away, you wouldn't want to get an infection!	Osengelaki kopetola mpota wana sikawa, osengeli ozwa mikolobe te !
After the trial, they released the prisoners.	Nsima ya kosamba, babimisaki bakangami.
Martin Luther King Jr. was the son of a black pastor.	Martin Luther King Junior azalaki mwana ya Pasteur ya lomposo mwindo.
Stop being so slow, damn it!	Tika kozongisa makanisi nsima, esika ya ekobo !
The Prime Minister's speech was designed to anger the opposition parties.	Lisikulu ya ministele ya yambo esalamaki mpo na kotombokisa mangomba ya batelemeli.
I'm sorry, but I'm not who you think I am.	Nayoki mawa, nazali oyo bozali kokanisa te.
These problems will be solved in the near future.	Makambo oyo ekozwa biyano na mikolo mizali koya.
Enzo disappeared without a trace.	Enzo alimwaki atiki ata elembo te.
Whatever fate has created, fate will bring to an end.	Atako bomoyi ebandaki, yango nde ekosukisa.
Can you explain to me why you refused his offer?	Okoki koyebisa ngai mpo na nini oboyi likabo na ye ?
She told me that on some days, she was angry at the whole world.	Azalaki koloba na ngai ete mikolo misusu, aboyaki mokili mobimba.
Several young people say they feel abandoned by society.	Bilenge mingi balobaka ete bamimonko ete bato basundola bango.
Jean seems brave, but is actually a coward.	Jean azali mobali ya bokasi na kotala ye, kasi na bosolo alemba.
Perhaps it is time for atheists, too, to start knocking on doors, in order to spread their message of happiness in the world.	Ntango mosusu ngonga ekoki, mpo na baye bandimaka Nzambe te, bango mpe babanda kobeta bikuke, mpo ete bakoka kopalanganisa nsango ya bomengo na mokili.
You can look wherever you like: you won't find a second mother.	Okoki koluka epai olingi: ekozwa mama ya mibale te.
I think Jules didn't understand what you were saying.	Nabanzi ete Jules asosolaki makambo ozalaki koloba te.
No matter how hard you try, the result will be the same.	Okomeka mbala mingi, eyano ekozala kaka motindo moko.
Only a bold mind will be able to solve this riddle.	Bobele molimo ya bopikiliki nde ekoki kozwa eyano na lisese oyo.
Apparently, that's not correct.	Nakotala, ezali solo te.
I am Charlie.	Ngai nde Charlie.
Tom refuses to take orders from Anne.	Tom aboyi kozwa mitindo ya Anne.
Guess who else moved to Boston.	Meka kokanisa nani mosusu alongwi kovanda na Boston.
Hello, this is Tom speaking. I'd like to speak to Ann.	Allô, ezali Tom. Nakosengela nasolola na Anne.
How is it that this kid always looks sad, with tears in his eyes?	Ndenge nini mwana oyo azalaka ntango nyonso na mawa mpe pizoli na miso ?
There's a cop coming!	Ezali soda moko azali koya !
They spoke softly, so as not to wake the baby.	Bazalaki kosolola malembe, mpo balamusa mwana te.
The moment I held the baby in my arms, he started to cry.	Ntango namemaki mwana,  abandaki kolela.
This job is killing me.	Mosala oyo ezali koboma ngai.
I then realized that this horrible cellar was the only place that could save our lives.	Namonaki ete libulu oyo ya nsomo ezalaki esika se moko oyo ekokaki kobikisa bomoyi bwa biso.
I'm not a cop. I promise.	Nazali soda te. Nalaki yango.
No one is supposed to be ignorant of the law.	Moko te asengeli kobunga mobeko.
The cops have already been called.	Basilaki kobengisa basoda.
You know you're not allowed to be here. Get out!	Boyebi ete bopesami ndingisa te mpo na kozwama awa. Bobima !
I swear, this is one of the best things I've ever eaten.	Nakati seleka, ezali moko ya biloko ya kitoko mingi oyo naliya naino te.
He was demoted to the rank of lieutenant.	Bozongisaki ye nsima na lopete ya lieutenant.
Don't be afraid! If you help me, everything will be fine.	Kobanga te ! Soki osungi ngai, nyonso ekotambola malamu.
On his face, I saw a joyful smile.	Na elongi na ye, namonaki koseka ya esengo.
You're a weird kid.	Ozali mwana moko  ya kokamwa.
I know some of the boys.	Nayebi bana mibali misusu.
Mike named his dog Spike.	Mike abengaki mbwa na ye Spike.
She's texting her boyfriend.	Azali kokomela makango na ye mwa nsango.
He was kind enough to offer me a cold drink.	Azalaki na boboto mingi mpo na kopesa ngai masanga ya mpiyo.
I thought you might want this returned to you.	Nakanisaki ete okolinga bazongisela yo oyo.
Noah was sentenced to life in prison without the possibility of parole.	Noah bakatelaki ye etumbu ete asala boloko bomoyi bwa ye mobimba  ata ndenge ya kotika ye mwa bonsomi ezali te.
I tried to shake their hands, but I felt that my gesture was out of place.	Namekaki kopesa bango mbote na loboko, kasi nayokaki ete likambo nasalaki ezalaki ya bobongi te.
We need to know the details of this terrible act.	Tosengeli koyeba manso ya mike ya likambo oyo ya nsomo.
From wanting to eat so much meat, we no longer have enough land to grow food to feed them.	Lokola tokomi kolinga koliya mosuni ya nyama mingi, tozali lisusu na mabele mingi te ya kolona mpo na koleisa bango.
You ask a lot of questions, huh.	Bozali kotuna mituna mingi, hein.
Frank Zappa was an American musician.	Frank Zappa azalaka alanga nzembo ya mboka America.
I won't say a word.	Nakoloba eloko moko te.
Reality seems different from the future we had expected.	Ebikeli ekeseni na oyo ekoya na maye tozalaki kozila.
It's crazy to go out in this weather.	Ezali bolema kobima na ntango oyo.
We managed to get it back without her knowing.	Tobundakibundaki mpo na kokamata yango na ndenge ayeba yango te.
The great majority of high school students I know cannot read a word they don't know, nor arrange the letters in the right order, let alone pronounce the word correctly or naturally.	Mingi kati ya bayekoli baye nayebi bayebi kotanga ata liloba moko te oyo bayebi te to kotiya letele na molongo elongobani, kozanga ete bakoma na koloba liloba yango na motindo elongobani to ndenge ezalaka.
Kylia is making a ton of money.	Julia azali kosangisa blé.
I'll try, but I'm not promising you anything.	Nakomeka, kasi nalaki yo eloko te.
After a brief speech, the mayor took a few questions from reporters.	Nsima na lisukulu ya bokuse, mokonzi ya engumba azwaki mwa mituna ya bapanzi nsango.
It's an endangered species.	Ezali lolenge eye elingi kolimwa.
I'm really glad you're here, Arthur. Thanks, huh.	Nasepeli mingi na ndenge ozali wana, Arthur. Matondi, hein.
I ran away without saying anything since I didn't want to lose our love.	Nakendaki ata koloba eloko moko te mpo nalingaki kobungisa bolingo na biso te.
Warm congratulations on your birthday, Mr. Poppins.	Longonya mingi mpo na eyenga ya mbotama na yo, mwana mboka Poppins.
The holiday season is my favorite time of year.	Eleko ya biyenga nde eleko nalingaka mingi na kati ya mobu.
The rich and self-indulgent young man felt strangely drawn to the strict ascetic life led by the members of some of the monastic orders.	Elenge mobali mozwi mpe ya komiyokisa esengo amiyokaki mopaya na bomoyi oyo ya kobika na komizangisa bisengo misusu oyo bandimi basusu ya molongo ya nsango bazalaki kobika.
Arthur reached the rank of colonel.	Arthur akomi na lopete ya colonel.
Trying to bring him back would be unwise.	Komeka kozongisa ye ekozala bozangi bokebi.
The husband is in the garden; he is lying down and sleeping under a tree.	Mobali azali na libanda, aminyolosi mpe alali na nse ya nzete.
Mr. Savaron has just completely defeated the famous lawyer our opponents had gone to fetch from Paris.	Savaron awuti kolonga molobeli oyo ya lokumu oyo batelemeli na biso bakendaki koluka na Paris.
Yeah, I felt bad when we broke up, but it doesn't keep me up at night.	Iyo, nazalaki komiyoka mabe ntango tokataki, kasi yango ezangisi ngai mpongi te.
The questions confused the witness.	Mituna mibulunginisaki motatoli.
I would say the worst is over.	Nakoloba ete ya mabe makasi eleki.
You owe me an apology.	Bosengeli kosenga ngai bolimbisi.
Apparently, no compromise is possible.	Nakomonana, ata boyokani moko ekoki kosalema te.
I blew all my money on nonsense.	Nasilisaki bozwi na ngai nyoso na makambo ya mpamba mpamba.
I was glad you called.	Nasepeli ndenge obengi.
Hmm...	Hum...
I hope she sees this.	Nalikye ete akomona yango.
Ethan says the alert came from the lab.	Ethan alobi ete elembo ya bokebi ewutaki na esika ya bolukiluki (labo).
Are you fed up with this bunch of thugs? Well, we're going to get rid of them for you.	Olembi na lisanga oyo ya bibosono ? Bongo bakolongolela biso yango.
He earns twice my salary.	Azwaka lifuti na ngai mbala mibale.
Call it whatever you want!	Benga yango lolenge olingi !
The Grey Bear Tavern, as James assures me, has long had a questionable reputation, and many crimes have been committed in its vicinity.	Libulu ya mbwa ya zamba ya mpembe-moindo, na oyo James asosolisi ngai, ezalaka uta kala na lokumu ya polele te, mpe asalaki mbeba mingi na bazalani na ye.
When playing tag, the one who is "it" must run after the other players to touch one of them, who then becomes "it" in turn.	Ntango ozali kosakana lokola nyawu, oyo azali nyawu esengeli akima nsima ya basakani basusu mpo asimba moko na bango, na ngala na ye, akoma nyawu.
As is often the case, Henry was not at home.	Lokola ezalaka ntango nyonso, Henry azalaki epai na ye te.
In Ankara, I said clearly that America is not - and never will be - at war with Islam. We will, however, continually confront violent extremists who pose a grave threat to our security.	Na mboka Ankara, nalobaki polele ete America ezali te mpe ekozalaka te na bitumba na Islam. Tokobundisa, bongo, ngonga nyonso baye balekisi ndelo na kanza mpe bazali kotiya kilikili na nkimya ya biso.
If you don't mind, I would like to ask Théo a few questions.	Soki yango ekotungisa yo ye, nakosepela kotuna Théo mwa mituna.
The enemy's face horrifies me, for I see how much it resembles my own.	Elongi ya monguna ezali kobangisa ngai, mpo nazali komona lokola ekokani boni na oyo ya ngai.
Don't talk nonsense!	Koloba bozoba te !
I can't remember which sweets I liked when I was a child.	Nazali kokoma kokanisa lisusu te boko bisika bizalaki kosala sukali ntango nazalaki mwana.
If you want to marry me, you must get down on your knees and give me a ring.	Soki olingi kobala ngai, osengeli kofukama na mabolongo mpe olatisa ngai lopete na mosapi.
In love, he who doubts accuses.	Na bolingo, oyo atiye ntembe azali kofunda.
I'm Alex. We met at the hotel last week.	Nazali Alex. Tokutanaki na hotel mposo eleki.
That's all you care about, huh?	Nyoso oyo nde ezali kosepelisa yo, Hein?
Don't be afraid to ask questions.	Kobanga kotuna mituna te.
Did you know that in Japan, if you have a tattoo, you won't be allowed to bathe in many hot springs?	Boyebi ete na Japon, soki ozali na nzoloko na nzoto, okozala na ndingisa ya kosokola na bisika mingi te ?
The consultant, placed under the authority of the Chancellor, gave the committee an opinion on important matters.	Mopesi toli, oyo atiyami na nse ya bokonzi ya mokonzi ya mboka, apesaki makanisi na komite likolo ya mituna ya ntina.
Are you able to jump over a chair from a standing position?	Ozali na makoki ya kopumbwa likolo ya kiti na ndenge ya kotelema ?
The people love kings who know how to spare them - they esteem even more those who know how to rule.	Bato balikanga bakonzi baye bayebi kobatela bango - bazalaka mpe na limemya epai ya baye bayebi kokonza.
Too bad if you're worried about Jules.	Etali yo soki ozali komitunisa mpo na Jules.
Do you want a glass of soda?	Olingi komela kopo ya soda ?
Did you watch the football match on TV?	Otalaki lisano ya ndembo na etando eke ?
Are you sure you want to go all the way?	Ondimisami ya solo ete okokende kino na nsuka?
No atheist worthy of the name will try to prove that God does not exist.	Ata moboyi Nzambe moko te ya lokumu akokoka kotalisa ete Nzambe azalaka te.
The trust of the innocent is the liar's best tool.	Boliki ya baye bayebi makambo te ezali nde esaleli ya malamu koleka ya bakosi.
If God made us in his image, we have certainly returned the favor.	Soki Nzambe asalaki biso na elilingi na ye, biso tozongiselaki ye yango.
Thomas will be able to explain all this to you in detail.	Thomas akolimbolela yo nyonso wana malamu.
Could King Albert be having a secret relationship with Princess Diana? I don't think so. He's too fat.	Solo mpenza mokonzi Albert azali na boyokani na nkuku na mwasi mokonzi Diana ? Nandimi te. Azali monene mingi.
She hired a private detective to keep an eye on her husband.	Azwaki na mosala monongi mpo na kokengela mobali na ye.
We need to make sure you're human. What are the first five letters of your email address?	Tosengeli kondimisama solo ete bozali bato. Maloba mitano ya yambo ya adresse électronique (mail) na yo ezali nini ?
Ha! Ha! Ha! Ha! No worries! I had the nerve to bluff.	Ha ! Ha ! Ha ! Ha ! Likambo te ! Nazwaki mpiko ya kokosa.
I hope everyone who reads this information will know that entrepreneurship is not for the faint of heart.	Nalikiye ete moto nyonso akotanga nsango oyo, akoyeba ete kobandisa mosala to mombongo ezali mpo na bagoyigoyi te.
We never love each other like in stories, completely bare and forever. To love each other is to constantly struggle against thousands of hidden forces that come from within you or from the world.	Balinganaka te lokola na masolo, bolumbu mpe mpo na libela. Mpiko ezali kobunda ntango nyonso kotelemelaka nguya ya yo ibatama to iye izali koya na mokili.
I was expecting good news from them.	Nazalaki kozila nsango malamu kowuta epai ya bango.
I wish there were sexy girls in my class.	Nakolinga ete basi oyo ya bonsenga bazala na kelasi nangayi elongo.
Wouldn't you have found yourself looking for things that had "20% more" written on them?	Okozwama te ete ozali koluka boko makambo natina nayango basi bakoma 20% ?
The Greeks invented the comma, not for their literature but for their actors, to warn them to take a long breath in preparation for a long sentence to come; a comma therefore represents a pause.	Bayela bango nde babimisaki virgule, moi n'a makomi nabango te kasi mpona basali masani nabango, mpona nako kebisa bango été bazwa kopemama mingi mpona liloba ya molayi ezali liboso; naboye virgule elongi koloba kopema.
This silky blanket is perfectly suited for babies.	Couverture oyo ya pepele elongobani penza na babebe.
"The United States needed the self-proclaimed terrorist organization ""Islamic State"" because it was the largest armed organization they could count on to plunge Syria permanently into chaos."	"États-Unis ezalaki naposa ya losanga yaba terroriste baye bamibengaka""État Islamique"" mpo été ezalaki lisanga ya munene ya lipinga oyo akanisaki okoki kokwehisa mpo na libela Syrie na libebi."
Nick speaks Portuguese very well. That's because he's been studying it for 5 years.	Nick ayebi koloba portugais malamu mingi. Ezali mpo ete azali kotanga ezali mobu mitano.
I have already read all the Harry Potter books.	Nasila kotanga mikanda nyoso ya Harry Potter.
During summer vacation, I used to go play football with friends almost every evening.	Natango ya eyenga ya tango ya moyi, nazalaki kokende kosakana na motope nabaninga toloba mpokwa nyoso.
Father used to say that the most important thing was that I live.	Tata azalaka koloba ete ya motuya koleka ezali ete nazala nabomoyi.
We must think together about the future of Europe.	Esengeli tokanisa elongo mpona lobi ya Europa.
You should examine the facts from a medical point of view.	Esengeli botala malamu makambo nandenge ya kimunganga.
Game theory shows that what we call "moral principles" are never anything more than elements of the strategy that allows the group to optimize its survival. People like to disguise their ruthlessness under the trappings of charity.	"Makanisi ya masano ezali kotalisa ete totangaka ""moboko ya bomoto"" ezali kaka boko makambo ezali kopesa mpila mpona lobiko. Bato babombaka bizaleli na bongo ya mabe o nzela ya lisungi."
Meh, we don't care.	Etali biso te.
I hope we can arrange to come to your party.	Nazali  na elikya ete tokobongama po toya na lipati na yo.
Every brain cell is a small empty drawer at birth. At death, a few drawers are full, many are stuck, others swollen, but most are still empty.	Cellule nyonso ya bongo eza tiroir ya pamba tango tobotamaka. O tango ya liwa ba tiroirs mosusu ezalaka ya kotonda, mingi ezalaka ekandami makasi, misusu evimbi, kasi mbala mingi, mingi ezalaka ya pamba.
A STOP sign in Japan has three sides, whereas in the United States, STOP signs have eight.	Elembo ya STOP na Japon ezali na bangambo misatu bongo na Amerique elombo yoko ya stop ezali na bangambo libwa.
The suspect must leave all his personal belongings on the table.	Mokangami esengeli atika biloko naye nyonso na mesa.
The burglar broke into his house.	Moyibi akotaki epayi na ye na nzela elongobani te.
The killer grabbed the machete as he slowly approached his staggering victim.	Mobomi abetaki  mopanga o tango azalaki koya pene ya moko abomaki na malembe penza.
The occupying soldiers are authorized by their racist and colonialist government to fire live ammunition even at minors who throw stones at them.	Baye bamapinga bazwaki ndingisa epayi ya boyangeli na bango ya kotala loposo ya nzoto pe ya kinoko babetaki bato masasi ya solo ata bana ya mike baye bazalaki kobwakela bango mabanga.
We shouldn't have any worries.	Tosengeli kozala na mawa ata moke te.
When I got home, I realized that one of my suitcases was missing.	O tango nakomaki na ndako, namonaki ete moko ya basanduku na ngai ebungaki.
One must go back to the Middle Ages to find its origin.	Esengeli kozonga otango ya kala po yakoyeba ewuta wapi.
Keep looking.	Koba koluka.
I thought you said you were going to be on vacation.	Nakanisi ete olobaki okokende bopemi.
You can see on his face that he is happy.	Ezali komonana na elongi naye ete ezali na esengo.
None of us could reach the bridge in time.	Moko te okati ya biso akomaki na gbagba na ngonga.
Shortly after returning to France, he decided to abandon his career as an economist to devote himself to his true passion, writing, in Spain.	Azwaki mokano sima ya bozongi na France, kotika mosala mwaye bo moto atali makambo ya mbongo po yakolanda bolingo naye ya solo ya kokoma makambo ya Espagnole.
To tell the truth, there is no root, prefix, suffix, or ending... in Esperanto, only a lexical unit used as a root, prefix, suffix, or ending.	Koloba bosolo, eloko moko te ezanga ndelo, to pe suka...Nazali na elikya ete liloba lyoko kaka ekoponama kati na ndelo, to pe suka.
It will take him two hours to finish this task.	Esengeli ngonga mibale po te asilisa mosala azali na yango.
A pineapple smell rises in the sun.	Solo ya ananasi ebimi na moyi.
Word is spreading that a great king, our cruel enemy, / Idomeneus, has fled his father's throne; / that, abandoned by the Greeks, the shores of Crete / promise the Trojans a sweet refuge.	Makekele ya mokonzi, monguna na biso ya mabe ebimi, koloba ete akimi bokonzi ya tata; /abwakisi ba Grecs, bibale ya ba Crete/ balakaki ba Troyens bopemi ya kimya.
He takes her to his office and they begin to talk about love.	Amemi ye na bilo na ye pe basololi makambo etali bolingo.
Do you mean to say you don't find that strange?	Olingi koloba ete ozali komona eloko ya mabe te?
You never forget to send your mother a birthday present.	Obosana te kotinda libonza ya eyenga ya mbotama na mama na yo.
I'm on the trail of the solution. I'll have it soon.	 Nazali na nzela yakozwa eyano. Nakozwa yango kala te.
The gendarmes handcuffed him.	Baye bamapinga bati ye minyororo.
Tell me your secrets without leaving anything out.	Yebisa ba sekele na yo nyonso pe kobomba ata moke te.
It's funny with people like you: you don't want to get your hands dirty.	Ezali pasi pe mawa na bato lokola yo : Olingi te maboko na yo ezwa bosoto.
Hey! Look what she brought!	He ! Tala eloko nini amemi!
The night the victim was killed was the night of December 14 to 15, 1999.	O mutu eye moto akweyaki na bamoko ya bayimi akufaki ezalaki ya le 14 pe le 15 décembre 1999.
"""Traduttore, traditore"" is an Italian expression meaning ""To translate is to betray""; it is clear that translation is a difficult art."	"""Traduttore, traditore"" Ezali maloba o italien pe ndimbola na yango ezali ""kolimbola ezali kowangana"" emonisi ete version eye ezali pasi penza."
"""It will be difficult for me, gentlemen, to take advantage of your kind disposition toward me,"" objected Bolkonsky, looking at his watch, ""for it is time for me to leave."" ""Where are you going, then?"" ""I am going to the Emperor's."""	"Ekozala pasi bandeko, nasalela komipesa na bino na bolingo po na ngai, objecta Bolkonsky, nabotali ngonga, po te tango ekoki nabima. ""Ozali kokende wapi ?"" ""Nazali kokende epayi ya mokonzi."""
I live 10 km from the sea.	Navandaka pene ya mayi na 10Km.
Trust people, but don't accept candy from strangers.	Ndimela bato, kasi kondima te mabonza ya bato oyebi te.
We're just on hello-and-goodbye terms with each other.	Topesanaka kaka mbote ya pamba.
Would we have a more peaceful world if everyone's life were necessarily recorded by the authorities? Would that deter criminals and eliminate crime? Could we finally walk anywhere at night without fear?	Tokozala na mokili ya kimya penza tango bomoyi na biso nyonso ekozala ekomami na makasi epayi ya bakonzi? Solo ekobongola bato ya mabe pe mabe? Tokotambola mokolo moko na butu na bobangi te?
What would you do if you had, say, ten thousand dollars?	Okosala nini soki ozali toloba na 10 millions de dollars?
The color turquoise evokes the color of clear water; it is a light, pale blue.	Langi ya bule ya mapata elakisaka langi ya mayi ya peto, ezali bule ya bopeto pe pete.
I want to thank you all for the good work.	Natondi banso botondi po na mosala malamu.
Since we moved into our new offices, I have to change trains three times to get to work in the morning.	Uto tokotaki na babilo eye ya sika, esengeli na yingela na baengunduka misatu po na koya mosala na tongo.
Don't forget to turn off the gas before leaving the house.	Kobosana te koboma moto yambo ya kolongwa ndako.
Based on what was known up to then, it was believed that the oldest dental care dated back to the Neolithic, seven to nine thousand years ago.	Tokanisaki ete kolikya na maye toyebaki uto kala na maye matali bopeto bwa mino, ewutaki na bato ya kala kala penza eleki bongo bileko sambo to pe libwa.
I should have brought my camera.	Esengelaki namema masini na ngai ya bilili.
Tommy couldn't answer the last question.	Tommy ayanoli na motuna ya suka te.
Hey, open the door.	Eh, Fungola ezibeli ya ndako.
This article contains some genuinely new ideas.	Makomi oyo ezali solo na makambo ya sika.
Stop that damn noise on the wall!	Tika makelele ya buzoba na efelo !
Many applications fall flat, even though they work correctly internally, because their graphical interfaces are not user-friendly, immediately discouraging users.	Bisaleli mingi ya tekinologi emonanaka malamu penza pe esalaka malamu o kati, kasi bilembo na yango esalaka malamu pe esepelisaka basaleli na yango te.
Béni falls in love with his partner named France.	Béni akomi na bolingo na moninga naye France.
I don't know what you want me to say.	Nayebi te naloba lisusu nini.
"""What have you done with your father, weighed down by age, / with a wife, a son, surrounded by carnage, / surrounded by enemies, who, without my help, / would have ended their days by flame or by the sword?"""	"Osalaka nini po na tata na yo na kimobange naye, / na mwasi naye, mwana naye, na mikakatano naye, banguna naye, pe soki ezalaki po na lisalisi na ngai te,  moto to libende elingaki esilisa mikolo na bango ? """
Last year's Miss Universe winner is very tall.	Molongi ya momekano ya miss ya molongo mobimba ya mbula eleki azali moto penza.
The bell rings at noon.	Ngonga ebetaki na nzanga.
Sorry for not replying to your message sooner, I was busy.	Limbisa ngai po te nayanolaki maloba na yo te, zambi nazalaki na mosala mingi penza.
He's a nice guy, certainly, but not very smart.	Azali malamu, bosolo ezali ete, azali mayele te.
One can sacrifice oneself for one's own ideas, but not for the madness of others.	Okoki kopesa bomoyi po na makanisi na yo moko, kasi po ya bozoba ya basusu te.
Johnny planted apple seeds continuously for 46 years.	Johnny azalaki kolona bambuma ya pomme nabokobi mibu 46.
Then Jesus turned and saw those who were following him and said to them, "What are you looking for?"	"Pe Yesu abaluki pe amoni baye bazalaki kolanda ye pe alobi na bango : ""Bozali koluka nini? »"
If you are Palestinian, you can be sentenced to administrative detention without charge or trial for periods of six months, renewable indefinitely, even if you have done nothing.	Soki ozali moto ya Palestini, Okotiama minyororo na ndako ya bakendemi ata osali mabe te pe likambo na yo eleki na bajuges te po na sanza motoba pe sanza esusu motoba na ndelo te, ata osali eloko te.
Sami will not be able to prove this alibi.	Sami akokaki komonisa bosenga naye te.
Heads I win, tails you lose.	Liboso nalongi, sima okweyi.
He ordered: "Die he must not, let him run free!", yet the scribe unfortunately wrote: "Die he must, not let him run free!"	"Apesi mobeko ""Kokufa akoki te, kokima ! »,Yango wana bato ya mobeko ya kokamwa bakomaki ""Kokufa, akokufa, kasi akokima te ! »"
Hunting season is open.	Eleko ya bokila efungwami.
Artificial neural networks can be used to understand biological neural networks or to solve artificial intelligence problems, without necessarily creating models of actual biological systems.	Bitando ya neurones artificiels ekoki kosalisa na komanyola bitando ya neurones ya biologie to pe kozwa biyano na mayele esalami na bato, ata ekobimisa te maye mazali bosolo ya basystèmes ya biologie.
She writes her poems in beautiful handwriting on little pieces of paper that she hangs up all over her apartment.	Akomaki bapoèmes na ye na ekomeli kitoko na bapapiers azalaki kotia bisika nyonso na ndako naye.
Documents relating to this period are particularly rare, perhaps because of a long series of natural disasters that struck the capital.	Mikanda ya eleko ena ezalaki mingi penza te, tango mosusu ezali po na mikakatano mingi ya mokili maye masalemaki na engumba ena.
The mother cannot be passed over in silence when we speak of her daughters' successes.	Mama akoki kovanda kimya te tango tozali kolobela elonga ya bana naye ya basi.
The prosecutor initiated a criminal trial.	Mokambi ya bajuges abandi esambiselo ya moyibi.
The sheriff is waiting for you in his office.	Mokonzi ya engumba azali kozela yo na bilo naye.
I was happy to see my old friends.	Nasepelaki mingi komona baninga na ngai ya kala.
There is no woman in the world who can resist the diligent care and every attention of a man who wants to make her fall in love.	Ezali na mwasi moko te na mokili oyo akolonga liboso ya bolamu pe masengenya ya mobali oyo alingi ye.
Shall we watch the latest episode of Game of Thrones?	Tokotala épisode ya suka ya Game of Thrones?
Since I don't know what questions I'll be asked, I'll have to improvise during my presentation.	Lokola nayebi te bakotuna nga nini, esengeli na bongisa yango otango ya komimonisa na ngai.
Daniel and Stéphane closed their suitcase.	Daniel pe Stéphane bakangi bisaka.
They kept singing until a rescue team arrived.	Bazalaki koyemba kino baye basalisaki bango bakomaki.
It is your duty to finish this job.	Ezali ya motuya po na yo kosilisa mosala moye.
For many people, the job of academic coordinator is unclear; it's simpler to explain directly what one does on a daily basis.	Po ya bato mingi mosala ya kalaka ya kelasi eyebani malamu penza te, ezali malamu koyebisa na bato nini esalemaka mokolo na mokolo.
When was the last time you took your dog to the park?	Mbala ya suka omemaki mbwa na yo na parc ezalaki nini ?
You must coordinate your plans with mine.	Esengeli kobongisa mwango na yo na oyo ya ngai.
It's hard to take care of a crying baby.	Ezali pasi kosalisa mwana oyo azali kolela.
I'm going to pick up Robert at the airport.	Nakeyi na libanda ya ndeke koluka Robert.
Last night, I stayed home so I could receive your phone call.	Butu eleki navandaki na ndako kozela bobengi nayo na téléphone.
You need to call me immediately.	Esengeli obenga ngai mbala moko.
I want a very precise inventory this year, this isn't about jotting down numbers at random, understood?	Nalingi osala inventaire ya malamu penza mbula oyo, esengeli te kaka ba chiffres, oyoki?
It's been exactly a week since I arrived in New York.	Ekoki bongo poso uto nakomaki na New York.
Labeling speech as hate speech is a way of limiting freedom of expression through social pressure.	Koloba ete liloba oyo ezali liloba ya koyina ezali lolenge ya kokanga bosomi ya bolobi o nzela ya minyororo ya social.
Three days ago, she sold her hair, the most beautiful I have ever seen.	Eleki bongo mikolo misato uto atekaki nsuki naye, nsuki kitoko namona nanu te.
The sky is too cloudy for us to observe the stars.	Mapata ezali na londende mingi pe komona minzoto ezali pasi.
I would go get the moon for you if you asked me to.	Nakokende kozwela yo sanza soki osengi ngai yango.
This island was governed by France at one time.	 île oyo ekambamaki na France na eleko mosusu.
Feel free to take a break whenever you want.	Okoki kopema soki olingi.
More than 90 percent of visits to a web page originate from search engines.	koleka 90 pour cent ya bapaya bayebaka bisika bawuta o nzela etando ya boluki.
If you asked your banker where he invests his money, you should also ask your dentist to open his mouth so you can look at his teeth.	Soki otuni moto ya banki esika abombaka mbongo naye esengeli pe kotuna monganga ya mino afungola monoko otala mino naye.
Police officers wear blue uniforms.	Bapolicers balataka bilamba ya bule.
As a child, I spent several years in Indonesia and heard the call of the adhan at the break of dawn and at nightfall.	Mwana, navandaki mibu mingi na Indonésie pe nayokaki bobengi ya adhan banda tongo ti pokwa.
There is majesty in his style.	Ezali na bokonzi na lolenge naye.
I don't know him from Adam.	Nayebi ye te ata na nzela ya Eva to pe Adamu.
I forgot to send New Year's postcards to my friends.	Nabosani kotinda mikanda ya botombeli mbula ya sika na baninga ba ngai.
He was downright mean, never happy.	Azali penza moto ya nkanda, ata mokolo moko te azalaka na esengo.
As for condolences at the open grave, we ask that you refrain.	Na maye matali maloba ya bobondi liboso lilita ya kofungama, tosengi na bino bomipima.
Don't forget to turn off the gas on your way out.	Kobosana te koboma moto yambo ya kobima.
Stop being so nice!	Tika kozala malamu !
Worry casts a long shadow over small things.	Makanisi etiaka molili na biloko mike.
I roll my own cigarettes.	Nazali kobongisa bacigarettes na ngai.
How long did the Mayan civilization last?	Mbula boni civilisation ya maya ewumelaki?
Boule de Suif is a character who surprises, with traits that don't specifically belong to her social class.	Boule de Suif ezali bomoto oyo ezali na lolenge ya komwisa na bizaleli oyo ezali ya classe sociale naye te.
And what if you had gone there and she hadn't been there, and on top of that it had rained?	Soki okendaki, soki azalaki te pe soki mbula ebetaki?
I offer you my gratitude in exchange for your kindness.	Natondi yo botondi po ya esengo nayo.
Don't move unless I tell you to!	Koningana te soki nayebisi yo te.
He gives me goosebumps.	Esalaki ngai malili na nzoto.
Don't change your plan every five minutes!	Kobongola mwango nayo te kaka boye.
The flames lit him up; he must have been twenty-one, very dark-haired, a handsome man, looking strong despite his slender limbs.	Milolo ya moto ezalaki kongenga, azalaki na mbula 21, pembe, mobali bozenga, makasi ata ete biteni naye ya nzoto bizali mike.
The silence was so deep that in the courtyard one could hear the murmur of the coachmen, the kicks and the sounds horses make when asking to go back to the stable.	 Kimya ezalaki bozindo pe toyokaki makelele yo ba cochers, makolo pe makelele ya bapunda kosenga ete bazonga na bisika balalaka.
Sleep next to me, it will soon be daylight.	Lala pene na ngai, tongo etikali moke etana.
Don't lie, honey.	Kokosa te bolingo na ngai.
"Marie Dmitrievna, nicknamed ""the terrible dragon,"" had neither title nor fortune."	"Maria Dmitrievna, oyo ayebanaki na kombo ya ""dragon mabe"", azalaki moto panza pe mobola."
Childhood is a butterfly that hurries to burn its white wings in the flames of youth.	 Bomwana ezali  lokila lipekapeka oyo akoluka  kobika bolenge na ye na lombangu.
I'm going back to college.	Nazongi na fac.
It is an act of cruelty to lock a small child in his room.	Ezali bonyama kokanga mwana moke na chambre na ye.
New York is accessible by rail from Washington.	Okoki kokende na New York o nzela ya engunduka kobanda Washington.
Thirty spokes form the hub, but the emptiness achieved between them forms the essence of the wheel.	Ba rayons tuku misatu esalaka mokokoli, kasi bopamba kati na bango esalaka ete roue ezalaka oyo ezali.
The ability to produce new utterances is an attribute of every natural language.	Bokasi ya kobimisa maloba ya sika ezali bolamu ya monoko pete.
A stay of execution was ordered at the last minute.	Bolongoli ya bosali oyo esengelaki kosalama ezalaki ya nkokoso penza.
For the sharks, we saw them not singly, nor by tens, nor by hundreds, but by thousands and myriads. Believe me, there are more sharks in the sea than mortals on earth.	Kasi barequins, tomonaki bango na bomoko te kasi o molongo ya zomi,  kasi  o molongo na nkama te, nkoto te pe millions te. Ndimela ngai, barequins na ebale bazali mingi koleka baye bakokufa na mokili.
What did your husband give you for your birthday?	Mobali nayo epasi yo nini na eyenga ya mbotama nayo?
Don't worry. You can trust me.	Komitungisa te. Ndimela ngai.
Thomas always keeps jumper cables in the trunk of his car.	Thomas akengelaka ntango nyonso nsinga ya kopelisela na kati ya motuka na ye.
Above all, don't bring that guy to the office.	Mingi mpenza, komema moto oyo na bilo te.
Well after joining the IMF in September 1992, a new chapter began of violated sovereignty, imposed policies, and neocolonial subjugation.	Na nsima ya kokota na FMI na nsanza ya libwà mobu 1992, likambo moko ya bokambi kozipama ebandelami , ya politiki ya kotiyama na makasi na boyebisami na boumbu ya sika.
The Van Horn family is rich.	Libota Van Horn ezali na makoki.
Her life turned upside down the day her husband left without warning.	Bomoyi na ye ebebaki mokolo mobali na ye akendaki na ndenge alakaki ye te.
This person had a strange smile on their face for a moment. What do you think that's hiding?	Moto oyo akomaki na esekelo moko ya kokamwisa na elongi na ye mpo na ngonga moke. Okanisi ezalaki kobomba nini ?
Stop worrying about it.	Tika komitungisa mpo na yango.
I don't answer stupid questions.	Nakoyanola na mituna ya bozoba te.
It would be nice if I spoke ten languages.	Ekokaki kozala kitoko soki nalobaki minoko zomi.
Pleased to meet you.	Nasepeli koyeba yo.
I like teasing kids.	Nalingaka mingi kosekisa bana.
You'd better lie down to rest a little; it would do you good, since you haven't slept all night.	Ekozala malamu olala mpo opema mwa moke; wana ekosala yo bolamu mingi mpo olalaki butu mobimba te.
His face turned pale upon hearing the news.	Elongi na ye ekomaki bule ntango ayokaki nsango.
I do have a driver's license but no driving experience, so I don't trust my abilities in that regard. Let's take the train to go wherever we need to go.	Ya solo nazali na monkanda ya kotambwisa motuka kasi na esaleli ya kotambwisa te, lisusu nazali na elikya na makoki na ngai na likambo yango te. Tozuwa engbunduka mpo na kokende bisika nyonso.
He's cunning; he'll know how to pull the chestnuts out of the fire.	Azali mokosi, akoyeba kolongola bolamu na kati.
If you want to be elected, you're going to have to take care of your image.	Soki olingi oponama lisusu, ekosenga obongisa elilingi na yo.
He went through a terrible ordeal.	Alekelaki momekano moko ya makasi.
Why is love so complicated?	Mpo na nini bolingo ezalaka mpasi boye ?
I have the feeling you had something else on your mind.	Nakanisi ete ozalaki na eloko mosusu na moto.
I like Kevin Nash.	Nalingaka Kevin Nash.
It's impossible for you to jump two meters high.	Ekoki te opimbwa metele mibale likolo.
You all know what I feel for Marika.	Boyebi bino nyonso oyo nazali koyoka na motema mpo na Marika.
He speaks. A cooler breeze favors our wishes. We glimpse the harbor; and, close to the clouds, the temple of Pallas comes into view.	Alobi. Mopepe ya mpiyo makasi esalaka malamu na matombeli na biso. /Tozali komona libongo; mpe, na mpene ya oyo ya polele, / tempelo ya Pallas emonani na miso.
Hugo is engaged to Ruth.	Hugo azali mobandemi ya Ruth.
Grace wore an indignant look.	Grace  atalaki ya esengo te.
Do you want to see something funny?	Olingi omona eloko ya kosepelisa ?
Anchises explains the oracle, and convinces the Trojans that it refers to the island of Crete, from which one of the ancient founders of Troy came.	Anchise alimboli liloba ya nzambe (na eleko ya kala), mpe andimisi Ba Troyens ete ezali esanga ya Crète, esika euta moko ya bankoko bakela Troie.
Brian had his wisdom teeth removed.	Balongolaki mino ya bwanya ya Brian.
Three times I stretch out my arms, and like a vapor, three times the deceptive phantom vanished.	Mbala misato natandi maboko, mpe lokola mopepe/ mbala misato ebungaki elima ya mokosi.
San Francisco is on the West Coast of the United States.	San Francisco ezali na mopanzi ya eloli ya Etats-Unis.
I spent the best moments of my life at my grandfather's.	Nalekisaki ngonga na ngai ya bomoi kitoko koleka nyonso epai na koko na ngai ya mobali.
You're looking at your beautiful pictures.	Ozali kotala bilili na yo ya kitoko.
Double-focus lenses are also called bifocals.	Maneti ya bitaleli mibale ebengamaka mpe bifocales.
Members of parliament deserve immunity and a salary in order to guarantee their independence.	Bantoma babongi na litomba mpe lifuti mpo na kopesa bango ndanga na bonsomi na bango.
Where is the emergency entrance?	Wapi ekoteli ya lombangu mpenza ?
The concert was fantastic, but now I'm as hungry as a wolf.	Lisano ya miziki (konsele) ezalaki kitoko, kasi sikawa nazali na nzala makasi.
We're starting to run out of ideas.	Tobandi kozanga makanisi.
Criticism of relationships is perfectly legitimate.	Botongi ya boyebani ezali na ntina mpenza.
"Correct your son, and he will give you rest. And he will bring delight to your life."	"Lakisa mwana na yo malamu, akopesa yo bopemi. Mpe akosala esengo na bomoyi na yo."""
Their kiss had been discovered by Charlotte.	Mapwepwe na bango egundolamaki na Charlote.
Forget it! It's too risky.	Bosana ! Ezali likama ya makasi.
I couldn't listen to the radio program all the way through.	Nayokaki lolaka ya ladio kino na nsuka te.
After eight months had passed and his heartbreak had faded, Georges started going out with girls again.	Na nsima ya sanza mwambe koleka mpe mpasi na ye ya bolingo kosila, Georges  abandelaki lisusu kolingana na basi.
Trying to convince her makes no sense.	Komeka kondimisa ye ezali na litomba te.
There are first-class funerals, as if one were going to Paradise by railway.	Ezali na makundi ya ntalo ya kelasi ya yambo lokola moto azalaki kokende paradizo na nzela ya engunduka.
While Laban had gone to shear his sheep, Rachel stole her father's household idols.	Ntango Laban akendeki kokata nsuki ya bampate na ye, Rachel aibaki terafimi ya tata na ye.
When a woman has to choose between love and wealth, she always looks for a compromise.	Ntango mwasi azali kopona kati ya bolingo na mbongo, alukaka kaka  esika moko na kati kati.
Had you arrived a little earlier, you could have met her.	Okomaka liboso mwa moke, mbele okutaki ye.
Your silence is precisely a resounding accusation.	Nkimya na yo ezali efundami ya makasi.
I approached her, saying: "Hey, what's going on here?"	Napusanaki mpene na ye na koloba: « Hé, nini ezali koleka awa ? »
I know the procedure.	Nayebi esaleli.
I believe that, if you want to, you can get good results.	Nalikye ete, soki olingi, okoki kozwa biyano ya malamu.
Man - white in Europe, black in Africa, yellow in Asia, and red in America - is only the same man tinted by the color of the climate.	Moto, mpembe na Mpoto, moindo na Afrika, mosaka na Aziya, mpe motane na Amerika, ezali kaka moto moko oyo atiama langi ya kilima.
I was hoping you could help.	Nazalaki kolikya ete okosunga.
The twelve signs of the Zodiac are: Aries, Taurus, Gemini, Cancer, Leo, Virgo, Libra, Scorpio, Sagittarius, Capricorn, Aquarius, and Pisces.	Bilembo zomi na mibale ya Zodiake bizali: mpate-mobali, ngombe-mobali, mapasa, lingato, nkosi, ngondo, emekeli-kilo, nkotó, mobwaki makula(moto ya litimbo), mbisi-ntaba-mobali, mosopi-mayi mpe mbisi.
He tends to whistle at the pretty women he sees in the street.	 Azalaka na mposa ya kobetele piololo ike na basi kitoko baye amoni na nzela.
Today's newspaper reports that the prime minister has abandoned the idea of visiting the United States.	Zunale ya lelo elobi ete moyangeli ya yambo atikaki makanisi ya kokende kotala Etats-Unis.
The same result can be obtained by doing a quick, direct calculation, in the style of physics.	Eyano moko bakoki kozwa na kosala mituya ya lombango na mpwasa, na ndakisa ya fiziki.
According to well-informed sources, ____ Ltd. is preparing to join the First Section of the Tokyo Stock Exchange.	Engebene na masolo ya solo, ____ Ltd. ezali komibongisa na kokota na eteni ya yambo ya misolo ya Tokyo.
Be like a headland against which the waves constantly come to break.	Zala lokola ngomba eye mbonge ikoyaka kobukana likolo na yango ntango nyonso.
I suggest you do your job and let me do mine.	Nasengi osala mosala na yo mpe tika ngai nasala oyo ya ngai.
A female army intern had been forced to resign after being filmed naked without her knowledge, while she was taking a shower.	Moyekoli-mwasi moko ya mapinga atindamaki na makasi atika mosola na nsima ya kozwa bolumbu na ye na bilili ntango ayebaki te, nzoka nde azalaki kosukola nzoto.
I promise I'll call.	Nalaki ete nakobenga.
I'll be down in a minute.	Nakokita nsima ya monuti moko.
Helen got off at the next stop.	Helen akitaka na etelemi oyo elandi.
I confide my secrets to him and he doesn't repeat them to anyone.	Nalobelaka ye sekele na ngai mpe ayebisaka yango na moto te.
He doesn't have a gun.	Azali na bondoki te.
The vampire kissed her neck passionately.	Vampire apwepwaki kingo na ye na esengo makasi.
You should free those animals from their cage.	Osengelaki ofungola nyama na ndako na bango.
Did you check the suggestion box today?	Otalaki na linzanza ya makinisi, lelo ?
The minister plans to visit Mexico next week.	Ministele alengeli kokenda na Mexique na mposo ya nsima.
Let us pay tribute to MohYa, so as not to forget, he who perhaps listens to us, since he still lives on today through his words, for eternity.	Topesa lokumu na MohYa, mpo na kobosana te, ye oyo azali koyoka biso, mpo azali kobika kino sikoyo na nzela ya maloba na ye, mpo na libela.
We urgently need new ideas.	Ezail na mposa ya lombangu makasi ya makanisi ya sika.
Manon asked me whether it was possible that I had prejudices toward Arthur. That made me think it over, and I decided to set aside those prejudices, which did indeed exist.	Manon atunaki ngai soki nakokaki kozala na makanisi ya nsima mpo na Arthur. Yango etindaki ngai nakanisa mpe nazuaki meko ya kolongola makanisi wana ya nsima, mpo ezalaki ya solo.
Unsurprisingly, most Lojban contributors list no country of origin in their profile.	Ya kokamwa te, bapesi misolo mingi na lojban bayebisaka ata soki moke te mboka ya bouti na bisika ya komilobela na bango.
The Elysee Palace is a private mansion located at 55, Rue du Faubourg-Saint-Honore in Paris.	Ndako enene ya Elysée ezali lotele ya moto moko ezali na motango 55, nzela ya Faubourg-Saint-Honoré na Paris.
I hope you find what you're looking for.	Nalikye ete bokozwa oyo bozali koluka.
According to Andy Warhol, everyone will have fifteen minutes of fame.	Engebene na Andy Warhol, moto moko akozwa minuti zomi na mitano ya koyebana.
It is hard to question one's soul and recognize its small childlike voice amid the useless clamor surrounding it.	Ezali makasi kotuna na molimo ya moto mpe koyebela mongongo na yo ya bomwana na kati ya makelele ezanga ntina oyo ezingeli yango.
Dan wants to launch his own radio station.	Dan alingi abanda ndako na ye moko ya bopesi nsango.
You don't remember anything?	Okundoli eloko te ?
The act known as terrorism, which robs us in an instant of all our precious days of peace and happiness, deserves to be called the enemy of all humanity.	Likambo eyebani na nkombo ya bopanzi nsomo, oyo epimelaka biso mikolo kitoko ya kimya mpe esengo na biso, esengeli ebangama monguna ya mokili mobimba.
Don't mess up my files, they're all precisely organized.	Kokotisa mobulu na kati ya mikanda na ngai te, ebongisami na polele mpenza.
I would be delighted to sing for you.	Nakosepela koyemba mpo na yo.
I'll pretend not to know, and it'll be fine.	Nakosala lokola nayebi te mpe nyonso ekoleka malamu.
I would really like to learn to dance.	Nakozala na mposa makasi ya koyekola kobina.
Kim is two years older than him.	Kim alekeli ye na mbula mibale ya bokulutu.
I only know him in work overalls, but at the hearing, he showed up in a suit and tie. I barely recognized him.	Nayebi ye kaka na bilamba ya bule ya mosala, kasi na esambelo, abimelaki na kazaka na kalavati. Nayebaki ye lisusu kaka sika.
That's how Pandark got lost in his room and was never seen again. Some say he died of hunger, others that he still wanders around looking for his CDs.	Boye nde Pandark amibungisaka na suku na ye kino bamonaka ye lisusu te. Baike balobaka ete akufa na nzala, misusu ete azali kotambolatambola koluka ba CD na ye.
If this damned parrot doesn't stop screeching right now, I'll wring its neck.	Soki tshaku oyo elakelami mabe etiki koganga sikawa te, nakobuka ye nkingo.
More and more doctors have started using the new medicines.	Mingi na kati ya minganga bambandi kosalela nkisi ya sika.
We live in a time when people openly display their sexual orientation but are ready to sue anyone who takes note of it.	Tozo bika ba tango wapi bato bazo lakisa na pwasa bizaleli na bango ya mposa ya nzoto kasi babongami ko landela moto nyoso oyo ako lobela yango.
Everywhere along his path he taught love, patience, and above all, non-violence.	Bisika nyoso na nzela naye, ayekolisaki bolingo, koyika mpiko, mpe likolo na nyoso, botiki-mobulu.
This tape doesn't stick.	Skotch oyo ezo zuwa te.
It's no longer about creating a fine work, you need to know how to arrange good publicity for it.	Eza lisusu mambi ya ko sala mosola kitoko te, eza sango ya ko sala boyebisi malamu.
No matter how fast you can run, you'll never catch up to a motorcycle.	Elandi te bombangu oyo okokima n'ango oko koka te ko zuwana na tukutuku oyo eza liboso.
Global optimization - what is it? It's a bit like if I gave you a pair of binoculars and asked you to find me the tallest mountain in the world, using only your eyes.	Bokolisi monene, eza nini? Eza lokola na pesaki yo ba talatala mpe na sengaki yo oluka ngomba ya molayi koleka bangomba nyoso ya mokili, na kosalela miso kaka.
This looks like an enchanted forest.	Oyo eza lokola zamba ya bondoki.
Some of his oldest articles remain entirely relevant today.	Maike ya makomi na ye ya kala etikali na tina ata lelo.
But is this information true?	Kasi makambo oyo eza ya solo?
Aeneas himself is deceived. Dido kisses him, caresses him as the son of the Trojan prince; and little by little the passion of love creeps into her soul.	Enée ye moko akosamaki. Didon apwepwe ye, asimbi ye lokola mwana ya mwana ya mokonzi ya ba Troyen; mpe moke moke moto ya bolingo ebandaki ko kotela ye na molimo.
Sherlock Holmes seemed delighted at the idea of sharing his rooms with me.	Sherlock Holmes amonanaki lokola ya kosepela na makanisi ya ko kabola elongo nanga basuku naye.
He should make the most of the opportunity to study.	A sengelaki ko toka mingi ko uta eleko oyo.
This heartless guy is trying with all his might to ruin me.	Masta oyo na motema mabe azobunda na makasi na ye nyoso mpo akwisa nga.
The PE teacher lined the students up in neat rows along the stadium before taking roll call.	Moyekolisi ya sport atiyaki bayekoli na mikoloto ya matungulu liboso ya kobanda kobenge.
Innocent people are dying without any favorable outcome ever emerging.	Batu baza na mbeba te bazo kufa kasi ata eleko moko ya malonga etikali ko zuwama te.
He who chases two hares at once catches neither.	Oyo azo landela nsimbiliki mibale azuwaka azangaka nyonso.
"But who could expect a homeland so far away? And who believed Cassandra in those unhappy times? Let us yield to the laws of fate, let us obey the gods."	"""Kasi nani akokaki na mosika boye ko zelela etenyi? / Mpe nani andimelaki Kasandra na ba tango wana ya pasi? /To mi tika na mobeko ya mbese, totosa ba nzambe. """
I feel much better now that my inbox is empty, because it means I've dealt with all the important issues.	Na mi yoki malamu sikoyo ndenge sanduku nanga ya mikanda ekomi polele, mpo ete elingi ko loba ete na kataki makambo nyonso ya tina.
Americans reportedly would have answered differently from the Japanese.	Bana ya Amerika bakokaki ko yanola na bokeseni na bana ya Japon.
The troublemakers got a year in prison, during which they had time to reflect on their actions.	Bato batyaki mobulu bapesamaki mbula moko ya boloko, eye na kati bako zuwa tango ya ko kanisela bisaleli na bango.
It rained and the dust disappeared.	Enokaki mbula mpe putulu esilaki.
He understood his exercise thanks to his classmate's explanation.	A yokaki etinda na ye na nzela ya bolimboli ya moninga na ye.
I would like to visit New York.	Na lingaki na koma na New York.
Compared to his problems, ours are nothing.	Na kokanisa na makambo na ye, oyo ya biso eza eloko te.
Recently, I discovered that our company's accountant was stealing money from the till. I immediately called her in for a meeting.	Eleki tango molayi, na sosolaki ete moyangeli mambi ma ko tango mosolo ya etelo ya biso azalaki ko iba mbongo na sanduku. Na bengisaki ye kaka mayangani.
Powerlifting is a sport in which competing athletes must lift the maximum combined weight across three lifts: the squat, the bench press, and the deadlift.	Makasi ya atletike eza masano epayi wapi bato ba tombolaka kilo esangisami elongo ya mimekano misatu ya kilo, oyo ya makolo ya ko ngunzama, oyo  ya kosala na kolala na se mpe oyo ya kotombola kauta na mabélé.
I went to get a dental X-ray this morning, I waited an hour in the waiting room!	Nakendeki ko sala radio ya mino na ntongo ya lelo, nazelaki ngonga moko nakati ya suku ya kozilela!
Oliver asked his parents, Jules and Marguerite, where babies came from.	Oliver atunaki na baboti naye, Jules na Marguerite, soki bisika wapi bana bautaka.
They were going to kill her.	Ba kokaki ko boma ye.
A true friendship is one that has lived through and survived hard times.	Boninga ya solo eza oyo elekela mpe elongâ bileko ya mpasi.
Once you start, you must keep going.	Kaka soki obandi, osengeli okoba.
A hen's egg is made up of shell, white, and yolk.	Liki ya soso esalemi na nkuba, mpêmbè mpe mosuku.
You seem familiar to me. Do I know you?	Eza lokola na yebi yo. Na yebi yo?
When I was a teenager, I had lots of hair on my head and no hair at all on my chest. Now it's just the opposite.	Tango nazalaki nanu elenge, nazalaki na suki ebele na mutu mpe ata soko suki moko te na tolo. Sikoyo eza lolenge mosusu.
Bunch of bastards!	Lisanga ya ba zoba!
The tenderest words have less hold on women than silent jewels.	Maloba ya sukali koleka nyoso eza na makasi moke likolo ya basi liboso ya ba biju ya talo oyo kutu efandake kimya.
Could you please tell me your mobile phone number?	Okoki, na bondeli penza, kopesa nga nimero nayo ya telefone mobile?
The occupying forces do not allow anyone to leave the city, including patients who need treatment in specialized hospitals.	Mapinga ya okipasyo ba boyi moto abima na engumba monene, ata bakoni oyo baza na mposa ya landelama na mapitalo minene.
How is it that he hates Molly?	Ndenge nini ekomaki ete ayina Molly?
Clara's irresponsibility drives me crazy.	Kozanga mayele ya komeme yaye mikumba ya Clara azo silikisa nga makasi.
Does globalization mean the disappearance of village prostitutes?	Ko fongwama na mokili eligni koloba ko bunga ya bandumba ya mboka?
You hinted, in so many words, that you wanted me to ask you out.	Omekaki koloba na ndambo-ya-liloba ete olingaki na benga yo mpo to bima elongo.
Boule de Suif speaks to the characters closest to her.	Boule de Suif asololi na bato baza penepene na ye.
Those who don't know a love of words must be incapable of writing beautiful sentences.	Baye bayebi te bolingo ya maloba bakozala na makoki te ya ko koma mikoloto kitoko.
Andrew meets Linda at school.	Andru akutani na Linda na kelasi.
His birthday happens to fall on the same day as mine.	Mokolo ya mbotama na ye ekweyi kaka mokolo moko na oyo ya ngai.
I couldn't be clearer.	Nakokaki te ko zala pwasa.
I'm warning you, I am seriously ill!	Na kebisi yo, naza ya ko bela makasi!
When the dog doesn't feel like hunting, it stands up on its hind legs.	Tango imbwa aza na mposa ya ko sala bokila te, atelemaka na makolo naye ya sima.
Since they're not around this weekend, they gave me the keys to their apartment.	Lokola bazali wana na suka ya poso oyo, ba tikelaki nga fongola ya ndako na bango.
A certain Mr. Brown came by to see you while you were out.	Moto moko na nkombo ya M. Brawun alekaki ko tala tango ozalaki te.
After the snub Angela Merkel dealt him, Francois Hollande will forever be remembered as the most useless president in the history of the Fifth Republic.	Na sima ya ezipameli oyo atiyaki na ye Angela Merkel, François Hollande akotikala libela na mitu lokola mokonzi ya zoba koleka banso oyo ya repibliki ya mitano.
You have a good heart, Leo. Always stay just as you are!	Oza na motema malamu, Leo. Tikala kaka ndenge ozali!
He played an important role on the committee.	Azalaki na esika ya motuya na boyangani.
I certainly wasn't born here, but I spent all of my early childhood here.	Na botamaki solo awa te kasi na lekisaki bomwana na nga nyoso awa.
Is she brunette, blonde, or redheaded? - I don't know. Her name? I remember it is soft and resonant, like the names of loved ones exiled by Life.	Aza ya na suki ya langi ya kawa, ya mosuku to ngolo? –Nayebi te. Nkombo na ye? Na gundoli ete eza elengi mpe ya mongongo lokola oyo elingamaka eye la Vie akimisa.
With the president's death, new policy decisions will have to wait for government approval.	Na kufa ya mokonzi ya ekolo, bikateli misusu ya bokambi ekozela ko ndimama ya guvernema.
Lucas lives in Rome, he is Italian.	Lukas abikaka na Rome, aza mwana ya mboka Itali.
New Year's is a sensitive date on the calendar.	Mokolo ya Mbula ya Sika eza mokolo ya lolenge n'ango na manaka.
He tells everyone at every opportunity what a great guy he is.	Alobaki na eleko nyoso epesameli lolenge kani o' wana azali moto moko ya malonga penza.
That is why the outcome of authorizing the use of first-level nursing care must correspond to the amount of nursing care needed.	Eza tina pona eye ba mbuma ya kopesama nzela ya ko zuwa kosimbama na minganga ya etelo ya yambo esengeli ekende elongo na motango ya minganga oyo esengeli.
Whether we're close or not doesn't matter, I can't ask him to do that.	Elandi te soski toza baninga to te, nakoki te ko senga ye asala bongo.
I think Enzo will want to sit down.	Na kanisi ete Enzo ako fanda.
I wish Raphael could have come to my concert.	Na tombaki mingi ete Rafael akoma na ngombi na nga ya nzembo.
You need to enter your personal information to buy a ticket.	Esengeli okotisa mambi ma tali yo na bomoko pona ko somba tiké.
To read without love, to know without admiration, to educate without heart, are among the gravest sins against the spirit.	Ko tanga kasi kozanga bolingo, ko yeba kasi ko zanga esengo, ko yekolisa kasi kozanga motema eza na kati ya masumu ya minene liboso ya molimo.
He's here looking for a fight.	Azali awa pona ko luka bitumba.
Having faith in your heart matters more than understanding with your mind.	Ko zala na kondima na motema eza na motuya mingi ko leka ko yokisama na kati ya tema na yo.
Well-being is tied to self-confidence.	Bozalisami malamu eza ya ko kangema na ko ndimisama ya moto o' kati ya ye moko.
Gabriel is a fascinating guy.	Gabriel aza moto moko kitoko.
Joe and Caroline are looking after our dog.	Joe na Karolina bazo batela mbwa na biso.
Are you sure you don't want to wait until tomorrow?	Bo ndimisami ete bo lingi ko zela kino lobi te?
He who is careful with a penny loses the whole purse.	Oyo azo batela mosolo ya ebende moko, a bungisaka libenga mobimba.
The magazine's latest issue will come out next Monday.	Motango ya suka ya magazini eko bima mokolo ya yenga ezo ya.
In the name of the Father, and of the Son, and of the Holy Spirit. Amen.	Na nkombo ya Tata na ya Mwana na Molimo Mosantu. Amen.
You could appear at the circus as a lion tamer.	Okaki ko ko monana na zolongano ya masano lokola mofandisi ya ba nkosi.
I'm sorry, I must take my leave of the guests now.	Na sengi bloimbisi, nasengeli ko tika ba byangami, sikoyo.
In music as in rhetoric, a pause is often used to create a dramatic effect.	Na bolanga nzembo lokolo na boyebi ya liloba, ko kataka na ba ngonga esalemaka mpona ko tiya efet dramatike.
It was I who mistook you for Roy when I first saw you.	Eza ngai nde na bungisaki yo na Roy na ko mona yo mbala ya liboso.
Algerians hate Israel because their religion allows them to kill Jews.	Bana ya Aljeri ba yinaka Izrael mpo mambi ma nzambe na bango ma pesi bango nzela ya ko boma ba yuda.
The influx of foreign workers has caused a serious housing problem in this area.	Boyei ya basali mosala ya kouta mboka mopaya ebotaki mbeba monene ya kozwa bandako, na ekolo oyo.
Look, look at that shark that's followed us all night - well, it's just waiting for you to get in the water so it can swallow you.	Tala, tala mbisi mbwa-ya-mbu oyo elandelaki biso butu mobimba -ya solo ezo zela kaka o' mitiya na mayi mpo e' mela yo.
By depriving their population of the stereoscopic vision that knowledge of a foreign language provides, English-speaking countries lock themselves into a mindset that prevents their citizens from understanding societies different from their own.	Na ko pima bato na bango na bomoni ya zolongano oyo epesalemaka na boyebi na lokota ya ekolo mosusu, bituka ya monoko ya kingereza e' mi  kangeli na ezalisi oyo e pekisi bato na yango ko yokela mpe ndimela bato ya bisika oyo ekeseni na bango.
The need to watch beautiful actors perform in unreal stories is a childish form of denying reality.	Mposa ya ko tala ba nzenga ya ba langa masano ko sakana na kati ya masapo ya bosolo te eza moko ya bizaleli ya ko bwakisa bosolo ya makambo.
To relax from their exertions, they would sit at the back of the garden under an arbor of climbing roses, and they made plans. Plans of happiness and work, of love and retirement.	Pona ko longa ba bolembu na bango, ba mesanaka ko fanda na kati ya elanga na se ya bafololo ya loze ya ko mata, mpe ko kanisela biye bakokaki ko sala. Makanisi ya bolamu mpe ya mosala, ya bolingo mpe ya bopemi.
While hundreds of millions of people have escaped hunger and poverty in recent years, many in the West lament this and heap scorn on capitalism.	Na tango ba nkama nkose ya bato ba fongwamaki ko uta nzala na bobola ba mbula oyo euti ko leka, mingi eza bato oyo na Elozi na poto bazo sepela na yango te mpe ba teki kapitalizme na bisika ya etumbu.
Help, I'm getting poorer! The interest rate on my savings account is lower than the inflation rate.	Bosalisi, nazo kweya na bobola! Motango ya bozwi na buku na nga ya ekonzo eza na se makasi koleka motango ya bomati talo.
The niece looks like her aunt.	Mwana mwasi okakani na tata mwasi na ye.
Barbara's success is beyond doubt.	Ko longa ya Barbara eza ya ntembe te.
You don't need to spell it out for me. I get it.	Oza na posa ya kosalela nga eteyelo te. Na yoki.
She threatened to kill me.	Abangisaki nga ete ako boma nga.
My grandma spoke nostalgically about the wonderful days of her childhood.	Koko na nga ya mwasi alobaki na kokanisa mikolo kitoko ya bomwana na ye.
What a good shooter!	Tala mobeti malamu!
Terry was very happy to hear this news.	Terry azalaki ya ko sepela mingi na yoka sango ena.
The new furniture arrived today.	Ba kiti na biloko misusu ya sika ekomaki lelo.
Sire, I had no need of that hypothesis.	Sire, nazalaki na mposa ya likanisi ena te.
Nothing resembles divine love more than hopeless love.	Eloko moko te ekokani mingi na bolingo ya bonzambe koleka bolingo ezanga elikya.
"She has a strange hobby, that transfer student." "She's cute, so I have no problem with it."	« Eza lisano ya ko kamwa oyo aza n'ango, moyekoli-mwasi ya sika. » « Aza nzenga, na yango naza na likambo te. »
The fig tree puts forth its first fruit, and the flowering vines give off their fragrance.	Nzete ya figi eboti bambuma n'ango ya yambo mpe nzete ya vinyo na tango ya fololo epesi solo ya malasi kitoko.
The internet is to China what the valve is to a pressure cooker - it keeps the pressure up while preventing an explosion.	Enterneti eza pona Shina, eye supape eza pona cocotte-minite, ezo kengela makasi na ko batela ete epasuka te.
Timeo had no time to celebrate his victory; the next goal was already waiting.	Timéo azalaki na tango ya ko sepela te na elonga na ye; mpo eloko ya ko landa elazaki ko zela kaka wana.
I didn't come because nobody invited me.	Na yaki te mpo moto moko abengisaki ngai te.
In my life I have seen several magnificent buildings, but never one more beautiful or richer.	Na mona na bomoyi na nga bandako minene mingi ya malamu penza, kasi natikala komona ata moko te oyo eleki na kitoko to bozwui.
"Chaste Vesta!" he said, "holy goddess! Sacred fillets! Altars adorned for my torment! Blade I have seen gleam for the dreadful sacrifice!"	"""Ngondo Vesta! alobaki, mosantu nzambe! / Basinga engebene ! bitumbelo ebongisami pona mpasi na nga! /Felo na monaki ezo ngenga pona mbeka ya somo! """
England is an extraordinary country. Whereas in France we give our streets the names of victories: Wagram, Austerlitz..., over there they slap on the names of defeats: Trafalgar Square, Waterloo Place.	Bongeleza, eza ekolo moko kitoko koleka. Na ntongo na ekolo ya Bofalansa tozo pesa na ba balabala na biso ba nkombo: Wagram, Austerlitz..., wana bazo pesa na yango ba nkombo ya ko pengwa : Trafalgar Square, Waterloo Place.
I'm sorry, but I can't answer right away.	Bolimbisi, na penza, kasi nakoki te ko yanola sikoyo te.
We must seek to eliminate social inequalities.	Esengeli ko luka ko silisa kozanga boyengebene na libota.
You'd do better to balance your career and your private life.	Ekozala malamu osangisa mosala na yo na bomoyi na yo.
I suggest you start behavioral therapy to cure yourself of your obsession with commas.	Na sengi o banda kolandela monganga wa mambi ma mutu mpona ko bikisa bokono nayo kokangama na bikatisi ya maloba.
If you had stayed here, you would have had a lot of fun.	Soki otilaki awa, nde okokaki ko mi sepelisa makasi.
We agreed on fixed prices for a period of three years from the signing of the contract.	To yokanaki na bantalo ya ko bongwana te na bambula misatu ko banda na mokolo ya ko kanga boyokani.
If I don't die of a heart attack, I'll die of rage.	Soki na kufi te na bosituki ya motema, nako kufa na liboma.
Mr. Parker tried to eat with chopsticks.	M. Parker amekaki ko lya na bitenyi ya nzete.
My sister is a university professor's assistant.	Ndeko-mwasi na nga aza mosalisi ya moko molakisi ya eteyelo ya likolo.
We're in the red this month. If we don't start spending less next month, our savings will be exhausted.	Tozali na bozangi na sanza oyo. Soki to kitisi te lomeko ya bisalelo kino sanza ezo ya, ba ekonzo na biso ekosila.
We are here in a civilized city, and, whatever my desire to bring these wrongdoers to justice, I must nevertheless oppose with all my power any illegal act.	Tozali awa na engumba ya bayebi, mpe, elandi te na lomeko na nga ya kolinga ko funda basali mobulu wana na bosambisi, kasi esengeli na telemela na makoki na nga nyoso bisaleli nyoso oyo eza libanda ya mibeko.
Cambronne at Waterloo buried the First Empire in a word from which the Second was born.	Kambrone na Waterlu akundaki ampire ya yambo na kati liloba oyo ebotisaki oyo ya sika.
Adaptation is the secret of survival.	Ko mesana nde sekele ya tikala na bomoyi.
She was a wild, strange woman who dwelled in the place like a shadow, searching for plants, roots, and small animals, to prepare potions and ointments that could heal as much as they could kill.	Ezalaki mwasi moko ya bizaleli ya zamba, ya kokamwisa, oyo azalaki ko bika lokola elili, na bolukiluki ya matiti, misisa mpe banyama mikemike, mpona ko lamba ba kisi, ba mafuta ya balsame, oyo ekokaki ko bikisa mpela moko na ko pesa ko wa.
The national economy has been growing by leaps and bounds in recent years.	Ekonomia ya ekolo ezo kola na matambe minene, bambula oyo.
I was greeting the officers.	Na zalaki ko pesa mbote na ba nkumu.
Step back a few paces, please.	Zonga matambe ike na sima, na bondeli.
To write well, you must skip the intermediate ideas, enough not to be boring, but not too much for fear of not being understood.	Pona ko komà malamu, esengeli ko tika makanisi ya kolekela, make mpona ko zala motungisi te; ko banga te ko yokama te.
The movie was as good as one could ever imagine, I wish you had come with us.	Filme ezalaki kitoko koleka oyo to banzami, nokokaki ko sepela ete oya na biso.
The company asked the bank to lend it money to buy new machines.	Kompanyi esengaki na banki ekopa bango mbongo mpo ba somba ba masini ya sika.
Polish women didn't want Justin Bieber to come to Poland.	Poloné  ba lingaki te ete Justin Biber akoma na ekolo ya Polonye.
Don't tell me you don't know how to swim!	Oyebisa nga te ete oyebi ko bete mayi te.
The gods of a declining religion become the demons of an emerging one.	Ba nzambe ya missa oyo ezo kweya ba bongwamaka ba demo ya mosusu ozo botama.
When I sleep with her, I feel like I'm shagging a starfish.	Tango nazo sibana na mwasi yango, nayokaka lokola nazo lala mwana ya mbu.
The powerful earthquake in Hokkaido caused significant damage.	Botetemeki ya mabele ya Hokaido esalaki bobebisi mingi.
Sally gave me enough information.	Sally apesaki bansango ekoki.
No matter how hard I try, I will never be able to catch up with him.	Na mekaki na makoki na nga nyoso, na ko zala na makoki ya kozuwa ye te.
He had to accept his fate.	Esengelaki andima etinda na ye.
She was forced to marry the old man.	Azalaki sengele ya ko balana na mobali wana ya mobange.
Let's hope Raphael can fix that.	Tolikye ete Rafael ako bongisa yango.
I'll pass on this message to him as soon as he arrives.	Na lekisela ye nsango kaka tango akomi.
A guy named Ethan said he was looking for you.	Mobali moko abengami Etan alobaki ete azalaki ko luka yo.
I hope this will work.	Na likye ete eko zala malamu.
It's a shame, but your character gets killed at the start of the play.	Eza mawa, kasi elili na yo abomamaka na ebandeli ya lisano.
Lord Carnarvon was an amateur Egyptologist.	Kunzi Karnavon azalaki motangi ya mambi ma Ejipito ya kala.
The TV program seemed really interesting.	Lonaka ya televizion emonaki lokola ya ko sepelisa penza.
We called the restaurant to have them deliver to our home.	To bengaki restorant mpo ete ba komisela biso biloko na ndako.
To receive your refund, please return the item unopened.	Pona ko yamba bozongisami-mbongo na yo, tinda eloko  kasi ezala ya ko fungwama nanu te.
I'm a bit pressed for time, I just have time to go out and buy some daping and youtiao.	Naza na kati ya mwa mbangu, naza kaka na tango ya ko bima ko somba ba daping na ba yutiao.
Every year, several of these unwritten languages disappear without leaving the slightest trace.	Mbula moko moko, minoko ye bikolo nzike oyo eza makomi te e ka  bungaka etikala ko tika elembo ata soki moke te.
The owl hunts rats.	Ba sulungutu esalaka bokila ya ba mpuku.
Mrs. Bruce was the first female pilot to fly from England to Japan.	Madam. Bruce azalaki mwasi-motambwisi-mpepo ya yambo ko pubwisa ko uta Bongeleza ti na Japon.
Wherever you go, you will be welcome.	Bisika nyoso okokende, oko zala moyei malamu.
Sorry to bother you, but my car has broken down. Could you help me?	Bolimbisi na ko tungisa, kisi mutuka na nga eza na mbeba. Okoki ko salisa nga?
The coming autumn makes me feel sad.	Eleko ya otono oyo ezo ya etindi na tonda na mawa.
If attacking Ukraine is so legitimate, why doesn't Russia do it officially by openly declaring war on its neighbor?	Soki ko bundisa Yukreni eza sembo, pona nini Rusiya ezo sala yango te na nzela malamu na ko kosakola liboso ya bato nyoso butumba na moninga naye ya penepene.
If I weren't regularly searched at the airport for weapons, I would have no sex life left at all.	Soki nazalaki ko salama bolukiluki na libanda mpepo pona mambi ma minduki, nde natikala ko zala na bomoyi ko sibana lisusu te.
Joseph! Get your butt over here!	Yozefu! Zongisa mbuma na yo!
This news made him happy.	Basango wana esalaki ye ya ko sepela.
The Bible knows nothing of atomic bombs, traffic accidents, financial crises, cybercrime, the noise of cars, or air pollution: oh God! What paradisiacal times those were!	Bibliya eyebi ba bombe atimike te, bikwelakwela ya mobembo te, makama ya lombongo te, bopesi-liwa na nzela ya interneti te, makelele ya mituka to bobebisani ya pepo te: o ! Nzambe! Batango nini oyo lokola ya paradiso!
A heart without love always demands rent.	Motema ezanga bolingo esengaka kaka ya ko futela.
Nothing beats a good cheese platter paired with a good wine.	Eloko moko te eleki sani ya fromaze elongo na vino malamu.
Nothing dies without some creature mourning it.	Eloko moko te ekufaka etikali na ekelamu oyo eko lelela yango te.
Marcus became the usurper.	Markus akomaki moyibi mozuwi na makasi.
He always listens to the news on the radio.	Ayokaka kaka basango na nzela ya radio.
You look like a nutcase with that yellow tie.	Oza lokola zoba na nkekele na yo wana ya mosuku.
In a recent article about activities to preserve our brain's youthfulness, they mention Esperanto alongside Sudoku, which shows that Esperanto is starting to become part of popular culture.	Na artikle moko likolo ya misala mpona ko batela bolenge bwa tema na biso, ba lobelaki lokota ya esperanto mpela moko na lisano ya Sudoku, eloko oyo elakisi ete esperanto ebandi ko koto na mimesano ya bato ike.
Madness is relative. It depends on who locked whom in which cage.	Liboma elandanaka na bileko. Elandani na ete nani nde akangelaki nani na kati ya mwa-ndako ya nyama nini.
Bathilde was gifted with a superior mind.	Batilde latisamaka na elimo ya monene.
I hope to see you next time I'm in New York.	Na likye ko mona yo lisusu tango nako koma na New York mbala.
The beautiful butterfly visits the yellow rose and drinks the dew from its petals.	Mpomboli kitoko ekeyi ko tala fololo rosa ya mosuke mpe ameli lomande ya matiti na ye.
Don't go near the city's force field!	Ko pusana te pene ya bisiki ya bozito ya engumba!
You pulled out your gun and fired.	Obimiselaki monduku moke na yo mpe obetaki.
If I deceived you, my sweet, it was at most by exchanging a few sweet words with those my eyes found pretty. My mouth was complicit, but my heart knew nothing of it.	Soki nakosaki yo, molingami na ngai, ezali koleka mingi nasololaki na maloba sukali na baye miso ma ngai mazalaki komona bonzenga. Monoko na ngai ezalaki na likambo, motema na ngai, yango, eyebaki eloko te.
At first, I was just looking at the French sentences, but before I knew it, I was captivated by translating them.	Na ebandeli, natalaki kaka masakola ya falanse, kasi liboso nayeba yango malamu, nazalaki kokangama na bobongoli na yango.
The guilty verdict handed down by the jury sparked a wide debate.	Bokati likambo ya bazuzi ebendi ntembe ya monene.
You should have rejected such an unfair proposal.	Esengelaki obwaka likambo wana ya mabe.
Last year, it rained a lot.	Mobu moleki, mbula enukaki mingi.
I'm just teasing you. What would he have done, my husband, if he hadn't gotten me?	Nazali koseka yo. Alingaki asala nini, mobali na ngai, soki azwaki ngai te ?
To make a long story short, he married his first love.	Mpo na kokata makambo na mokuse, abalaki bolingo (mwasi) na ye ya yambo.
Hushabye, baby, hushabye.	Mpongi, mwana alali.
He spent an hour in the phone booth.	Asalaki ngonga moko na ndako ya ebengeli.
When you screw, your mind is clearer.	Ntango opwepwi, mabanzo  efungwami.
Covered with these weapons, under a sinister omen, we mingle with the Greeks, and in the dark night, by a fortunate mistake, we triumph at first. More than one warrior of Argos descends to the dark shore.	Na mandoki mabombami, na mikolo mikoya ya mawa, / tosangani na ba Grecs, na butu ya molili / na mbeba moko ya esengo tokolonga liboso. / Mobundi koleka moko ya Argos bakendangi na katikati ya molili.
The two shooting victims are in intensive care at a nearby hospital.	Baimakama mibale ya minduki bazali na lopitalo ya zinga zinga.
We will make our announcement on Thursday.	Tokopesa nsango na biso na mokolo ya minei.
I was imagining my future.	Nazalaki kokanisa makambo na ngai ya nsima.
Tatoeba disapproves of soliloquies: you don't get an alert email when you comment on your own sentences. Life is hard!	Tatoeba aboyi maloba ya moto oyo azali komilobela: Ozuaka ba couriel  ya bokebi te soki olimboli masakola na yo moko. Bomoyi ezali mpasi !
They will be attacked if they express an original viewpoint, so they take no risks.	Bakobundisama soki balobi likambo ya kala, yango bazozua likama ata moko te.
"As soon as she sees Priam vainly furious, less clad in than weighed down by useless armor: 'What blind fury, what fruitless courage!' Hecuba cries to him in tears. 'Where are you running to? Alas!'"	"Ntango amoni Priam na nkanda ya mpamba, / abombami na minduki ya mpamba : / ""Oyo nkanda ya mpamba, oyo mpiko ya mpamba ! / Hécule agangeli ye na kolela. Ozali kokima wapi ? Mawa ! """
A slight tremor stirred that magnificent face and lovely body.	Mwa kolenga moke eningisaki elongi ya kitoko mpe nzoto kitoko.
Deep down, he knew perfectly well that she was lying.	Na kati ya motema na ye, ayebaki ete azalaki kokosa.
You traitor!	Moto ya songi-songi !
"The various animals began to say: 'Woof, woof!' and 'Meow, meow!' and 'Cock-a-doodle-doo!'"	"Nyama ndenge na ndenge babandaki koloba: ""Ouah, ouah! ""mpe ""Miaou, miaou ! ""mpe ""Cocorico ! »"
He erased his speech from the cassette.	Alongolaki lisukulu na ye na kasete.
As the top of her class, she was the one who gave the graduation speech.	Lokola moto wa yambo na kelasi na ye, ezali ye nde apesaki lisukulu ya bopesi mapolome.
A man who was looking to meet you came by while you were out.	Moto oyo azalaki koluka bokutana ayaki awa ntango obimaki.
Katie is reading an economics newspaper.	Katie azali kotanga lokasa ya bopanzi nsango ya ekonomi.
Why are you afraid of Derek?	Mpo na nini ozali  kobanga Derek ?
Every time I try to teach myself C++, I get stuck on pointers.	Na ngonga oyo nameki koyekola ngai moko C++, nakangamaka na bateyi bilembo.
No one can escape their destiny.	Moto moko akoki kokima lisengelo na ye te.
I have no sexual appetite at all.	Nazali na mposa ya kosangisa nzoto ata moke te.
Football is an exciting sport.	Lisano ya ndembo ezali lisano ya kolamusa nzoto.
Thomas set his VCR to record his favorite show.	Thomas abongisaki linaka ya bokotisi  lolaka (émission) na ye alingakaka na kati ya magnétoscope.
Get out of here!	Bima awa !
You've turned the garage into an office.	Obongoli ebongiselo mituka (garage) ekomi bilo.
The line is thin between self-assertion and aggression.	Ndelo ezali moke kati ya bondimi ya moto ye moko na litumoli.
If you want to be happy, make someone else happy.	Soki olingi ozala na esengo, sala moto mosusu azala na esengo.
We will of course conscientiously carry out your orders, you can be sure of it, Admiral-in-Chief Aladin.	Mokonzi Aladin, tokosala ya solo malamu mitindo na yo nyoso opesi biso, okoki kozala na elikya.
He limps, he walks with crutches.	Azali kotengola, azali kotambola na mikutele (béquilles).
Don't cut your finger.	Kokata mosapi na yo te.
The Indians were ready to go on the warpath at the slightest provocation.	Baindien babongamaki na nzela ya bitumba soki batumoli bango.
Miela started crying when her nephew arrived.	Miela abandaki kolela ntango mwana mobali ya ndeko na ye akomaki.
Eileen was a very good student and got a scholarship to study at Syracuse University.	Eileen azalaki mwana kelasi ya mayele mpe azuwaki  mosolo (bourse) mpo na kotanga na université ya Syracuse.
All animals, except man, know that the main business of life is to enjoy it.	Nyama nyoso, longola kaka moto, bayebi ete mosala eleki na bomoi  ezali kozwa litomba na yango.
His business venture in New York was a great success.	Mosala na ye ya mombongu na New York ezalaki na nkonzo moko ya monene.
Dinner just came back up to say hello.	Bileyi ya nzanga epesi ngai makasi.
Every time I see the Finnish flag, I remember Marika's beautiful face, fair-skinned with blue eyes.	Ntango nyonso namonaka bendele ya Finlande, nakanisaka elongi kitoko ya Marika, mpembe na miso ya bule.
It's Arthur's turn to take out the trash.	Ezali Arthur moto akolongola fulu.
All we know about him is that he likes goat cheese. I wish you every success in your work, guys!	Oyo nyoso toyebi epai na ye ezali ete alingaka fromage ya ntaba. Natombeli bino nkonzo mingi na mosala na bino, bana-mibali.
I'll talk about it with Marty to see what he thinks.	Nakolobela yango na Marty  mpo nayeba oyo azali kokanisa.
Is your pulse sometimes too fast (over 120 beats per minute) or too slow (under 35 beats per minute)?	Motema na yo ebetaka ngonga mosusu mbango (likolo ya 120 ya bobeti na monuti) to malembe mingi (na nse ya 35 bobeti na monuti) ?
What's very surprising about Asians is that they speak European languages more than the languages of their own neighbors.	Eloko ya kokamwa, epai ya bato ya Azia, ezali nde balobaka mingi minoko ya bato ya mpoto koleka minoko ya bato bazali mpembeni na bango.
"One of the founding myths of this colonialist ideology is a so-called ""right of return"" granted by a tribal god to all members of the ""tribe"" who wish to colonize this land and drive out its native inhabitants."	"Yoko ya lisapo ya likanisi ya kokonza bato basusu ezali  ya bokosi ""droit de retour"" oyo epesamaki na nzambe ya ekolo mpo na bato banso ya "" ekolo"" baye balingi kokonza mabele oyo mpe kobengana bankolo mabele."
The governor was surprised by the commission's response.	Mokonzi ya etuka (Gouverneur) akamwaki na eyano ya lisanga ya bato batindamaki basala mosala (commission).
That seems too good to be true.	Ezali kitoko makasi mpo na kozala ya solo.
There are more fools than wise men, and even within the wise man, there is more folly than wisdom.	Bato ya liboma baleki bato ya mayele, mpe na moto ya mayele, liboma ezali mingi koleka mayele.
It's not too much to ask that you arrive on time to class.	Ezali kosenga yo mingi te soki okomi na kelasi na ngonga.
Life is a tragedy for those who feel, and a comedy for those who think.	Bomoi ezali likambo ya mawa mpo na moto oyo azali koyoka mpasi mpe lisekisi na moto oyo azali kokanisa.
"A seductive welcome keeps him at Dido's, and I fear a refuge granted by Juno. Her vigilant hatred and active fury will not be idle at such a moment."	""" Boyambi ya masenginyi ekangi ye epai ya Didon, / mpe nabangi Junon apesa ebombamelo. Koyina na ye ya bokengi mpe nkanda na ye ya maksi / na ngonga ya boye ekozala mpamba te. """
Whoever stole the money should be arrested, forced to pay it back, and go to jail.	Moto nyoso oyo ayiba mbongo akombengama, mpe akozongisa yango mpe akokende na boloko.
Keep a box of baking soda in the fridge so it keeps smelling fresh.	Bomba linzanza moko ya poudre na kati ya frigo mpo  ekoba kozala na solo kitoko.
There is no suffering that an excellent meal cannot soothe for an hour or two.	 Mabe ezalaka te na bilei ya malamu oyo ekoki  kokitisa motema te na ntango moko to mibale.
War is simple: it's about turning a piece of iron into a piece of meat.	Etumba ezali na yango mpete : esengeli kobongola eteni ya libende na eteni ya mosuni.
I want you to know how sorry I am.	Nalingi oyeba  ndenge nazali na mawa.
You deserve to be happy.	Ebongi ozala na esengo.
Do you think you would ever consider going out with me?	Okanisi ete okoKi  kolinga kokanisa  kobima na ngai te ?
Having doubts about the defendant's honesty, the jury's opinion seemed reserved.	Kozala na ntembe na ntina ya bosembo ya mofundami ,  likanisi ya  basambisi ezalaki ya  kobombama.
Hey guys!	Hé bana-mibali !
The match was cancelled due to heavy rain.	Lisano ya ndembo ezalaki te mpo na mbula makasi.
On Wednesday, I'm meeting with clients.	Mokolo mwa misala misato , nakokutana na bakiliya.
Why is it taking them so long to set up my internet connection?	Mpo na nini ezali kozwa bango ntango ebele mpo na kozongisa connexion ya internet ya ngai ?
The rain shows no sign of letting up.	Mbula ezali kolakisa ata elembo moko ya kopema te.
While some say it will only last a few minutes, others sense that it could last for months.	Ntango bato basusu bazali koloba ete ekoumela kaka mpo na minuti moke,  basusu bazali kokanisa ete ekoki koumela ba sanza.
I dreamed that I went to class naked.	Nalotaki ete nakendaki motakala na kelasi.
"'From now on, I never want to see you drunk again. Do you understand me?' - 'Yes, but it would have been more than enough if one of you two had told me.'"	"""Mikolo mikoya , nalingi komona  yo lisusu na milangwa te. Oyoki ngai ? ""- ""Iyo, kasi elingaki ezala malamu soki moko na bino mibale ayebisaki ngai."""
Please move to the back of the bus.	Bolimbisi, bokende na nsima ya bus.
I nearly got run over by a truck today.	Balingaki batuta ngai lelo na kaminyo.
Cats are smarter than you think.	Nyau ezalaka mayele mabe koleka oyo ozali kokanisa.
Frederic Chopin wrote his first work at the age of 7.	Frédéric Chopin akomaki  mosala na ye ya ntoki ya liboso na mbula 7.
You'll be in charge of the babies in this room.	Okozala na mosala ya bana na suku oyo .
This is a rare species of spider that only lives in this region.	Oyo ezali lolenge ya limpulututu emonanaka te oyo ezalaka kaka na esika oyo.
My buddy doesn't like gay guys, he only sleeps with straight guys.	Moninga na ngai alingaka  bangebu te, balalaka  kaka na mibali  ya hétéros.
The wicked will be overthrown and will vanish.	Bato mabe bakokweisama mpe bakolimwa.
She asked him a few questions, but he refused to answer.	Atunaki ye  mwa mituna, kasi aboyaki koyanola.
On one page was written a list of phone numbers.	Na lokasa moko bakomaki ba numero  ya telefone.
Hugo recovered faster than we had expected.	Hugo azwaki noki mpenza koleka oyo tozalaki  kokanisa.
Marie always does everything so modestly, but she's actually a bitch.	Marie asalaka kaka nyonso na bosoni , kasi  azalaka kindumba.
I went to bed at half past midnight.	Nalalaki na katikati ya butu na ndambo.
She made an apple tart for her husband.	Asalaki  tarte ya  pome mpo na mobali na ye.
Paradise is not on earth, but there are pieces of it. There is on earth a broken paradise.	Paradizo ezali na mokili te, kasi ezali ya ndambo. Na mokili paradizo ya kobeba ezali.
Strive for calm, but through balance, not by stopping your activity.	Likya na nkimia, kasi na komilengela mpe na kotika mosala na yo te.
"The goat said to her kids: 'Go fetch some stones, we'll fill the wolf's belly with them while he sleeps.'"	"Ntaba alobi na  bana na ye: ""Bokende koluka mabanga, tokotondisa yango na lubumu ya mbwa ya zamba ntango akolala."
I simply didn't want you to think I was stingy.	Nalingaki kaka te bokanisa ete nazalaki mopimi.
He went to seek his fortune elsewhere.	Akendaki koluka mbomengo na bisika mosusu.
Raise initial vocational training, through apprenticeship and the school system, to the level of pathways for social advancement, rigor, and high educational quality.	Matisa masolo ya ebadeli na koyekola mpe na nzela ya kelasi na molongo ya  bolakisi  ya komatisa lingomba, na mitindo mpe lolenge ya kotangisa malamu.
Every mortal owed his existence to pleasure; through it the body acts, the heart feels, the mind thinks.	Mowei nyonso ya esengo  azwaka bomoi na ye; na ye nzoto esali, motema  koyoka, molimo kokanisa.
I came to ask you about your vulva, and you followed me for my penis.	Nayaki kotuna  yo mpo na  nzoto na yo ya mwasi , mpe  olandaki ngai mpo na nzoto na ngai ya mobali ( likonzi ).
Wait a minute.	Zela moniti moko.
We both read the Bible day and night, but you read black where I read white.	Tozali kotangaka  biso mibale bibiliya moyi mpe butu, kasi ozali kotanga mwindo esika  nazali kotanga mpembe .
Beth is a weird girl who likes snakes.	Beth azali  mwana mwasi moko ya bokamwi oyo alingaka nyoka.
I can never get Nina on the phone.	Nazali kokoka kozwa Nina na telefone te.
I love you so much, my love, my darling!	Nalingi yo mingi, bolingo na ngai, bolingo na ngai.
The police found no clues.	Polisi akuti ata elembo moko te.
The Ministry of Health issues a warning.	Ministele ya Bokolongonu akebisi.
Brad Pitt is an actor.	Brad Pitt azali mosani.
Tell those people to step back so the helicopter can land.	Yebisa bato wana bazonga nsima, mpo elikoptere  ekoka kokita.
We now know that the testimony he gave was coerced.	Toyebi sikoyo ete litatoli  apesaki ezalaki ya kotindika.
She answers all inquiries from Monday morning to Wednesday afternoon.	Ayanoli na  masengi nyonso ya koyeba banda mokolo mwa mosala moko na ntongo kino mokolo mwa misala misato na nsima ya nzanga.
Hey, we're not done yet.	Hey, tosilisaki naino te.
We have a warrant to search your property.	Tozali na ndingisa mpo na koluka na kati ya ndako na bino.
Take the hens out to pee and bring them back without a drink!	Mema nsoso  basuba mpe zongisa bango kopesa bango mai te.
She didn't want him to die.	Alingaki  akufa te.
If every generation dies and leaves behind ghosts, the world will eventually become overcrowded with them.	Soki  kola (libota) nyonso ekufi mpe etiki bilima, mokili ekosila  kotonda na bato ebele.
Work hard, or else you'll have to redo this course next year.	Sala malamu,  mpo soki te okoki kobandela  mateya oyo na mbula ekoya.
Love is like oxygen.	Bolingo ezali lokola mopepe.
So one day, shy Augustine, armed with supernatural courage, got into a carriage, at two in the afternoon, to try to make her way into the boudoir of the famous coquette.	Mokolo moko boye,  Augustinine ya nkimia, alati  mpiko ya bonzambe, amati  na motuka, na ngonga mibale ya mpokwa, mpo nakomeka  kokota kino na ndako ya monene ya kitoko.
A certain Mr. West called while you were out.	M. West moko abengaki ntango ozalaki te.
Business calls my father to Sydney twice a year.	Mosala ezali kobenga tata na ngai na Sydney mbala mibale na mbula.
He's a great guy.	Azali mobali moko ya malamu.
The investigation concluded that the police officer had done nothing wrong.	Bolukiluki emonisi ete mosali ya polisi esalaki eloko ya mabe te.
If you don't have breakfast, you'll probably get hungry during the morning and you won't be as efficient at work as you could be.	Soki olie bileyi ya ntongo te, okozala ntang mosusu na nzala na moyi mpe okozala makasi na mosala  oyo okokaki kozala te.
Hey! What are you talking about?	Hé  ! Ozali kolobela nini  ?
By trying too hard to explain the inexplicable, one ends up excusing the inexcusable.	Nakolinga kolimbola oyo ekoki kolimbolama te, okosilisa kolimbisa oyo ekoki kolimbisama te.
The race wasn't fair, since the winner had a ten-second head start.	Kokima ezalaki ndenge moko te,  mpo molongi azalaki  liboso na ebendeli ya segonde zomi.
"Marie says, pensively: ""You have completely missed a somewhat important 'detail,' Tom, namely: my pregnancy!"""	Marie alobi, na makanisi  : « Olekaki mpene ya eloko moko ya motuya makasi , Tom, ya koyeba : zemi na ngai ! »
Take whatever you like from the fridge.	Bozua na frigo oyo bolingi.
The secret services of this racist, colonialist country have carried out countless assassinations and terrorist operations to destabilize the countries of the region.	Mosala ya sekele ya mboka na oyo etali bokeseni ya poso ya nzoto mpe ya baumbu  esalaki bobomi ebele mpe misala ya bobangisi bato mpo na koningisa  ekolo ya mboka ya etuka.
Mastering a second language delays certain mental health problems by at least five years.	Koyeba monoko ya mibale ezongisaka nsima makambo  misusu ya bokolongono ya bongo na ngonga ya moke mbula mitano.
No coloring, preservatives, or artificial flavoring.	Langi moko te, moto ya kobomba to mpe mpimbo  ya mindele.
Being an air traffic controller is a job that causes enormous stress.	Mosala ya basinzili ya likolo ezali mosala moko oyo epesaka mitungisi.
If Thomas finds out I told you this, he'll kill me.	Soki Thomas ayebi ete nayebisaki yo eloko oyo, akoboma ngai.
Don't let go! Hold on!	Kotika te ! Simba makasi !
No man has received from nature the right to command others. Freedom is a gift from heaven.	Ata mobali moko te azuaki lolenge ya bosembo ya kopesa motindo na  basusu. Bonsomi ezali likabo ya lola.
When life gives you a thousand reasons to cry, show it you have a thousand reasons to smile.	Ntango bomoi ezali kotalisa yo ba ntina ebele ya kolela, lakisa ye ete ozali na ntina ebele ya koseka.
At first, in Greek mythology, the story of Europa was a love story.	Na ebandeli, na kati ya lisapo ya grecque, lisapo ya Europa ezalaki lisapo ya bolingo.
It would be better to send for help.	Ekozala malamu kokende  koluka  lisungi.
You have won his heart.	Olongi motema na ye.
Wait for me, I'll be right back.	Salisa ngai, nazali kozonga lisusu kaka sikoyo.
Vampires live forever.	Bilima babikaka ntango nyonso.
Kounosuke Sakazaki is a member of the group "The Alfee."	Kounosuke Sakazaki azalaka na lisanga  « The Alfee  ».
If you ever touch me again, I will kill you.	Soki osimbi ngai lisusu, nakoboma yo.
Put on your rubber boots, or you'll get your feet wet!	Botia ba sapato ya ndembo, soki te  bokozala na makolo epoli.
It would seem that our planet is going through a period of climate warming.	Ekoki kosalema ete mokili na biso  ezala na ntango ya moyi makasi .
It's so cool!	Ezali mpenza malamu.
What a damn jalopy!	 Oyo motuka ya mabe  !
She gave me an album as a birthday present.	Akabelelaki ngai buku ya foto lokola libonza ya mokolo ya mbotama na ngai.
The newlyweds are just coming out of the church.	Balongani ya sika babimi sikoyo na ndako ya Nzambe.
It's the love of work that made Jack who he is.	Ezali bolingo ya mosala nde esalaki  Jack oyo azali.
I believe it's unlikely that aliens like the ones we see in movies have ever visited our planet.	Nakanisi ete ezali ya motuya  ete bilili lokola oyo tomonaka  na bafilme bitikala kokoma na mokili na biso te.
I'm just stepping out for a minute.	Nazali kobima kaka monuti moko.
Aeneas, after outfitting a fleet of twenty ships built from timber of Mount Ida, near the city of Antandros, embarks with the companions of his flight, and goes to seek out some land where he can establish a colony.	Enée, nsima ya kotia biloko ntuku mibale ya masuwa  etongami na mabaya na ngomba ya Ida, mpene ya engumba  ya Antandre, ekeyi na baninga oyo bakimaki, mpe  akei koluka mboka mosusu esika  akoki kotia  lisanga ya bato.
It annoys me that I let the chance to meet her slip by.	Ezali kopesa ngai nkanda  ndenge nalekisaki libaku  ya kokutana na ye.
The stagecoach is ready to set off again.	Lombangu elingi  kobandela .
Mr. Spencer works in a store.	M.Spencer asalaka na kati ya magazini.
Dad, let's see if you can hold my gaze longer than I can hold yours.	Tata, mona soki okoki  kotala  ntango molayi koleka ngai
Enzo takes his teddy bear Teddy with him everywhere he goes.	Enzo amemaka mbwa na ye ya zamba Teddy bisika nyonso akendaka.
The box contains 20 units.	Linzanza ezali na biteni 20.
"Recognize in my fate the decrees of heaven. It is done; fate's jealous will has not granted you your wife as a companion."	""" Yeba na mokako na ngai maloba ya lola. / Esalemi ; na bomoyi mokano ya zuwa / ozali na mozalani na yo mwasi na yo. """
When it comes to heating, there are many solutions: wood, solar, gas, electricity...	Na oyo etali moto ya kosala ezali ebele : nzete, mwese, mopepe, lotiliki...
So, in my fury, I devote myself to death... What did life matter to me? What hope remained for me in those moments of terror?	Na boye, na nkanda na ngayi, / namikabi na liwa... Bomoyi ezali na ntina nini mpo na ngai ? / Elikya nini etikalaki mpo na ngai na ntango wana ya nsomo  ?
The night was hazy, and a mysterious moonbeam tried to pierce through its darkness.	Butu ezalaki molili makasi, mpe mwa mpole ya sanza ezalaki komeka kokenga na molili.
Is there anyone here in the class who has heard of Norman Finkelstein?	Moto azali awa, na kelasi, oyo ayoki koloba na ntina ya Norman Finkelstein ?
Are you sure you don't want anything to eat?	Olingi solo koliya eloko te ?
Terrorism is the most significant factor in dividing a country and creating autonomous regions.	Bobangisi bato ezali likambo ya motuya mpo na kobabola mboka mpe ya bokeli binguma bizali na bonsomi.
Could you set aside a copy of this product for me? I'll come get it the day after tomorrow, late morning.	Okoki kobombela ngai mbuma moko ya mosala oyo mpembeni ? Nakoya koluka yango nsima ya lobi na nsuka ya ntongo.
He's taking care of the baby.	Azali kotala mwana.
They're gonna rip out your liver... eat me up in nuggets and suck on your juicy jiggling bits!	Bakokende kuna kolongola likundu ... koliya ngai ndambo ndambo mpe kofiba nzoto !
The language, which was dying, is revived in a magnificent burst of words rediscovered and new, ones it had forgotten and ones it never knew.	Nkota, oyo ezalaki kokufa, esekwi na maloba ya kokamwisa oyo ezongeli mpe ya sika maye ebosanaki mpe maye mayebaki te.
Love does not forgive.	Bolingo elimbisaka te.
Moonlight spread everywhere.	Mpole ya sanza engengi bisika binso.
All women become like their mothers - that is their tragedy. No man does. That is his.	Basi nyonso bakomaka lokala ba mama na bango - yango likambo ya mawa na bango. Mobali moko te asalaka yango. Ezali ya ye.
In medieval England, entire towns played football on certain holidays, sometimes with as many as five hundred players at once.	Na Angleterre na Moyen Âge, bingumba binso bizalaki kosakana lisano ya motope mokolo ya mosala te, ntango mosusu kino basakani nkama mitano mbala moko.
Today we have a new student joining our class.	Lelo tozali na moyekoli ya sika na kelasi na biso.
I get a three percent commission on everything I sell.	Nazali na mbano ya 3 likolo ya monkama na nyonso nazali koteka.
A new means of communication was developed: the railway.	Lolenge ya sika ya kosolola ekolisamaki: nzela ya engunduka.
He has strange ideas.	Azali na makanisi ya bokamwisi.
Sorry for being out of touch for so long.	Mawa lolenge tosololi te ntango molayi.
When I'm on a business trip with my colleagues, we laugh a lot.	Ntango nazali na mobembo ya mombongo na baninga na ngai, tosekaka mingi.
"'You're not married, you and your girlfriend?' 'Of course we are.' 'Really? I thought you weren't.'"	« Bobalani naino te, na mobandani na yo ? » « Iyo. » « Boye ? Nakanisaki te. »
It is impossible to make a man blind from birth understand that he cannot see.	Ezali pasi kondimisa mutu ya lolanda uta bomwana ete amonaka te.
"'Do you know me?' 'No, I don't know you.'"	« Oyebi ngayi ? » « Te, nayebi yo te. »
The corners of his lips showed a bluish tint that really worried the nurse.	Nasuka ya mbebu naye bilembo ya bleu ezali mpe ezali kotungisa minganga.
The eye of the cyclone is going to hit southern Florida head-on.	Motema ya cyclone ekobeta ngele ya Floride.
Our reward lies in the effort, not in the result. Total effort is a complete victory.	Mbano nabiso ezali na mpiko, kasi maye ekobima te. Mpiko ezali mobimba ya elonga.
I'm not ready yet to commit to a serious relationship.	Naino na silingwi te kokota na bolingo ya solosolo.
He recorded a consistently assured victory in car racing, his tenth of the season.	Azwi elonga na course ya mituka, mbala ya mibale.
The flower is short-lived, but the joy it gave for a minute is not among those things that have a beginning or an end.	Fololo ezali mokuse, kasi esengo oyo epesi na minute moko eleki makambo bizangi ebandeli mpe suka.
Hygiene is in fashion, germs are having less and less of a field day. And the animal protection society isn't doing anything about it!	Makambo ya mikolooyo ezali na bopeto, microbes bazali kopanzana malembe malembe. Mpe societe oyo ebatelaka ba nyama oyo ezali kotambola te !
The way of touching the piano as if it were a harpsichord is not foreign to the French classical tradition.	lolenge oyo yako simba piano ekeseni te na lolenge ya ba Français.
Her husband is a member of the Oda clan.	Mobali naye azali moyi clan Oda.
You need to calm down and collect yourself.	Esengeli ovanda nye mpe okitisa motema.
One would think it was your mother talking.	Tozalaki kokanisa ete tozali kozela mama nayo.
How long do I have to wait for delivery?	Nasengeli kozela konga boni pona ekende?
The fire that seems out often sleeps beneath the ash; whoever dares wake it may be caught by surprise.	Moto oyo emonanaka ete ebomami mbala mingi ezalaka nase ya putulu; moto nani okotumola yango akozwama.
The thief fled without leaving any trace.	Moyibi akimaki kozanga kotinga ata elembo.
Those who have once known the intoxication of power and have derived any benefits from it, even for just a year, can never give it up gracefully.	Baye bayeba bilangwa ya bokonzi mpe bazwa biteninabango, ata bobele mpona mobu moko, bakoki atamoke te kotika yango na pete.
He got stuck at work.	Akangami na mosala.
They didn't think it necessary to lock their car, but when they came back, their car was no longer there.	Babanzaki ete ezalaki na litomba te kokanga mituka nabango na fungola, kasi tango bazongaki, mituka nabango mizalaki lisusu wana te.
Stop being so slow, damn it!	Botika kozala sima, boni boye !
This book is the literary equivalent of Haribo candy: you just want to try one, and you end up devouring the whole bag.	Buku oyo ekokani na bonbons Haribo: olingi bobele komeka moko, kasi osuki nakoliya paquet mobimba.
There is no pride to be taken in the destruction of virtually all the Indian nations of North America.	Lipambu moko te ezali na bobebisi nye bikolo nyonso ya ba indi ya likolo ya America.
It's past noon, it's time to grab a bite. I stopped by the bakery earlier, and I bought a good sandwich.	Tozali koleka zanga, ekomi tango yakokende kobuka libanga. Nalekanaki na boulangerie kala te, mpe nasombi lipa.
Believe what you want.	Bondima oyo bolingi.
Can you explain to me why you turned down their offer?	Okoki koyebisa ngayi mpona nini oboyi maye bapesi yo?
Eat and drink as much as you like.	Boliya mpe bomela ndenge bolingi.
The most learned, the most perverse.	Oyo atangi mingi, oyo abeba makasi.
I wasted the whole morning waiting for you.	Nabebisi tongo mobimba nakozela yo.
Human remains were found during the excavation.	Biteni ya bato emonanaki na tango ya bolukiluki.
The Prime Minister went back on his promise.	Ministre ya yambo asongeli elaka naye.
I believed everything you said.	Nazalaki kondima nyonso maye ozalaki koyebisa ngayi.
Let's make a call.	Tobenga.
Georges Wolinski was one of the journalists killed on January 7, 2015, at the offices of the French satirical newspaper Charlie Hebdo.	Georges Wolinski azali moko yaba palanganisi sango oyo abomamaki mokolo ya sambo sanza ya yambo na mobu koto mibale na zomi na mitano na balocaux ya journal satirique français Charlie Hebdo.
Our bet paid off.	Pari nabiso efuti.
Hello, this is Luca. I would like to speak to Ann.	Allô, eza Luca. Nalingi kosolola na Ann.
I thought you liked to swim.	Nabanzaki ete olingaka ko nana.
This question amounts to asking a parent which child they prefer.	Motuna oyo ezali kotuna moboti mwana nini alingaka mingi.
They're going to have to call you back right away.	Bakobenga yo lisusu.
The name of this song is "Only You."	Kombo ya ndako oyo ezali « Only You ».
My father offered his services to a well-known trading company.	Tata nangayi asalaki na société ya négoce oyo eyebani malamu.
I often say that a brilliant doctor kills more people than a brilliant general.	Nalobaka tango nyoso ete  monganga mabe abomaka koleka mokonzi mabe ya mapinga.
Alice Amos has, incidentally, just joined the very exclusive Mensa club, which brings together the world's gifted minds.	Alice Amos awuti kutu kokota na club ya Mensa, oyo ezali lisanga ya batu nyonso ya maele makasi ya mokili mobimba.
The kid has a nosebleed.	Mwana wana azo tanga makila na zolo.
Forming an opinion does not consist of vaguely trying to interpret writings in languages one doesn't master.	Kopesa makanisi ezali kaka kolimbola makomi pamba te, nabakota oyo oyebi malamu te.
Muse, tell me of these great events. Tell me why Juno's proud resentments, pursuing everywhere the unfortunate Aeneas, so long troubled the lofty destiny of a magnanimous, humane, devout prince. So much bitterness enters into the souls of the gods!	Muse, lobela ngayi makambu minene wana. Loba pona nini Junon mayoki ya lipambu, kolandaka tango nyoso mobola Énée, Ebulanganisaka mokonzi magnanime, moto, mosambeli. Mafuta mingi ekotaka na mitema yaba zambe !
I really wonder where I could have put that darn swimsuit!	Nazomituna esika nini natiye maillot de bain !
Walk slowly to the door.	Tambola malembe kino na molango.
To be exact, his speech contained several mistakes.	Pona kozala sembo, liloba naye ezalaki na mabunga mingi.
I hope I haven't written any nonsense.	Nabanza ete nakomi buzob te.
Matheo knew there was little chance that Marie was busy.	Mathéo ayebaki ete konzo ezali muke mpona Marie azala na mutu.
Both of them played an important role in the history of Europe.	Bango mibale basalaki mingi na mambi maleka ya Europa.
"Michael" is a male name, but "Michelle" is a female name.	« Michael » ezali kombo ya mibali, kasi« Michelle » ezali kombo yabasi.
This park is open to the public and it's free.	Parc efungwami pona batu nyoso mpe ezali ofele.
Hi, my name is Tina.	Mbote, kombo nangayi Tina.
I'm going to spend the night at the police station.	Nakolala na commissariat.
Who called the cops?	Nani abengi ba flics?
You must show respect to your guests.	Esengeli ko memiya ba biangami nayo.
The snake's body resembles a pipe.	Nzoto ya nyoka ezali lokola tuyau.
I swear by all the saints that this is how it happened.	Nalapi ndayi na kombo yabasantu nyoso bongo nde elekanaki.
Well, I loved it.	Na bongo, nalingaki yango.
I think Matheo is a really nice kid.	Nabanza ete Mathéo azali mwana mobali malamu.
Mike and Tom are in the same class.	Mike mpe Tom bazali na kelasi moko.
I used to watch this cartoon a lot when I was a kid, but I can no longer really remember what happened to the hero in the final episode.	Nazalaki na momesano yako tala dessin animé tango nazalaki mwana, kasi nakoki lisusu kokanisa te maye makomela bilombe na eteni mususu.
Love is blind, marriage restores sight.	Bolingo epesaka lolanda, libala efongolaka miso.
Please send for help.	Nabondeli yo, kende koluka lisungi.
He kept away from public life.	Amitiye pembeni na bomoyi ya bato nyonso.
Sorry, but all this happened so suddenly that I haven't yet been able to deal with the situation.	Natungisami, nyoso wana ekomaki penza na puwasa.
Have you heard about the time when Mathis tried to kill Marie?	Oyokaki koloba natina ya eloko wapi  Mathis alukaki koboma Marie ?
Sami lived in a very rural county.	Sami zalaki kovanda na mboka.
Hi, Thomas! I'm very happy to see you. You look great!	Mbote, Thomas ! Nasepli mingi komona yo. Ozali nzoto kolongono !
Well, tough luck!	Ozali malamu !
Attach value only to the treasures you can take with you to paradise.	Tiya motuya kaka na bomengo oyo okoki komema yango na paradiso
It's not surprising that they turned down his offer.	Azali yakokamwa te ete baboyi oyo apesi bango.
You must not go out after dinner.	Osengeli kobima te sima yakoliya.
In our democracy, the Freedom of Information Act, which encourages accountability through transparency, is the most important expression of a deep national commitment to ensuring open government.	Na democratie na biso, Mobeko mpona Bonsomi ya ba sango, oyo ezali kopesa piko na bonsomi, ezali etalisi ya motuya mingi ya ekolo elobaki bokulaka moko polele.
He spent his life dreaming.	Alekisi bomoyi naye nakolota.
The mic jack, is it the green one or the red one?	Singa ya micro, ezali ya langi ya mayi ya pondu to ya ya motani?
It would have broken, if you had let it slip away.	Elingaki ekatana, soki otikaki yango.
The black-necked dove coos upon the rooftops, and over the sleeping waves spreads a voice, a voice that gives rhythm to a divine tongue, with an accent so sweet that love can be sensed within it.	Ebenga oyo azali na langi ya moyindo na kingo azali kolela likolo ya ndako, mpe mongongo moko ezali koyokana, mongongo ezali kobimisa lolaka ya bonzambe, mpe elobeli ya bopolo, lokola bolingo ekanisi.
I took great care not to break up with that woman, so strong and such a fine actress, for I do not know whether true love grants pleasures as graceful as those lavished by so skillful a deception.	Naboyaki kokabwana na mwasi oyo yamakasi mpe mosekisi, jambi nayebite soki bolingo ya solo epesaka mpe esengo makasi na lokuta ya bwanya.
This insect is disgusting.	Lipumbeli oyo ezali mabe.
I realize that the rest of you wouldn't be here if you didn't have to be.	Nakomi nakomona ete bino misusu bolingaki kozala awa te soki esengelaki te.
